game_id,game_date,shot_number,game_shot_number,period,minutes_remaining,seconds_remaining,action_type,shot_type,shot_distance_ft,shot_zone_basic,shot_zone_area,shot_zone_range,loc_x,loc_y,shot_made,event_type,streak,rolling_3_fg_pct,rolling_5_fg_pct,rolling_10_fg_pct,rational_belief_before,rational_belief_after,cognitive_belief_low_bias,cognitive_belief_medium_bias,cognitive_belief_high_bias,divergence_low_bias,divergence_medium_bias,divergence_high_bias
22500002,2025-10-21,1,1,1,11,39,Fadeaway Jump Shot,2PT Field Goal,13,In The Paint (Non-RA),Center(C),8-16 ft.,-60,125,1,Made Shot,0,,,,0.4756348661633493,0.47599451303155005,0.4756348661633493,0.4756348661633493,0.4756348661633493,0.0,0.0,0.0
22500002,2025-10-21,2,2,1,10,18,Step Back Jump shot,3PT Field Goal,25,Above the Break 3,Center(C),24+ ft.,18,259,0,Missed Shot,1,1.0,1.0,1.0,0.47599451303155005,0.4756682659355723,0.8426904598490048,0.8426904598490048,0.8426904598490048,0.36669594681745477,0.36669594681745477,0.36669594681745477
22500002,2025-10-21,3,3,1,9,7,Jump Shot,3PT Field Goal,26,Above the Break 3,Left Side Center(LC),24+ ft.,-88,248,1,Made Shot,-1,0.5,0.5,0.5,0.4756682659355723,0.476027397260274,0.43092575396665184,0.3426904598490048,0.2063268234853684,0.044742511968920484,0.1329778060865675,0.2693414424502039
22500002,2025-10-21,4,4,1,7,36,Step Back Jump shot,3PT Field Goal,27,Above the Break 3,Left Side Center(LC),24+ ft.,-167,217,0,Missed Shot,1,0.6666666666666666,0.6666666666666666,0.6666666666666666,0.476027397260274,0.4757015742642026,0.6189461676115618,0.6632032803618253,0.7796273967859417,0.14291877035128786,0.1871758831015513,0.30359999952566774
22500002,2025-10-21,5,5,1,5,23,Running Layup Shot,2PT Field Goal,2,Restricted Area,Center(C),Less Than 8 ft.,2,28,0,Missed Shot,-1,0.3333333333333333,0.5,0.5,0.4757015742642026,0.47537619699042405,0.43092575396665184,0.3426904598490048,0.20632682348536843,0.044775820297550784,0.1330111144151978,0.2693747507788342
22500002,2025-10-21,6,6,1,5,14,Step Back Jump shot,3PT Field Goal,28,Above the Break 3,Left Side Center(LC),24+ ft.,-167,228,0,Missed Shot,-2,0.3333333333333333,0.4,0.4,0.47537619699042405,0.4750512645249487,0.3269860135614565,0.22144894675492138,0.1490535234796411,0.14839018342896754,0.25392725023550267,0.3263226735107829
22500002,2025-10-21,7,7,1,4,7,Pullup Jump shot,2PT Field Goal,12,In The Paint (Non-RA),Center(C),8-16 ft.,-61,110,1,Made Shot,-3,0.0,0.2,0.3333333333333333,0.4750512645249487,0.47540983606557374,0.2643253874458455,0.17399950168436243,0.14332676048530543,0.21072587707910323,0.3010517628405863,0.33172450403964326
22500002,2025-10-21,8,8,1,3,12,Step Back Jump shot,3PT Field Goal,27,Above the Break 3,Center(C),24+ ft.,-82,260,0,Missed Shot,1,0.3333333333333333,0.4,0.4285714285714285,0.47540983606557374,0.4750853242320819,0.45340655648630174,0.5758725053122918,0.7727541528553741,0.022003279579272006,0.1004626692467181,0.29734431678980033
22500002,2025-10-21,9,9,2,7,49,Turnaround Jump Shot,2PT Field Goal,15,Mid-Range,Center(C),8-16 ft.,-51,144,1,Made Shot,-1,0.3333333333333333,0.2,0.375,0.4750853242320819,0.47544338335607095,0.3544893472265334,0.31579283221976173,0.20569682347906842,0.12059597700554847,0.15929249201232015,0.26938850075301346
22500002,2025-10-21,10,10,2,5,5,Pullup Jump shot,2PT Field Goal,8,Mid-Range,Right Side(R),8-16 ft.,82,34,0,Missed Shot,1,0.6666666666666666,0.4,0.4444444444444444,0.47544338335607095,0.47511929107021134,0.5071084107222907,0.6320143043588999,0.7789910967853055,0.03166502736621979,0.156570921002829,0.3035477134292346
22500002,2025-10-21,11,11,2,3,44,Fadeaway Jump Shot,2PT Field Goal,11,In The Paint (Non-RA),Center(C),8-16 ft.,-54,105,1,Made Shot,-1,0.3333333333333333,0.4,0.4,0.47511929107021134,0.47547683923705725,0.39460508496463265,0.33838920883014595,0.20632052348536778,0.08051420610557869,0.1367300822400654,0.26879876758484356
22500002,2025-10-21,12,12,2,1,52,Driving Floating Jump Shot,2PT Field Goal,5,In The Paint (Non-RA),Center(C),Less Than 8 ft.,11,54,1,Made Shot,1,0.6666666666666666,0.6,0.4,0.47547683923705725,0.4758339006126617,0.5317423492308997,0.6409826511303154,0.7790534662183684,0.056265509993842444,0.16550581189325814,0.3035766269813111
22500002,2025-10-21,13,13,2,0,19,Step Back Jump shot,3PT Field Goal,29,Above the Break 3,Center(C),24+ ft.,64,290,1,Made Shot,2,0.6666666666666666,0.6,0.5,0.4758339006126617,0.47619047619047616,0.6263360814311291,0.7620093668528805,0.8363267604859983,0.1505021808184674,0.2861754662402188,0.3604928598733366
22500002,2025-10-21,14,14,3,11,31,Driving Floating Jump Shot,2PT Field Goal,13,In The Paint (Non-RA),Center(C),8-16 ft.,36,125,1,Made Shot,3,1.0,0.8,0.5,0.47619047619047616,0.47654656696125086,0.6918774184852847,0.8104183475177251,0.8420540899127047,0.21568694229480856,0.33422787132724896,0.36586361372222853
22500002,2025-10-21,15,15,3,10,47,Driving Floating Bank Jump Shot,2PT Field Goal,3,Restricted Area,Center(C),Less Than 8 ft.,9,36,1,Made Shot,4,1.0,0.8,0.6,0.47654656696125086,0.47690217391304346,0.7374302809177609,0.8297816668945075,0.8426268228553748,0.26088371395651,0.35323509993325664,0.36608025589412396
22500002,2025-10-21,16,16,3,8,28,Jump Shot,3PT Field Goal,25,Right Corner 3,Right Side(R),24+ ft.,240,72,0,Missed Shot,5,1.0,1.0,0.7,0.47690217391304346,0.47657841140529533,0.7691589684930276,0.8375269509836414,0.8426840961496418,0.2922567945799841,0.3606247770705979,0.36578192223659833
22500002,2025-10-21,17,17,3,6,57,Fadeaway Jump Shot,2PT Field Goal,14,In The Paint (Non-RA),Center(C),8-16 ft.,-64,134,1,Made Shot,-1,0.6666666666666666,0.8,0.7,0.47657841140529533,0.4769335142469471,0.5805917517777405,0.4206248772447822,0.21268982347906842,0.10401334037244514,0.05595353416051313,0.26388858792622694
22500002,2025-10-21,18,18,3,5,48,Driving Layup Shot,2PT Field Goal,3,Restricted Area,Center(C),Less Than 8 ft.,1,32,1,Made Shot,1,0.6666666666666666,0.8,0.7,0.4769335142469471,0.47728813559322036,0.6594047071823659,0.6738642703135123,0.779690396212011,0.1824711929354188,0.19693075606656518,0.3027568819650639
22500002,2025-10-21,19,19,3,5,29,Pullup Jump shot,3PT Field Goal,27,Above the Break 3,Center(C),24+ ft.,-65,267,0,Missed Shot,2,0.6666666666666666,0.8,0.8,0.47728813559322036,0.47696476964769646,0.7144801185311085,0.7751599909957967,0.8363904534853053,0.23719198293788812,0.2978718554025763,0.3591023178920849
22500002,2025-10-21,20,20,3,3,33,Fadeaway Jump Shot,2PT Field Goal,9,Mid-Range,Left Side(L),8-16 ft.,-89,37,1,Made Shot,-1,0.6666666666666666,0.6,0.7,0.47696476964769646,0.47731888964116453,0.5427474646743554,0.3956782618766072,0.21206045921263483,0.06578269502665895,0.08128650777108926,0.26490431043506163
22500002,2025-10-21,21,21,3,1,40,Driving Floating Bank Jump Shot,2PT Field Goal,2,Restricted Area,Center(C),Less Than 8 ft.,2,27,1,Made Shot,1,0.6666666666666666,0.6,0.8,0.47731888964116453,0.4776725304465494,0.632802219956899,0.6638855836090163,0.7796274597853678,0.15548333031573447,0.18656669396785175,0.3023085701442033
22500002,2025-10-21,22,22,3,0,28,Step Back Jump shot,3PT Field Goal,26,Above the Break 3,Right Side Center(RC),24+ ft.,130,234,0,Missed Shot,2,0.6666666666666666,0.8,0.8,0.4776725304465494,0.47734956051386074,0.6958038812418719,0.7711685098248446,0.8363841598426411,0.21813135079532248,0.29349597937829525,0.35871162939609175
22500002,2025-10-21,23,23,4,7,16,Fadeaway Bank shot,2PT Field Goal,5,In The Paint (Non-RA),Center(C),Less Than 8 ft.,-23,50,1,Made Shot,-1,0.6666666666666666,0.6,0.7,0.47734956051386074,0.4777027027027027,0.5298049522133359,0.3940816791759626,0.2120598298483684,0.05245539169947516,0.08326788133789814,0.26528973066549233
22500002,2025-10-21,24,24,4,5,56,Driving Floating Jump Shot,2PT Field Goal,4,In The Paint (Non-RA),Center(C),Less Than 8 ft.,13,42,1,Made Shot,1,0.6666666666666666,0.6,0.7,0.4777027027027027,0.47805536799459825,0.623696301390167,0.6632469477691962,0.7796273968489411,0.14599359868746425,0.18554424506649353,0.3019246941462384
22500002,2025-10-21,25,25,4,4,50,Pullup Jump shot,2PT Field Goal,3,Restricted Area,Center(C),Less Than 8 ft.,27,16,1,Made Shot,2,0.6666666666666666,0.8,0.7,0.47805536799459825,0.4784075573549258,0.6894071378907902,0.7709130550473866,0.8363841535489982,0.21135176989619198,0.29285768705278836,0.35832878555439995
22500002,2025-10-21,26,26,4,1,22,Driving Floating Jump Shot,2PT Field Goal,5,In The Paint (Non-RA),Center(C),Less Than 8 ft.,28,46,1,Made Shot,3,1.0,0.8,0.7,0.4784075573549258,0.4787592717464599,0.7353983022089794,0.8139794979332062,0.842059829219004,0.2569907448540536,0.33557194057828044,0.3636522718640782
22500002,2025-10-21,27,27,4,0,35,Fadeaway Jump Shot,3PT Field Goal,22,Left Corner 3,Left Side(L),24+ ft.,-227,22,0,Missed Shot,4,1.0,0.8,0.8,0.4787592717464599,0.4784366576819407,0.7675889713937272,0.8312060750834611,0.8426273967860045,0.2888296996472673,0.35244680333700124,0.36386812503954463
22500019,2025-10-24,28,1,1,11,7,Pullup Jump shot,3PT Field Goal,26,Above the Break 3,Center(C),24+ ft.,-71,256,0,Missed Shot,-1,0.6666666666666666,0.8,0.7,0.4756348661633493,0.47530864197530864,0.4756348661633493,0.4756348661633493,0.4756348661633493,0.0,0.0,0.0
22500019,2025-10-24,29,2,1,9,35,Fadeaway Jump Shot,2PT Field Goal,14,In The Paint (Non-RA),Center(C),8-16 ft.,71,127,1,Made Shot,-2,0.3333333333333333,0.6,0.6,0.47530864197530864,0.4756682659355723,0.1426904598490048,0.1426904598490048,0.1426904598490048,0.33261818212630384,0.33261818212630384,0.33261818212630384
22500019,2025-10-24,30,3,1,9,18,Pullup Jump shot,3PT Field Goal,27,Above the Break 3,Right Side Center(RC),24+ ft.,145,231,1,Made Shot,1,0.3333333333333333,0.6,0.7,0.4756682659355723,0.476027397260274,0.5544551657313577,0.6426904598490049,0.7790540962126411,0.07878689979578535,0.16702219391343254,0.3033858302770688
22500019,2025-10-24,31,4,1,8,57,Jump Shot,3PT Field Goal,28,Above the Break 3,Left Side Center(LC),24+ ft.,-173,226,0,Missed Shot,2,0.6666666666666666,0.6,0.7,0.476027397260274,0.4757015742642026,0.6860694552827946,0.7708955880541328,0.8363841535426986,0.21004205802252063,0.29486819079385884,0.3603567562824246
22500019,2025-10-24,32,5,1,7,10,Driving Floating Bank Jump Shot,2PT Field Goal,8,In The Paint (Non-RA),Center(C),8-16 ft.,-32,78,1,Made Shot,-1,0.6666666666666666,0.4,0.6,0.4757015742642026,0.47606019151846785,0.47154952025168934,0.38406977019383237,0.2119973905420741,0.004152054012513284,0.09163180407037025,0.26370418372212856
22500019,2025-10-24,33,6,1,5,44,Driving Floating Bank Jump Shot,2PT Field Goal,4,In The Paint (Non-RA),Center(C),Less Than 8 ft.,32,31,0,Missed Shot,1,0.6666666666666666,0.6,0.7,0.47606019151846785,0.47573479152426523,0.6053856385299033,0.662089101944058,0.7796268292126984,0.1293254470114355,0.18602891042559017,0.3035666376942306
22500019,2025-10-24,34,7,1,4,0,Step Back Jump shot,3PT Field Goal,26,Above the Break 3,Left Side Center(LC),24+ ft.,-107,241,1,Made Shot,-1,0.3333333333333333,0.6,0.6,0.47573479152426523,0.4760928961748634,0.44806893168164286,0.3491681926425271,0.20638352354206846,0.027665859842622376,0.12656659888173816,0.2693512679821968
22500019,2025-10-24,35,8,1,3,32,Driving Floating Jump Shot,2PT Field Goal,15,Mid-Range,Center(C),8-16 ft.,23,158,1,Made Shot,1,0.6666666666666666,0.6,0.6,0.4760928961748634,0.4764505119453925,0.5770800069258342,0.645767501273675,0.7790598234859412,0.10098711075097078,0.1696746050988116,0.30296692731107777
22500019,2025-10-24,36,9,1,3,0,Step Back Jump shot,3PT Field Goal,28,Above the Break 3,Left Side Center(LC),24+ ft.,-150,237,1,Made Shot,2,0.6666666666666666,0.6,0.6,0.4764505119453925,0.4768076398362892,0.6616377271010219,0.7639987604568912,0.8363273967853742,0.18518721515562936,0.2875482485114987,0.35987688483998165
22500019,2025-10-24,37,10,1,1,47,Pullup Jump shot,3PT Field Goal,29,Above the Break 3,Center(C),24+ ft.,-17,296,1,Made Shot,3,1.0,0.8,0.6,0.4768076398362892,0.47716428084526247,0.7182375541004182,0.8112261604717088,0.8420541535483685,0.24142991426412902,0.3344185206354196,0.36524651371207933
22500019,2025-10-24,38,11,1,1,7,Driving Layup Shot,2PT Field Goal,1,Restricted Area,Center(C),Less Than 8 ft.,-10,-1,1,Made Shot,4,1.0,0.8,0.7,0.47716428084526247,0.4775204359673024,0.7566587289173219,0.8301067198682313,0.8426268292189985,0.2794944480720594,0.3529424390229688,0.365462548373736
22500019,2025-10-24,39,12,1,0,39,Jump Shot,3PT Field Goal,27,Above the Break 3,Right Side Center(RC),24+ ft.,130,238,0,Missed Shot,5,1.0,1.0,0.8,0.4775204359673024,0.4771953710006807,0.7829888813421966,0.8376572805501641,0.8426840967860048,0.30546844537489415,0.36013684458286166,0.36516366081870233
22500019,2025-10-24,40,13,2,3,0,Step Back Jump shot,3PT Field Goal,27,Above the Break 3,Center(C),24+ ft.,48,267,0,Missed Shot,-1,0.6666666666666666,0.8,0.7,0.4771953710006807,0.47687074829931975,0.588203271323346,0.4206701922470189,0.21268982354207477,0.11100790032266533,0.05652517875366181,0.26450554745860594
22500019,2025-10-24,41,14,2,1,8,Step Back Jump shot,2PT Field Goal,15,Mid-Range,Center(C),8-16 ft.,32,151,1,Made Shot,-2,0.3333333333333333,0.6,0.6,0.47687074829931975,0.4772263766145479,0.45324179953659466,0.25388123350645553,0.1496903962183055,0.023628948762725088,0.22298951479286422,0.32718035208101426
22500019,2025-10-24,42,15,3,11,29,Driving Floating Jump Shot,2PT Field Goal,8,In The Paint (Non-RA),Center(C),8-16 ft.,-17,87,1,Made Shot,1,0.3333333333333333,0.6,0.7,0.4772263766145479,0.47758152173913043,0.5708742077640644,0.6071677176581698,0.773390453485941,0.09364783114951647,0.12994134104362187,0.2961640768713931
22500019,2025-10-24,43,16,3,8,9,Step Back Jump shot,3PT Field Goal,28,Above the Break 3,Center(C),24+ ft.,-21,284,0,Missed Shot,2,0.6666666666666666,0.6,0.7,0.47758152173913043,0.4772572980312288,0.6528080694375886,0.748481514707205,0.8357604592126984,0.1752265476984582,0.2708999929680746,0.35817893747356794
22500019,2025-10-24,44,17,4,11,22,Turnaround Fadeaway shot,2PT Field Goal,11,Mid-Range,Left Side(L),8-16 ft.,-83,82,1,Made Shot,-1,0.6666666666666666,0.4,0.7,0.4772572980312288,0.47761194029850745,0.4992625096683052,0.3850067256810517,0.2119974597853741,0.022005211637076416,0.09225057235017708,0.2652598382458547
22500019,2025-10-24,45,18,4,9,15,Driving Floating Jump Shot,2PT Field Goal,10,In The Paint (Non-RA),Right Side(R),8-16 ft.,55,89,1,Made Shot,1,0.6666666666666666,0.6,0.7,0.47761194029850745,0.47796610169491527,0.6025311290425528,0.6596170133595116,0.7796211598426417,0.12491918874404534,0.18200507306100416,0.30200921954413423
22500019,2025-10-24,46,19,4,8,7,Step Back Jump shot,3PT Field Goal,26,Above the Break 3,Left Side Center(LC),24+ ft.,-210,166,1,Made Shot,2,0.6666666666666666,0.8,0.7,0.47796610169491527,0.47831978319783197,0.6746964432634632,0.7694610888016349,0.8363835298483684,0.19673034156854796,0.2914949871067196,0.3584174281534531
22500019,2025-10-24,47,20,4,6,27,Step Back Jump shot,3PT Field Goal,26,Above the Break 3,Center(C),24+ ft.,-53,262,0,Missed Shot,3,1.0,0.8,0.7,0.47831978319783197,0.4779959377115775,0.7251521621842738,0.813398712637805,0.8420597668489411,0.24683237898644184,0.3350789294399731,0.36373998365110916
22500019,2025-10-24,48,21,4,5,24,Running Dunk Shot,2PT Field Goal,1,Restricted Area,Center(C),Less Than 8 ft.,7,8,1,Made Shot,-1,0.6666666666666666,0.6,0.6,0.4779959377115775,0.4783491204330176,0.5502741123244529,0.4109737565398157,0.21262739054899843,0.07227817461287539,0.06702218117176179,0.26536854716257907
22500019,2025-10-24,49,22,4,4,36,Pullup Jump shot,3PT Field Goal,34,Above the Break 3,Center(C),24+ ft.,91,334,0,Missed Shot,1,0.6666666666666666,0.8,0.6,0.4783491204330176,0.47802569303583503,0.6380480423474071,0.6700037796645553,0.7796841529190042,0.1596989219143895,0.19165465923153768,0.3013350324859866
22500019,2025-10-24,50,23,4,3,29,Driving Floating Jump Shot,2PT Field Goal,3,Restricted Area,Center(C),Less Than 8 ft.,-25,25,0,Missed Shot,-1,0.3333333333333333,0.6,0.6,0.47802569303583503,0.4777027027027027,0.4893826420867729,0.35361578721862935,0.20638982915600473,0.01135694905093787,0.12440990581720568,0.2716358638798303
22500024,2025-10-31,51,1,1,11,45,Jump Shot,3PT Field Goal,26,Above the Break 3,Right Side Center(RC),24+ ft.,83,251,0,Missed Shot,-2,0.3333333333333333,0.4,0.6,0.4756348661633493,0.47530864197530864,0.4756348661633493,0.4756348661633493,0.4756348661633493,0.0,0.0,0.0
22500024,2025-10-31,52,2,1,8,44,Step Back Jump shot,2PT Field Goal,14,In The Paint (Non-RA),Right Side(R),8-16 ft.,77,121,0,Missed Shot,-3,0.0,0.2,0.5,0.47530864197530864,0.47498286497601094,0.1426904598490048,0.1426904598490048,0.1426904598490048,0.33261818212630384,0.33261818212630384,0.33261818212630384
22500024,2025-10-31,53,3,1,8,42,Putback Layup Shot,2PT Field Goal,0,Restricted Area,Center(C),Less Than 8 ft.,5,8,1,Made Shot,-4,0.0,0.2,0.4,0.47498286497601094,0.47534246575342465,0.1426904598490048,0.1426904598490048,0.1426904598490048,0.33229240512700614,0.33229240512700614,0.33229240512700614
22500024,2025-10-31,54,4,1,7,44,Running Reverse Layup Shot,2PT Field Goal,0,Restricted Area,Center(C),Less Than 8 ft.,2,8,1,Made Shot,1,0.3333333333333333,0.2,0.5,0.47534246575342465,0.4757015742642026,0.4623251630453518,0.5914084085669534,0.7733210904796355,0.013017302708072831,0.11606594281352878,0.29797862472621084
22500024,2025-10-31,55,5,1,6,58,Step Back Jump shot,3PT Field Goal,24,Above the Break 3,Left Side Center(LC),24+ ft.,-224,89,1,Made Shot,2,0.6666666666666666,0.4,0.5,0.4757015742642026,0.47606019151846785,0.6124891175671257,0.7461387357110736,0.8357597667796979,0.13678754330292303,0.27043716144687097,0.36005819251549526
22500024,2025-10-31,56,6,1,2,36,Step Back Jump shot,3PT Field Goal,26,Above the Break 3,Left Side Center(LC),24+ ft.,-127,228,1,Made Shot,3,1.0,0.6,0.5,0.47606019151846785,0.4764183185235817,0.6955013934612078,0.8046691213427002,0.8419974529189354,0.21944120194273992,0.32860892982423234,0.3659372614004675
22500024,2025-10-31,57,7,1,2,5,Jump Shot,3PT Field Goal,24,Above the Break 3,Left Side Center(LC),24+ ft.,-131,211,0,Missed Shot,4,1.0,0.8,0.5,0.4764183185235817,0.4760928961748634,0.7455457861307226,0.827575749997453,0.8426211597797046,0.26912746760714096,0.3511574314738713,0.36620284125612296
22500024,2025-10-31,58,8,2,6,17,Driving Floating Jump Shot,2PT Field Goal,10,In The Paint (Non-RA),Center(C),8-16 ft.,50,92,1,Made Shot,-1,0.6666666666666666,0.8,0.5,0.4760928961748634,0.4764505119453925,0.5484581760819691,0.4159702013775251,0.21268346684830547,0.07236527990710573,0.06012269479733828,0.2634094293265579
22500024,2025-10-31,59,9,2,5,51,Driving Layup Shot,2PT Field Goal,2,Restricted Area,Center(C),Less Than 8 ft.,15,17,1,Made Shot,1,0.6666666666666666,0.8,0.5,0.4764505119453925,0.4768076398362892,0.6421277242622736,0.6721702597306551,0.7796897662189977,0.1656772123168811,0.19571974778526263,0.30323925427360515
22500024,2025-10-31,60,10,2,3,51,Step Back Jump shot,3PT Field Goal,27,Above the Break 3,Left Side Center(LC),24+ ft.,-150,230,0,Missed Shot,2,0.6666666666666666,0.8,0.6,0.4768076398362892,0.47648261758691207,0.7048266737033511,0.7745092073427478,0.8363903905427046,0.22801903386706185,0.29770156750645854,0.3595827507064154
22500024,2025-10-31,61,11,2,2,46,Fadeaway Jump Shot,2PT Field Goal,13,In The Paint (Non-RA),Right Side(R),8-16 ft.,70,115,0,Missed Shot,-1,0.6666666666666666,0.6,0.6,0.47648261758691207,0.476158038147139,0.5312836486249228,0.3953782040794142,0.21206045285594177,0.05480103103801076,0.08110441350749786,0.2644221647309703
22500024,2025-10-31,62,12,2,1,1,Pullup Jump shot,2PT Field Goal,11,In The Paint (Non-RA),Right Side(R),8-16 ft.,75,84,1,Made Shot,-2,0.3333333333333333,0.4,0.6,0.476158038147139,0.4765146358066712,0.4123540655404804,0.24375919817913932,0.14962745914907416,0.0638039726066586,0.23239883996799965,0.3265305789980648
22500024,2025-10-31,63,13,3,11,7,Jump Shot,3PT Field Goal,24,Above the Break 3,Center(C),24+ ft.,58,243,1,Made Shot,1,0.3333333333333333,0.6,0.7,0.4765146358066712,0.47687074829931975,0.5432669871797691,0.6031239843216986,0.7733841597796356,0.06675235137309787,0.12660934851502736,0.2968695239729644
22500024,2025-10-31,64,14,3,7,6,Step Back Jump shot,3PT Field Goal,25,Above the Break 3,Right Side Center(RC),24+ ft.,102,235,1,Made Shot,2,0.6666666666666666,0.6,0.7,0.47687074829931975,0.4772263766145479,0.633972869296175,0.7468648342665973,0.8357598298420741,0.15710212099685528,0.2699940859672776,0.35888908154275434
22500024,2025-10-31,65,15,3,6,19,Driving Floating Jump Shot,2PT Field Goal,10,In The Paint (Non-RA),Center(C),8-16 ft.,10,106,0,Missed Shot,3,1.0,0.6,0.7,0.4772263766145479,0.47690217391304346,0.697015717605036,0.804360363954429,0.8419973968483117,0.21978934099048808,0.3271339873398811,0.36477102023376373
22500024,2025-10-31,66,16,3,5,57,Jump Shot,3PT Field Goal,26,Above the Break 3,Right Side Center(RC),24+ ft.,82,250,1,Made Shot,-1,0.6666666666666666,0.6,0.6,0.47690217391304346,0.4772572980312288,0.5299248661833533,0.407357995213127,0.21262115354893485,0.05302269227030987,0.06954417869991647,0.2642810203641086
22500024,2025-10-31,67,17,3,5,37,Running Jump Shot,3PT Field Goal,26,Above the Break 3,Right Side Center(RC),24+ ft.,135,226,0,Missed Shot,1,0.6666666666666666,0.8,0.6,0.4772572980312288,0.4769335142469471,0.6240674075370942,0.6685575861790238,0.7796835292189979,0.14681010950586543,0.19130028814779504,0.30242623118776907
22500024,2025-10-31,68,18,3,3,57,Step Back Jump shot,3PT Field Goal,24,Above the Break 3,Left Side Center(LC),24+ ft.,-134,210,0,Missed Shot,-1,0.3333333333333333,0.6,0.6,0.4769335142469471,0.4766101694915254,0.4793175909884347,0.35303725617503245,0.20638976678600407,0.0023840767414876063,0.12389625807191462,0.270543747460943
22500024,2025-10-31,69,19,3,3,29,Fadeaway Jump Shot,2PT Field Goal,12,In The Paint (Non-RA),Center(C),8-16 ft.,60,114,1,Made Shot,-2,0.3333333333333333,0.4,0.5,0.4766101694915254,0.47696476964769646,0.37816473295712005,0.22682916970646222,0.14906039054270473,0.09844543653440535,0.24978099978506318,0.32754977894882065
22500024,2025-10-31,70,20,3,1,1,Step Back Jump shot,3PT Field Goal,24,Above the Break 3,Center(C),24+ ft.,22,247,0,Missed Shot,1,0.3333333333333333,0.4,0.5,0.47696476964769646,0.4766418415707515,0.5176814847076663,0.5963459539491878,0.7733274529183747,0.04071671505996982,0.1193811843014913,0.2963626832706782
22500024,2025-10-31,71,21,4,7,48,Turnaround Fadeaway shot,2PT Field Goal,15,In The Paint (Non-RA),Center(C),8-16 ft.,75,131,0,Missed Shot,-1,0.3333333333333333,0.4,0.5,0.4766418415707515,0.476319350473613,0.4050943414168764,0.324152654496281,0.20575415915594178,0.07154750015387512,0.1524891870744705,0.27088768241480976
22500024,2025-10-31,72,22,4,7,18,Driving Finger Roll Layup Shot,2PT Field Goal,0,Restricted Area,Center(C),Less Than 8 ft.,6,5,1,Made Shot,-2,0.3333333333333333,0.2,0.5,0.476319350473613,0.4766734279918864,0.32632918299304337,0.21527533722906778,0.1489968297796985,0.14999016748056965,0.26104401324454524,0.32732252069391454
22500024,2025-10-31,73,23,4,6,7,Jump Shot,3PT Field Goal,28,Above the Break 3,Right Side Center(RC),24+ ft.,94,271,1,Made Shot,1,0.3333333333333333,0.4,0.5,0.4766734279918864,0.47702702702702704,0.48129815614514254,0.5917244114632861,0.7733210968420741,0.004624728153256152,0.11505098347139975,0.2966476688501877
22500024,2025-10-31,74,24,4,5,41,Pullup Jump shot,3PT Field Goal,27,Above the Break 3,Left Side Center(LC),24+ ft.,-158,225,0,Missed Shot,2,0.6666666666666666,0.6,0.5,0.47702702702702704,0.47670492910195816,0.5897455279434857,0.7423040406006782,0.8357535235483116,0.11271850091645863,0.2652770135736512,0.3587264965212845
22500024,2025-10-31,75,25,4,5,11,Step Back Jump shot,3PT Field Goal,23,Right Corner 3,Right Side(R),24+ ft.,232,-8,0,Missed Shot,-1,0.6666666666666666,0.4,0.4,0.47670492910195816,0.47638326585695007,0.45560330838353796,0.38253589204840854,0.21199676621893548,0.0211016207184202,0.09416903705354962,0.2647081628830227
22500024,2025-10-31,76,26,4,3,52,Turnaround Jump Shot,2PT Field Goal,8,In The Paint (Non-RA),Center(C),8-16 ft.,-21,87,1,Made Shot,-2,0.3333333333333333,0.4,0.4,0.47638326585695007,0.47673634524612274,0.3617168630066073,0.23862863271256374,0.14962109048599787,0.11466640285034274,0.23775463314438633,0.3267621753709522
22500024,2025-10-31,77,27,4,0,25,Jump Shot,3PT Field Goal,22,Left Corner 3,Left Side(L),24+ ft.,-222,0,0,Missed Shot,1,0.3333333333333333,0.6,0.4,0.47673634524612274,0.47641509433962265,0.5060224887215666,0.6010657290107511,0.773383522912704,0.029286143475443893,0.12432938376462832,0.2966471776665812
22500155,2025-11-02,78,1,1,11,4,Pullup Jump shot,2PT Field Goal,20,Mid-Range,Left Side Center(LC),16-24 ft.,-78,190,1,Made Shot,-1,0.3333333333333333,0.4,0.4,0.4756348661633493,0.47599451303155005,0.4756348661633493,0.4756348661633493,0.4756348661633493,0.0,0.0,0.0
22500155,2025-11-02,79,2,1,10,19,Step Back Jump shot,3PT Field Goal,26,Above the Break 3,Left Side Center(LC),24+ ft.,-163,210,0,Missed Shot,1,0.6666666666666666,0.4,0.5,0.47599451303155005,0.4756682659355723,0.8426904598490048,0.8426904598490048,0.8426904598490048,0.36669594681745477,0.36669594681745477,0.36669594681745477
22500155,2025-11-02,80,3,1,7,3,Step Back Jump shot,3PT Field Goal,28,Above the Break 3,Center(C),24+ ft.,-58,277,0,Missed Shot,-1,0.3333333333333333,0.4,0.4,0.4756682659355723,0.47534246575342465,0.43092575396665184,0.3426904598490048,0.2063268234853684,0.044742511968920484,0.1329778060865675,0.2693414424502039
22500155,2025-11-02,81,4,1,4,17,Jump Shot,3PT Field Goal,25,Above the Break 3,Left Side Center(LC),24+ ft.,-157,203,0,Missed Shot,-2,0.3333333333333333,0.4,0.4,0.47534246575342465,0.4750171115674196,0.29931146441521483,0.21448533164387662,0.1489967661553111,0.1760310013382098,0.26085713410954803,0.32634569959811355
22500155,2025-11-02,82,5,1,3,17,Jump Shot,3PT Field Goal,27,Above the Break 3,Center(C),24+ ft.,-15,272,0,Missed Shot,-3,0.0,0.2,0.4,0.4750171115674196,0.4746922024623803,0.23747924784742563,0.17027666674555653,0.14332052285530544,0.23753786371999397,0.3047404448218631,0.33169658871211416
22500155,2025-11-02,83,6,2,7,40,Step Back Jump shot,2PT Field Goal,18,Mid-Range,Left Side Center(LC),16-24 ft.,-109,148,0,Missed Shot,-4,0.0,0.2,0.3,0.4746922024623803,0.47436773752563227,0.20329772247927416,0.15355369942223468,0.1427534604790111,0.2713944799831062,0.32113850304014563,0.3319387419833692
22500155,2025-11-02,84,7,2,7,11,Driving Layup Shot,2PT Field Goal,2,Restricted Area,Center(C),Less Than 8 ft.,-13,26,1,Made Shot,-5,0.0,0.0,0.2,0.47436773752563227,0.47472677595628415,0.1826912078506504,0.14700894837801964,0.1426967598553048,0.29167652967498187,0.3273587891476126,0.3316709776703275
22500155,2025-11-02,85,8,2,5,17,Driving Floating Bank Jump Shot,2PT Field Goal,4,In The Paint (Non-RA),Center(C),Less Than 8 ft.,-34,32,1,Made Shot,1,0.3333333333333333,0.2,0.3,0.47472677595628415,0.4750853242320819,0.3984605135854305,0.5651028603259463,0.7726911528490741,0.07626626237085365,0.0903760843696621,0.29796437689278993
22500155,2025-11-02,86,9,2,4,38,Running Pull-Up Jump Shot,3PT Field Goal,27,Above the Break 3,Right Side Center(RC),24+ ft.,94,256,1,Made Shot,2,0.6666666666666666,0.4,0.4,0.4750853242320819,0.47544338335607095,0.5398821748046871,0.7317646435060061,0.8356905297790054,0.06479685057260526,0.25667931927392423,0.3606052055469235
22500155,2025-11-02,87,10,2,4,25,Running Layup Shot,2PT Field Goal,4,In The Paint (Non-RA),Center(C),Less Than 8 ft.,6,40,1,Made Shot,3,1.0,0.6,0.4,0.47544338335607095,0.4758009543285617,0.6345446319096505,0.7983375850089829,0.8419904668483049,0.15910124855357954,0.32289420165291194,0.36654708349223397
22500155,2025-11-02,88,11,2,0,33,Pullup Jump shot,2PT Field Goal,19,Mid-Range,Left Side Center(LC),16-24 ft.,-132,146,0,Missed Shot,4,1.0,0.8,0.5,0.4758009543285617,0.47547683923705725,0.6988035352640056,0.8249521006472309,0.8426204605489978,0.22300258093544395,0.3491511463186692,0.3668195062204361
22500155,2025-11-02,89,12,2,0,2,Pullup Jump shot,3PT Field Goal,29,Above the Break 3,Left Side Center(LC),24+ ft.,-112,278,0,Missed Shot,-1,0.6666666666666666,0.8,0.4,0.47547683923705725,0.47515316541865216,0.5286042159829573,0.41557794577174234,0.2126834599127047,0.05312737674590001,0.059898893465314906,0.26279337932435254
22500155,2025-11-02,90,13,3,11,0,Step Back Jump shot,2PT Field Goal,20,Mid-Range,Left Side Center(LC),16-24 ft.,-107,170,0,Missed Shot,-2,0.3333333333333333,0.6,0.4,0.47515316541865216,0.4748299319727891,0.41120513474218434,0.2518427071966355,0.1496897598553118,0.06394803067646782,0.22331045822201667,0.32546340556334036
22500155,2025-11-02,91,14,3,6,10,Step Back Jump shot,3PT Field Goal,25,Above the Break 3,Center(C),24+ ft.,64,251,0,Missed Shot,-3,0.0,0.4,0.4,0.4748299319727891,0.47450713800135963,0.3298626126270561,0.18635091928010822,0.14339038984963487,0.14496731934573304,0.2884790126926809,0.33143954212315424
22500155,2025-11-02,92,15,3,4,59,Jump Shot,3PT Field Goal,28,Above the Break 3,Left Side Center(LC),24+ ft.,-163,228,0,Missed Shot,-4,0.0,0.2,0.4,0.47450713800135963,0.4741847826086957,0.2733275328382595,0.1601545733011654,0.1427604528490678,0.20117960516310013,0.31435256470019424,0.33174668515229183
22500155,2025-11-02,93,16,3,4,13,Driving Layup Shot,2PT Field Goal,2,Restricted Area,Center(C),Less Than 8 ft.,-1,22,1,Made Shot,-5,0.0,0.0,0.4,0.4741847826086957,0.4745417515274949,0.2339494611238761,0.14967609397868753,0.1426974591490111,0.24023532148481958,0.32450868863000815,0.33148732345968457
22500155,2025-11-02,94,17,4,8,12,Driving Floating Jump Shot,2PT Field Goal,2,Restricted Area,Center(C),Less Than 8 ft.,1,25,1,Made Shot,1,0.3333333333333333,0.2,0.5,0.4745417515274949,0.47489823609226595,0.41718069181819945,0.5654848920893969,0.7726911597790056,0.05736105970929545,0.090943140561902,0.2981494082515107
22500155,2025-11-02,95,18,4,5,42,Step Back Jump shot,3PT Field Goal,27,Above the Break 3,Right Side Center(RC),24+ ft.,108,252,0,Missed Shot,2,0.6666666666666666,0.4,0.5,0.47489823609226595,0.4745762711864407,0.5451312743251766,0.7318082613192989,0.835690529842005,0.07023303823291066,0.25691002522703293,0.36079229374973903
22500155,2025-11-02,96,19,4,4,32,Floating Jump shot,2PT Field Goal,4,In The Paint (Non-RA),Center(C),Less Than 8 ft.,21,36,1,Made Shot,-1,0.6666666666666666,0.4,0.4,0.4745762711864407,0.4749322493224932,0.4242021072823285,0.37833755614680054,0.2119904668483048,0.0503741639041122,0.09623871503964015,0.2625858043381359
22500155,2025-11-02,97,20,4,2,45,Step Back Jump shot,3PT Field Goal,27,Above the Break 3,Right Side Center(RC),24+ ft.,141,236,0,Missed Shot,1,0.6666666666666666,0.6,0.4,0.4749322493224932,0.4746106973595125,0.5498918855131241,0.6569493060265446,0.7796204605489347,0.07495963619063084,0.18201705670405133,0.3046882112264415
22500155,2025-11-02,98,21,4,0,56,Jump Shot,3PT Field Goal,25,Right Corner 3,Right Side(R),24+ ft.,239,76,0,Missed Shot,-1,0.3333333333333333,0.6,0.3,0.4746106973595125,0.4742895805142084,0.4276339054008269,0.3483939949274192,0.20638345991899779,0.04697679195868559,0.12621670243209332,0.2682272374405147
22500155,2025-11-02,99,22,4,0,52,Layup Shot,2PT Field Goal,2,Restricted Area,Center(C),Less Than 8 ft.,-28,10,1,Made Shot,-2,0.3333333333333333,0.4,0.3,0.4742895805142084,0.4746450304259635,0.34210309885703355,0.2249718733375543,0.1490597598560041,0.13218648165717484,0.24931770717665408,0.32522982065820427
22500179,2025-11-05,100,1,1,11,26,Step Back Jump shot,2PT Field Goal,12,In The Paint (Non-RA),Center(C),8-16 ft.,-45,113,0,Missed Shot,1,0.3333333333333333,0.4,0.4,0.4756348661633493,0.47530864197530864,0.4756348661633493,0.4756348661633493,0.4756348661633493,0.0,0.0,0.0
22500179,2025-11-05,101,2,1,10,23,Step Back Jump shot,3PT Field Goal,27,Above the Break 3,Left Side Center(LC),24+ ft.,-158,231,0,Missed Shot,-1,0.3333333333333333,0.4,0.4,0.47530864197530864,0.47498286497601094,0.1426904598490048,0.1426904598490048,0.1426904598490048,0.33261818212630384,0.33261818212630384,0.33261818212630384
22500179,2025-11-05,102,3,1,10,15,Jump Shot,3PT Field Goal,26,Above the Break 3,Left Side Center(LC),24+ ft.,-152,213,1,Made Shot,-2,0.3333333333333333,0.2,0.4,0.47498286497601094,0.47534246575342465,0.1426904598490048,0.1426904598490048,0.1426904598490048,0.33229240512700614,0.33229240512700614,0.33229240512700614
22500179,2025-11-05,103,4,1,9,5,Jump Shot,3PT Field Goal,27,Above the Break 3,Right Side Center(RC),24+ ft.,176,206,0,Missed Shot,1,0.3333333333333333,0.4,0.5,0.47534246575342465,0.4750171115674196,0.4623251630453518,0.5914084085669534,0.7733210904796355,0.013017302708072831,0.11606594281352878,0.29797862472621084
22500179,2025-11-05,104,5,1,7,13,Pullup Jump shot,2PT Field Goal,19,Mid-Range,Center(C),16-24 ft.,25,189,1,Made Shot,-1,0.3333333333333333,0.4,0.4,0.4750171115674196,0.47537619699042405,0.336136965968231,0.31510425295245303,0.2056967604790678,0.1388801455991886,0.15991285861496657,0.26932035108835184
22500179,2025-11-05,105,6,1,6,16,Jump Shot,3PT Field Goal,26,Above the Break 3,Left Side Center(LC),24+ ft.,-137,222,0,Missed Shot,1,0.6666666666666666,0.4,0.4,0.47537619699042405,0.4750512645249487,0.5188038347723758,0.6349310030109835,0.7789968229126354,0.043427637781951745,0.15955480602055944,0.30362062592221134
22500179,2025-11-05,106,7,1,5,40,Pullup Jump shot,2PT Field Goal,4,In The Paint (Non-RA),Center(C),Less Than 8 ft.,-21,42,0,Missed Shot,-1,0.3333333333333333,0.4,0.4,0.4750512645249487,0.47472677595628415,0.39092500596500623,0.33837197131999,0.20632052347906843,0.08412625855994249,0.13667929320495875,0.2687307410458803
22500179,2025-11-05,107,8,1,2,44,Step Back Jump shot,2PT Field Goal,22,Mid-Range,Left Side Center(LC),16-24 ft.,-109,194,0,Missed Shot,-2,0.3333333333333333,0.4,0.3,0.47472677595628415,0.47440273037542663,0.3097712841802254,0.22077038600001062,0.14905346048530485,0.16495549177605873,0.25395638995627356,0.32567331547097933
22500179,2025-11-05,108,9,1,1,49,Driving Floating Jump Shot,2PT Field Goal,14,Mid-Range,Left Side(L),8-16 ft.,-116,87,1,Made Shot,-3,0.0,0.2,0.3,0.47440273037542663,0.4747612551159618,0.2565807058917812,0.1738917078989268,0.1433267598553678,0.2178220244836454,0.30051102247649986,0.3310759705200588
22500179,2025-11-05,109,10,1,1,29,Driving Floating Jump Shot,2PT Field Goal,16,Mid-Range,Center(C),16-24 ft.,1,164,0,Missed Shot,1,0.3333333333333333,0.4,0.4,0.4747612551159618,0.47443762781186094,0.4398074938730153,0.575276179599923,0.7727540904790684,0.03495376124294647,0.10051492448396127,0.2979928353631066
22500179,2025-11-05,110,11,1,1,25,Floating Jump shot,2PT Field Goal,8,In The Paint (Non-RA),Right Side(R),8-16 ft.,66,50,1,Made Shot,-1,0.3333333333333333,0.2,0.3,0.47443762781186094,0.47479564032697547,0.34808134704943194,0.3156975289550543,0.2056968228553054,0.126356280762429,0.15874009885680662,0.2687408049565555
22500179,2025-11-05,111,12,2,8,2,Fadeaway Jump Shot,2PT Field Goal,11,In The Paint (Non-RA),Right Side(R),8-16 ft.,66,90,0,Missed Shot,1,0.6666666666666666,0.4,0.4,0.47479564032697547,0.47447243022464264,0.49945727764748427,0.6319065502590535,0.7789910961553679,0.0246616373205088,0.15711090993207805,0.3041954558283924
22500179,2025-11-05,112,13,2,6,33,Driving Layup Shot,2PT Field Goal,3,Restricted Area,Center(C),Less Than 8 ft.,-17,32,1,Made Shot,-1,0.3333333333333333,0.4,0.4,0.47447243022464264,0.4748299319727891,0.39092500596500623,0.33837197131999,0.20632052347906843,0.0835474242596364,0.13610045890465267,0.2681519067455742
22500179,2025-11-05,113,14,2,3,7,Step Back Jump shot,3PT Field Goal,27,Above the Break 3,Left Side Center(LC),24+ ft.,-181,208,1,Made Shot,1,0.6666666666666666,0.6,0.4,0.4748299319727891,0.4751869476546567,0.5277806226572005,0.640965095105478,0.7790534662120685,0.05295069068441138,0.16613516313268895,0.3042235342392794
22500179,2025-11-05,114,15,3,11,46,Step Back Jump shot,3PT Field Goal,25,Above the Break 3,Right Side Center(RC),24+ ft.,116,225,0,Missed Shot,2,0.6666666666666666,0.6,0.5,0.4751869476546567,0.4748641304347826,0.6228986864699672,0.7620006388539078,0.8363267604853115,0.14771173881531047,0.2868136911992511,0.3611398128306548
22500179,2025-11-05,115,16,3,10,43,Driving Floating Bank Jump Shot,2PT Field Goal,3,Restricted Area,Center(C),Less Than 8 ft.,21,23,0,Missed Shot,-1,0.6666666666666666,0.6,0.4,0.4748641304347826,0.4745417515274949,0.47814901049343556,0.3904141324629929,0.21205408991263486,0.0032848800586529614,0.0844499979717897,0.26281004052214774
22500179,2025-11-05,116,17,3,8,36,Driving Floating Jump Shot,2PT Field Goal,10,In The Paint (Non-RA),Center(C),8-16 ft.,33,100,0,Missed Shot,-2,0.3333333333333333,0.4,0.4,0.4745417515274949,0.47421981004070557,0.37717588200325536,0.2417798650566683,0.1496268228553678,0.09736586952423953,0.2327618864708266,0.3249149286721271
22500179,2025-11-05,117,18,3,8,11,Driving Floating Jump Shot,2PT Field Goal,12,In The Paint (Non-RA),Right Side(R),8-16 ft.,64,110,0,Missed Shot,-3,0.0,0.4,0.4,0.47421981004070557,0.4738983050847458,0.3066662283873629,0.18232621171801033,0.1433840961496411,0.16755358165334266,0.29189359832269524,0.3308357138910645
22500179,2025-11-05,118,19,3,7,40,Step Back Jump shot,3PT Field Goal,26,Above the Break 3,Left Side Center(LC),24+ ft.,-86,252,1,Made Shot,-4,0.0,0.2,0.4,0.4738983050847458,0.4742547425474255,0.2573932610558434,0.15854475896235803,0.14275982347906843,0.21650504402890236,0.31535354612238775,0.3311384816056774
22500179,2025-11-05,119,20,3,4,49,Turnaround Fadeaway shot,2PT Field Goal,20,Mid-Range,Right Side Center(RC),16-24 ft.,129,154,0,Missed Shot,1,0.3333333333333333,0.2,0.4,0.4742547425474255,0.47393364928909953,0.4331828013482396,0.5690321907777386,0.7726973962120112,0.04107194119918589,0.09477744823031309,0.29844265366458567
22500179,2025-11-05,120,21,3,2,38,Step Back Jump shot,3PT Field Goal,26,Above the Break 3,Center(C),24+ ft.,-59,262,0,Missed Shot,-1,0.3333333333333333,0.2,0.4,0.47393364928909953,0.4736129905277402,0.34596550624210054,0.3132271494078922,0.20569115348530542,0.127968143046999,0.16070649988120733,0.2682424958037941
22500179,2025-11-05,121,22,3,2,28,Driving Floating Jump Shot,2PT Field Goal,13,In The Paint (Non-RA),Center(C),8-16 ft.,62,123,0,Missed Shot,-2,0.3333333333333333,0.2,0.3,0.4736129905277402,0.47329276538201487,0.2849489117576821,0.21090513522254278,0.14899052921263486,0.18866407877005809,0.2627078553051974,0.3246224613151053
22500179,2025-11-05,122,23,3,1,31,Fadeaway Jump Shot,2PT Field Goal,9,Mid-Range,Left Side(L),8-16 ft.,-97,12,0,Missed Shot,-3,0.0,0.2,0.3,0.47329276538201487,0.47297297297297297,0.2422546835058517,0.16997632992641729,0.1433204667853678,0.23103808187616318,0.3033164354555976,0.32997229859664706
22500179,2025-11-05,123,24,4,6,50,Running Finger Roll Layup Shot,2PT Field Goal,1,Restricted Area,Center(C),Less Than 8 ft.,-5,18,1,Made Shot,-4,0.0,0.2,0.2,0.47297297297297297,0.47332883187035785,0.21237723932658853,0.15360480786844935,0.1427534605426411,0.26059573364638444,0.3193681651045236,0.3302195124303319
22500179,2025-11-05,124,25,4,3,27,Step Back Jump shot,3PT Field Goal,24,Left Corner 3,Left Side(L),24+ ft.,-237,57,0,Missed Shot,1,0.3333333333333333,0.2,0.2,0.47332883187035785,0.47300944669365724,0.4015074392799117,0.5670561991731589,0.7726967599183685,0.07182139259044612,0.09372736730280101,0.29936792804801066
22500179,2025-11-05,125,26,4,2,31,Step Back Jump shot,3PT Field Goal,25,Above the Break 3,Center(C),24+ ft.,48,247,1,Made Shot,-1,0.3333333333333333,0.2,0.2,0.47300944669365724,0.4733648010788941,0.3238519313141519,0.31243675554999883,0.20569108985594114,0.14915751537950533,0.1605726911436584,0.2673183568377161
22500179,2025-11-05,126,27,4,0,49,Step Back Jump shot,3PT Field Goal,28,Above the Break 3,Center(C),24+ ft.,-27,279,0,Missed Shot,1,0.6666666666666666,0.4,0.3,0.4733648010788941,0.47304582210242585,0.4795181030058677,0.6305889781437307,0.7789905228496983,0.006153301926973609,0.1572241770648366,0.30562572177080416
22500185,2025-11-08,127,1,1,9,30,Pullup Jump shot,3PT Field Goal,26,Above the Break 3,Left Side Center(LC),24+ ft.,-165,209,0,Missed Shot,-1,0.3333333333333333,0.4,0.3,0.4756348661633493,0.47530864197530864,0.4756348661633493,0.4756348661633493,0.4756348661633493,0.0,0.0,0.0
22500185,2025-11-08,128,2,1,8,34,Step Back Jump shot,3PT Field Goal,26,Above the Break 3,Left Side Center(LC),24+ ft.,-138,221,1,Made Shot,-2,0.3333333333333333,0.4,0.3,0.47530864197530864,0.4756682659355723,0.1426904598490048,0.1426904598490048,0.1426904598490048,0.33261818212630384,0.33261818212630384,0.33261818212630384
22500185,2025-11-08,129,3,1,7,57,Step Back Jump shot,3PT Field Goal,26,Above the Break 3,Center(C),24+ ft.,-74,253,0,Missed Shot,1,0.3333333333333333,0.4,0.3,0.4756682659355723,0.47534246575342465,0.5544551657313577,0.6426904598490049,0.7790540962126411,0.07878689979578535,0.16702219391343254,0.3033858302770688
22500185,2025-11-08,130,4,1,5,43,Driving Floating Jump Shot,2PT Field Goal,12,In The Paint (Non-RA),Center(C),8-16 ft.,15,121,0,Missed Shot,-1,0.3333333333333333,0.4,0.3,0.47534246575342465,0.4750171115674196,0.3664347520864477,0.32217763933618426,0.20575352291206786,0.10890771366697694,0.15316482641724039,0.2695889428413568
22500185,2025-11-08,131,5,1,3,17,Jump Shot,3PT Field Goal,22,Left Corner 3,Left Side(L),24+ ft.,-221,21,0,Missed Shot,-2,0.3333333333333333,0.2,0.3,0.4750171115674196,0.4746922024623803,0.27810301413246313,0.21165597709038414,0.1489910899120111,0.19691409743495647,0.26336113447703546,0.3260260216554085
22500185,2025-11-08,132,6,1,1,36,Pullup Jump shot,2PT Field Goal,11,In The Paint (Non-RA),Center(C),8-16 ft.,2,114,1,Made Shot,-3,0.0,0.2,0.3,0.4746922024623803,0.4750512645249487,0.22927226360653247,0.1698485587820795,0.1433204661490678,0.24541993885584784,0.3048436436803008,0.3313717363133125
22500185,2025-11-08,133,7,1,0,40,Jump Shot,3PT Field Goal,27,Above the Break 3,Left Side Center(LC),24+ ft.,-140,231,1,Made Shot,1,0.3333333333333333,0.4,0.4,0.4750512645249487,0.47540983606557374,0.4378349091667933,0.5752140765831479,0.7727540899126348,0.03721635535815543,0.10016281205819921,0.2977028253876861
22500185,2025-11-08,134,8,2,8,16,Driving Floating Jump Shot,2PT Field Goal,12,In The Paint (Non-RA),Center(C),8-16 ft.,25,122,0,Missed Shot,2,0.6666666666666666,0.4,0.4,0.47540983606557374,0.4750853242320819,0.5701917274951127,0.7359632780343195,0.8356968291496416,0.09478189142953897,0.26055344196874575,0.36028699308406786
22500185,2025-11-08,135,9,2,6,3,Fadeaway Jump Shot,2PT Field Goal,16,Mid-Range,Center(C),16-24 ft.,0,163,1,Made Shot,-1,0.6666666666666666,0.4,0.4,0.4750853242320819,0.47544338335607095,0.4340956809490313,0.3797661497731535,0.2119910905420111,0.0409896432830506,0.0953191744589284,0.2630942336900708
22500185,2025-11-08,136,10,2,5,1,Turnaround Jump Shot,2PT Field Goal,11,In The Paint (Non-RA),Center(C),8-16 ft.,40,113,0,Missed Shot,1,0.6666666666666666,0.6,0.4,0.47544338335607095,0.47511929107021134,0.5618285985779856,0.6575935666090234,0.7796205234859348,0.08638521522191467,0.1821501832529524,0.30417714012986385
22500185,2025-11-08,137,11,2,4,29,Jump Shot,3PT Field Goal,27,Above the Break 3,Right Side Center(RC),24+ ft.,157,224,1,Made Shot,-1,0.3333333333333333,0.6,0.4,0.47511929107021134,0.47547683923705725,0.43243202399683556,0.3486193042533998,0.2063834661553741,0.04268726707337578,0.12649998681681152,0.2687358249148373
22500185,2025-11-08,138,12,2,1,8,Running Pull-Up Jump Shot,3PT Field Goal,35,Above the Break 3,Center(C),24+ ft.,33,357,1,Made Shot,1,0.6666666666666666,0.6,0.5,0.47547683923705725,0.4758339006126617,0.557992291500417,0.6450744318400374,0.7790597604853684,0.08251545226335971,0.16959759260298019,0.30358292124831115
22500185,2025-11-08,139,13,2,0,32,Driving Floating Bank Jump Shot,2PT Field Goal,7,In The Paint (Non-RA),Center(C),Less Than 8 ft.,49,62,1,Made Shot,2,0.6666666666666666,0.6,0.5,0.4758339006126617,0.47619047619047616,0.6446005112484938,0.763646037946865,0.8363273899126984,0.16876661063583215,0.28781213733420336,0.3604934893000367
22500185,2025-11-08,140,14,3,11,24,Step Back Jump shot,3PT Field Goal,25,Above the Break 3,Left Side Center(LC),24+ ft.,-156,207,0,Missed Shot,3,1.0,0.8,0.6,0.47619047619047616,0.47586675730795375,0.7046089112781451,0.8110730093651664,0.8420541528553749,0.2284184350876689,0.3348825331746902,0.3658636766648987
22500185,2025-11-08,141,15,3,10,42,Jump Shot,3PT Field Goal,24,Above the Break 3,Center(C),24+ ft.,-36,247,0,Missed Shot,-1,0.6666666666666666,0.6,0.6,0.47586675730795375,0.47554347826086957,0.5348822504750603,0.4100424031471329,0.2126268291496355,0.05901549316710658,0.06582435416082083,0.26323992815831826
22500185,2025-11-08,142,16,3,9,26,Pullup Jump shot,2PT Field Goal,16,Mid-Range,Center(C),16-24 ft.,-2,163,0,Missed Shot,-2,0.3333333333333333,0.6,0.6,0.47554347826086957,0.47522063815342835,0.4166634623188411,0.24963106492789316,0.1496840967790678,0.05888001594202846,0.2259124133329764,0.32585938148180177
22500185,2025-11-08,143,17,3,7,59,Jump Shot,3PT Field Goal,25,Above the Break 3,Right Side Center(RC),24+ ft.,86,235,0,Missed Shot,-3,0.0,0.4,0.5,0.47522063815342835,0.47489823609226595,0.33419750302794315,0.18546667432216424,0.1433898235420111,0.1410231351254852,0.2897539638312641,0.3318308146114173
22500198,2025-11-10,144,1,1,10,34,Pullup Jump shot,2PT Field Goal,12,In The Paint (Non-RA),Center(C),8-16 ft.,53,113,0,Missed Shot,-4,0.0,0.2,0.4,0.4756348661633493,0.47530864197530864,0.4756348661633493,0.4756348661633493,0.4756348661633493,0.0,0.0,0.0
22500198,2025-11-10,145,2,1,9,1,Driving Floating Jump Shot,2PT Field Goal,14,Mid-Range,Center(C),8-16 ft.,29,147,0,Missed Shot,-5,0.0,0.0,0.4,0.47530864197530864,0.47498286497601094,0.1426904598490048,0.1426904598490048,0.1426904598490048,0.33261818212630384,0.33261818212630384,0.33261818212630384
22500198,2025-11-10,146,3,1,9,0,Putback Layup Shot,2PT Field Goal,1,Restricted Area,Center(C),Less Than 8 ft.,7,16,1,Made Shot,-6,0.0,0.0,0.3,0.47498286497601094,0.47534246575342465,0.1426904598490048,0.1426904598490048,0.1426904598490048,0.33229240512700614,0.33229240512700614,0.33229240512700614
22500198,2025-11-10,147,4,1,8,24,Driving Floating Jump Shot,2PT Field Goal,10,In The Paint (Non-RA),Left Side(L),8-16 ft.,-71,77,1,Made Shot,1,0.3333333333333333,0.2,0.4,0.47534246575342465,0.4757015742642026,0.4623251630453518,0.5914084085669534,0.7733210904796355,0.013017302708072831,0.11606594281352878,0.29797862472621084
22500198,2025-11-10,148,5,1,7,54,Step Back Jump shot,3PT Field Goal,25,Above the Break 3,Center(C),24+ ft.,-2,251,1,Made Shot,2,0.6666666666666666,0.4,0.4,0.4757015742642026,0.47606019151846785,0.6124891175671257,0.7461387357110736,0.8357597667796979,0.13678754330292303,0.27043716144687097,0.36005819251549526
22500198,2025-11-10,149,6,1,7,9,Driving Layup Shot,2PT Field Goal,1,Restricted Area,Center(C),Less Than 8 ft.,-12,14,1,Made Shot,3,1.0,0.6,0.4,0.47606019151846785,0.4764183185235817,0.6955013934612078,0.8046691213427002,0.8419974529189354,0.21944120194273992,0.32860892982423234,0.3659372614004675
22500198,2025-11-10,150,7,1,6,27,Fadeaway Jump Shot,2PT Field Goal,14,Mid-Range,Left Side(L),8-16 ft.,-102,101,1,Made Shot,4,1.0,0.8,0.4,0.4764183185235817,0.476775956284153,0.7455457861307226,0.827575749997453,0.8426211597797046,0.26912746760714096,0.3511574314738713,0.36620284125612296
22500198,2025-11-10,151,8,1,5,7,Step Back Jump shot,3PT Field Goal,26,Above the Break 3,Center(C),24+ ft.,64,261,0,Missed Shot,5,1.0,1.0,0.5,0.476775956284153,0.4764505119453925,0.777304668796968,0.8366594586566514,0.8426835298483117,0.30052871251281504,0.3598835023724984,0.36590757356415876
22500198,2025-11-10,152,9,2,4,35,Pullup Jump shot,3PT Field Goal,26,Above the Break 3,Left Side Center(LC),24+ ft.,-104,239,1,Made Shot,-1,0.6666666666666666,0.8,0.5,0.4764505119453925,0.4768076398362892,0.5752737241980299,0.42000500070650115,0.2126897605489978,0.0988232122526374,0.056445511238891355,0.2637607513963947
22500198,2025-11-10,153,10,2,4,7,Pullup Jump shot,3PT Field Goal,28,Above the Break 3,Left Side Center(LC),24+ ft.,-135,255,0,Missed Shot,1,0.6666666666666666,0.8,0.6,0.4768076398362892,0.47648261758691207,0.6588722468210317,0.6736827762988082,0.7796903904860049,0.18206460698474253,0.19687513646251903,0.30288275064971565
22500198,2025-11-10,154,11,2,2,55,Driving Floating Bank Jump Shot,2PT Field Goal,14,Mid-Range,Left Side(L),8-16 ft.,-135,57,1,Made Shot,-1,0.3333333333333333,0.6,0.6,0.47648261758691207,0.4768392370572207,0.49951629964356503,0.35505397577761266,0.20639045285537477,0.02303368205665296,0.12142864180929941,0.2700921647315373
22500198,2025-11-10,155,12,2,1,5,Turnaround Jump Shot,3PT Field Goal,25,Above the Break 3,Left Side Center(LC),24+ ft.,-169,188,0,Missed Shot,1,0.6666666666666666,0.6,0.7,0.4768392370572207,0.4765146358066712,0.6045453145039406,0.6476481385091191,0.7790604591553685,0.12770607744671986,0.17080890145189837,0.3022212220981478
22500198,2025-11-10,156,13,2,0,26,Step Back Jump shot,3PT Field Goal,25,Above the Break 3,Left Side Center(LC),24+ ft.,-151,208,1,Made Shot,-1,0.3333333333333333,0.4,0.7,0.4765146358066712,0.47687074829931975,0.4640441410130955,0.3446684481573419,0.2063274597790684,0.012470494793575704,0.13184618764932932,0.2701871760276028
22500198,2025-11-10,157,14,3,10,51,Pullup Jump shot,3PT Field Goal,33,Above the Break 3,Center(C),24+ ft.,-56,333,0,Missed Shot,1,0.6666666666666666,0.6,0.7,0.47687074829931975,0.47654656696125086,0.5787494046117228,0.6434836604872842,0.7790541598420684,0.101878656312403,0.16661291218796448,0.30218341154274864
22500198,2025-11-10,158,15,3,9,12,Turnaround Fadeaway shot,2PT Field Goal,14,Mid-Range,Left Side(L),8-16 ft.,-137,50,1,Made Shot,-1,0.3333333333333333,0.4,0.6,0.47654656696125086,0.47690217391304346,0.4470384269428823,0.34300693351824435,0.20632682984830542,0.029508140018368545,0.1335396334430065,0.27021973711294545
22500198,2025-11-10,159,16,3,7,34,Fadeaway Jump Shot,2PT Field Goal,7,In The Paint (Non-RA),Center(C),Less Than 8 ft.,26,74,0,Missed Shot,1,0.6666666666666666,0.6,0.6,0.47690217391304346,0.47657841140529533,0.5663002396061252,0.6428173712357068,0.7790540968489355,0.08939806569308173,0.16591519732266335,0.302151922935892
22500198,2025-11-10,160,17,3,7,27,Jump Shot,3PT Field Goal,28,Above the Break 3,Center(C),24+ ft.,38,278,0,Missed Shot,-1,0.3333333333333333,0.4,0.5,0.47657841140529533,0.4762550881953867,0.4387935636279948,0.34274109552190657,0.20632682354899778,0.03778484777730051,0.13383731588338876,0.27025158785629755
22500198,2025-11-10,161,18,3,6,12,Step Back Jump shot,3PT Field Goal,26,Above the Break 3,Right Side Center(RC),24+ ft.,105,248,1,Made Shot,-2,0.3333333333333333,0.4,0.4,0.4762550881953867,0.4766101694915254,0.34975550279573947,0.2227106934970995,0.1490540962190041,0.12649958539964723,0.2535443946982872,0.32720099197638264
22500198,2025-11-10,162,19,3,3,41,Driving Dunk Shot,2PT Field Goal,2,Restricted Area,Center(C),Less Than 8 ft.,2,23,1,Made Shot,1,0.3333333333333333,0.4,0.5,0.4766101694915254,0.47696476964769646,0.49787719328665997,0.5946985788710555,0.7733268234860047,0.021267023795134565,0.11808840937953008,0.2967166539944793
22500198,2025-11-10,163,20,3,3,30,Running Pull-Up Jump Shot,3PT Field Goal,28,Above the Break 3,Right Side Center(RC),24+ ft.,183,215,0,Missed Shot,2,0.6666666666666666,0.6,0.5,0.47696476964769646,0.4766418415707515,0.601439222527013,0.7434937115478746,0.8357540962127048,0.12447445287931652,0.2665289419001781,0.35878932656500834
22500198,2025-11-10,164,21,3,2,0,Pullup Jump shot,3PT Field Goal,26,Above the Break 3,Center(C),24+ ft.,7,263,0,Missed Shot,-1,0.6666666666666666,0.4,0.5,0.4766418415707515,0.476319350473613,0.4637046922204045,0.3830117565650117,0.2119968234853748,0.01293714935034701,0.09363008500573983,0.2646450180853767
22500198,2025-11-10,165,22,3,0,28,Jump Shot,3PT Field Goal,26,Above the Break 3,Center(C),24+ ft.,25,264,1,Made Shot,-2,0.3333333333333333,0.4,0.4,0.476319350473613,0.4766734279918864,0.3673466020962748,0.23881897790124101,0.1496210962126418,0.10897274837733822,0.237500372572372,0.3266982542609712
22500198,2025-11-10,166,23,4,8,24,Running Pull-Up Jump Shot,3PT Field Goal,25,Above the Break 3,Right Side Center(RC),24+ ft.,108,236,0,Missed Shot,1,0.3333333333333333,0.6,0.5,0.4766734279918864,0.47635135135135137,0.5100055365125487,0.6011418677073044,0.7733835234853683,0.03333210852066226,0.12446843971541799,0.29671009549348193
22500198,2025-11-10,167,24,4,5,40,Running Layup Shot,2PT Field Goal,2,Restricted Area,Center(C),Less Than 8 ft.,17,23,1,Made Shot,-1,0.3333333333333333,0.4,0.4,0.47635135135135137,0.47670492910195816,0.3997808463965413,0.32607102279876077,0.20575976621264114,0.07657050495481005,0.1502803285525906,0.27059158513871023
22500198,2025-11-10,168,25,4,4,17,Pullup Jump shot,2PT Field Goal,13,Mid-Range,Right Side(R),8-16 ft.,87,102,1,Made Shot,1,0.6666666666666666,0.4,0.5,0.47670492910195816,0.47705802968960864,0.532679191260838,0.6360426851161564,0.7789973904853684,0.055974262158879795,0.1593377560141982,0.30229246138341026
22500198,2025-11-10,169,26,4,3,56,Running Jump Shot,3PT Field Goal,30,Above the Break 3,Left Side Center(LC),24+ ft.,-173,256,0,Missed Shot,2,0.6666666666666666,0.6,0.5,0.47705802968960864,0.47673634524612274,0.6256950459016669,0.7600313499698252,0.8363211529126411,0.14863701621205827,0.2829733202802166,0.35926312322303244
22500198,2025-11-10,170,27,4,3,4,Driving Floating Jump Shot,2PT Field Goal,6,In The Paint (Non-RA),Center(C),Less Than 8 ft.,61,16,0,Missed Shot,-1,0.6666666666666666,0.6,0.5,0.47673634524612274,0.47641509433962265,0.48078006622064445,0.38962681588065146,0.2120535291553684,0.004043720974521714,0.08710952936547128,0.26468281609075434
22500198,2025-11-10,171,28,4,0,16,Jump Shot,3PT Field Goal,30,Above the Break 3,Right Side Center(RC),24+ ft.,109,285,0,Missed Shot,-2,0.3333333333333333,0.4,0.5,0.47641509433962265,0.47609427609427607,0.3793465188711333,0.24146500225899442,0.14962676677964115,0.09706857546848935,0.23495009208062823,0.3267883275599815
22500222,2025-11-12,172,1,1,11,24,Driving Layup Shot,2PT Field Goal,1,Restricted Area,Center(C),Less Than 8 ft.,12,13,1,Made Shot,-3,0.0,0.4,0.4,0.4756348661633493,0.47599451303155005,0.4756348661633493,0.4756348661633493,0.4756348661633493,0.0,0.0,0.0
22500222,2025-11-12,173,2,1,9,0,Step Back Jump shot,3PT Field Goal,27,Above the Break 3,Center(C),24+ ft.,83,263,1,Made Shot,1,0.3333333333333333,0.4,0.4,0.47599451303155005,0.47635366689513364,0.8426904598490048,0.8426904598490048,0.8426904598490048,0.36669594681745477,0.36669594681745477,0.36669594681745477
22500222,2025-11-12,174,3,1,7,39,Step Back Jump shot,3PT Field Goal,27,Above the Break 3,Left Side Center(LC),24+ ft.,-165,225,0,Missed Shot,2,0.6666666666666666,0.4,0.5,0.47635366689513364,0.476027397260274,0.8426904598490048,0.8426904598490048,0.8426904598490048,0.36633679295387117,0.36633679295387117,0.36633679295387117
22500222,2025-11-12,175,4,1,7,8,Driving Floating Jump Shot,2PT Field Goal,13,In The Paint (Non-RA),Left Side(L),8-16 ft.,-74,110,0,Missed Shot,-1,0.6666666666666666,0.4,0.5,0.476027397260274,0.4757015742642026,0.5230557566526577,0.3939725111310561,0.21205982921837416,0.0470283593923837,0.08205488612921791,0.2639675680418998
22500222,2025-11-12,176,5,1,5,1,Step Back Jump shot,2PT Field Goal,20,Mid-Range,Center(C),16-24 ft.,4,204,0,Missed Shot,-2,0.3333333333333333,0.4,0.4,0.4757015742642026,0.47537619699042405,0.37289180213088396,0.23924218398693584,0.14962115291831174,0.10280977213331866,0.23645939027726678,0.3260804213458909
22500222,2025-11-12,177,6,1,2,41,Driving Floating Bank Jump Shot,2PT Field Goal,8,Mid-Range,Right Side(R),8-16 ft.,81,38,1,Made Shot,-3,0.0,0.4,0.4,0.47537619699042405,0.47573479152426523,0.2898795262368018,0.18071179835530937,0.1433834667790741,0.18549667075362225,0.2946643986351147,0.33199273021134995
22500222,2025-11-12,178,7,1,1,45,Step Back Jump shot,3PT Field Goal,28,Above the Break 3,Left Side Center(LC),24+ ft.,-129,249,0,Missed Shot,1,0.3333333333333333,0.4,0.4,0.47573479152426523,0.47540983606557374,0.4778356571684389,0.5795325651121627,0.7727603899189348,0.002100865644173666,0.10379777358789744,0.2970255983946696
22500222,2025-11-12,179,8,1,0,39,Driving Floating Jump Shot,2PT Field Goal,12,Mid-Range,Left Side(L),8-16 ft.,-116,33,0,Missed Shot,-1,0.3333333333333333,0.2,0.3,0.47540983606557374,0.4750853242320819,0.3682687958015407,0.3169971639530088,0.20569739614969842,0.10714104026403304,0.15841267211256493,0.26971243991587535
22500222,2025-11-12,180,9,2,7,39,Driving Floating Jump Shot,2PT Field Goal,9,In The Paint (Non-RA),Center(C),8-16 ft.,7,90,0,Missed Shot,-2,0.3333333333333333,0.2,0.3,0.4750853242320819,0.4747612551159618,0.29645539539076554,0.21234455635769273,0.14899115291201173,0.17862992884131634,0.26274076787438916,0.3260941713200701
22500222,2025-11-12,181,10,2,5,41,Step Back Jump shot,3PT Field Goal,27,Above the Break 3,Center(C),24+ ft.,66,269,0,Missed Shot,-3,0.0,0.2,0.3,0.4747612551159618,0.47443762781186094,0.248386147177035,0.17054113993768596,0.14332052914963486,0.2263751079389268,0.30422011517827585,0.3314407259663269
22500222,2025-11-12,182,11,2,4,15,Driving Layup Shot,2PT Field Goal,5,In The Paint (Non-RA),Center(C),Less Than 8 ft.,-58,6,0,Missed Shot,-4,0.0,0.2,0.3,0.47443762781186094,0.47411444141689374,0.21575571194696674,0.15382897948744165,0.1427534667790111,0.2586819158648942,0.32060864832441927,0.3316841610328498
22500222,2025-11-12,183,12,2,1,17,Driving Floating Jump Shot,2PT Field Goal,2,Restricted Area,Center(C),Less Than 8 ft.,0,29,1,Made Shot,-5,0.0,0.0,0.2,0.47411444141689374,0.47447243022464264,0.19339397164641514,0.14714558738259714,0.14269676054200486,0.2807204697704786,0.3269688540342966,0.3314176808748889
22500222,2025-11-12,184,13,2,0,12,Step Back Jump shot,3PT Field Goal,27,Above the Break 3,Left Side Center(LC),24+ ft.,-159,223,0,Missed Shot,1,0.3333333333333333,0.2,0.2,0.47447243022464264,0.4741496598639456,0.3909168895425723,0.5644795125638487,0.7726910899189348,0.08355554068207033,0.09000708233920601,0.2982186596942921
22500222,2025-11-12,185,14,3,8,21,Step Back Jump shot,2PT Field Goal,19,Mid-Range,Left Side Center(LC),16-24 ft.,-80,183,0,Missed Shot,-1,0.3333333333333333,0.2,0.2,0.4741496598639456,0.4738273283480625,0.3157203891839201,0.31140438257649433,0.20569052285594108,0.1584292706800255,0.16274527728745125,0.2684591370080045
22500222,2025-11-12,186,15,3,7,10,Fadeaway Jump Shot,2PT Field Goal,15,Mid-Range,Left Side(L),8-16 ft.,-152,0,1,Made Shot,-2,0.3333333333333333,0.2,0.2,0.4738273283480625,0.4741847826086957,0.26345694766439515,0.2101757572064785,0.14899046614969785,0.21037038068366737,0.263651571141584,0.32483686219836466
22500222,2025-11-12,187,16,3,6,4,Step Back Jump shot,3PT Field Goal,24,Above the Break 3,Left Side Center(LC),24+ ft.,-107,225,0,Missed Shot,1,0.3333333333333333,0.4,0.3,0.4741847826086957,0.47386286490156143,0.4380559206837603,0.5896849862869261,0.7733204604790747,0.03612886192493536,0.11550020367823044,0.299135677870379
22500222,2025-11-12,188,17,3,4,26,Pullup Jump shot,2PT Field Goal,17,Mid-Range,Left Side Center(LC),16-24 ft.,-80,153,0,Missed Shot,-1,0.3333333333333333,0.4,0.2,0.47386286490156143,0.4735413839891452,0.3491508247452729,0.3214881552345115,0.20575345991201172,0.1247120401562885,0.1523747096670499,0.2681094049895497
22500222,2025-11-12,189,18,3,3,28,Driving Layup Shot,2PT Field Goal,1,Restricted Area,Center(C),Less Than 8 ft.,11,10,1,Made Shot,-2,0.3333333333333333,0.2,0.2,0.4735413839891452,0.4738983050847458,0.2870682923622135,0.2142095195728782,0.1489967598553055,0.1864730916269317,0.259331864416267,0.32454462413383967
22500222,2025-11-12,190,19,3,2,33,Driving Floating Jump Shot,2PT Field Goal,9,In The Paint (Non-RA),Right Side(R),8-16 ft.,61,72,1,Made Shot,1,0.3333333333333333,0.4,0.3,0.4738983050847458,0.4742547425474255,0.4540268201451798,0.5912981096518847,0.7733210898496348,0.019871484939565975,0.11739980456713889,0.299422784764889
22500222,2025-11-12,191,20,3,1,23,Jump Shot,3PT Field Goal,29,Above the Break 3,Right Side Center(RC),24+ ft.,132,261,0,Missed Shot,2,0.6666666666666666,0.6,0.4,0.4742547425474255,0.47393364928909953,0.5707589738147716,0.742133523916289,0.8357535228490678,0.09650423126734609,0.26787878136886345,0.3614987803016423
22500045,2025-11-14,192,1,1,11,38,Turnaround Fadeaway shot,2PT Field Goal,7,In The Paint (Non-RA),Center(C),Less Than 8 ft.,-71,22,0,Missed Shot,-1,0.6666666666666666,0.4,0.4,0.4756348661633493,0.47530864197530864,0.4756348661633493,0.4756348661633493,0.4756348661633493,0.0,0.0,0.0
22500045,2025-11-14,193,2,1,6,32,Pullup Jump shot,2PT Field Goal,20,Mid-Range,Center(C),16-24 ft.,58,199,0,Missed Shot,-2,0.3333333333333333,0.4,0.4,0.47530864197530864,0.47498286497601094,0.1426904598490048,0.1426904598490048,0.1426904598490048,0.33261818212630384,0.33261818212630384,0.33261818212630384
22500045,2025-11-14,194,3,1,3,7,Step Back Jump shot,3PT Field Goal,25,Above the Break 3,Left Side Center(LC),24+ ft.,-141,208,0,Missed Shot,-3,0.0,0.4,0.3,0.47498286497601094,0.47465753424657536,0.1426904598490048,0.1426904598490048,0.1426904598490048,0.33229240512700614,0.33229240512700614,0.33229240512700614
22500045,2025-11-14,195,4,2,8,8,Jump Shot,3PT Field Goal,27,Above the Break 3,Center(C),24+ ft.,39,276,1,Made Shot,-4,0.0,0.2,0.3,0.47465753424657536,0.4750171115674196,0.1426904598490048,0.1426904598490048,0.1426904598490048,0.33196707439757056,0.33196707439757056,0.33196707439757056
22500045,2025-11-14,196,5,2,6,11,Pullup Jump shot,2PT Field Goal,9,Mid-Range,Right Side(R),8-16 ft.,92,-5,1,Made Shot,1,0.3333333333333333,0.2,0.4,0.4750171115674196,0.47537619699042405,0.4190426114478994,0.5737249426076254,0.7727534661496349,0.05597450011952021,0.0987078310402058,0.2977363545822153
22500045,2025-11-14,197,6,2,4,42,Running Pull-Up Jump Shot,3PT Field Goal,28,Above the Break 3,Right Side Center(RC),24+ ft.,108,262,1,Made Shot,2,0.6666666666666666,0.4,0.4,0.47537619699042405,0.47573479152426523,0.5718131023790254,0.7367738740100134,0.8356973899183056,0.09643690538860133,0.2613976770195893,0.3603211929278815
22500045,2025-11-14,198,7,2,2,17,Step Back Jump shot,3PT Field Goal,27,Above the Break 3,Right Side Center(RC),24+ ft.,183,209,1,Made Shot,3,1.0,0.6,0.5,0.47573479152426523,0.4760928961748634,0.6639116065355275,0.80058519669111,0.841991159149704,0.18817681501126227,0.3248504051668447,0.3662563676254388
22500045,2025-11-14,199,8,2,0,31,Step Back Jump shot,3PT Field Goal,24,Above the Break 3,Center(C),24+ ft.,44,241,0,Missed Shot,4,1.0,0.8,0.6,0.4760928961748634,0.4757679180887372,0.7223586258960968,0.8258898136703057,0.8426205298420117,0.2462657297212334,0.3497969174954423,0.36652763366714836
22500045,2025-11-14,200,9,3,8,25,Pullup Jump shot,3PT Field Goal,26,Above the Break 3,Center(C),24+ ft.,-15,265,0,Missed Shot,-1,0.6666666666666666,0.8,0.5,0.4757679180887372,0.47544338335607095,0.537819884895372,0.41570138028582226,0.21268346054893478,0.06205196680663483,0.06006653780291493,0.2630844575398024
22500045,2025-11-14,201,10,3,7,1,Fadeaway Jump Shot,2PT Field Goal,12,Mid-Range,Right Side(R),8-16 ft.,109,58,1,Made Shot,-2,0.3333333333333333,0.6,0.4,0.47544338335607095,0.4758009543285617,0.4142964408658062,0.2518518758592434,0.1496897598560041,0.061146942490264755,0.22359150749682755,0.32575362350006687
22500045,2025-11-14,202,11,3,3,58,Pullup Jump shot,3PT Field Goal,28,Above the Break 3,Center(C),24+ ft.,66,274,0,Missed Shot,1,0.3333333333333333,0.6,0.5,0.4758009543285617,0.47547683923705725,0.5465504962843264,0.606392202500855,0.7733903899120749,0.07074954195576472,0.13059124817229334,0.2975894355835132
22500045,2025-11-14,203,12,3,2,32,Driving Floating Jump Shot,2PT Field Goal,5,In The Paint (Non-RA),Center(C),Less Than 8 ft.,33,50,0,Missed Shot,-1,0.3333333333333333,0.4,0.5,0.47547683923705725,0.47515316541865216,0.4229484694216849,0.3281594869838287,0.20576045284963548,0.052528369815372344,0.14731735225322856,0.2697163863874218
22500045,2025-11-14,204,13,3,0,6,Pullup Jump shot,2PT Field Goal,16,Mid-Range,Center(C),16-24 ft.,0,163,0,Missed Shot,-2,0.3333333333333333,0.2,0.5,0.47515316541865216,0.4748299319727891,0.3376909933373654,0.21687620367925317,0.1489974591490111,0.13746217208128675,0.25827696173939896,0.3261557062696411
22500045,2025-11-14,205,14,4,1,37,Fadeaway Jump Shot,2PT Field Goal,12,In The Paint (Non-RA),Center(C),8-16 ft.,10,126,1,Made Shot,-3,0.0,0.2,0.5,0.4748299319727891,0.4751869476546567,0.27861848560925356,0.17236445866783992,0.14332115977900486,0.19621144636353555,0.3024654733049492,0.3315087721937843
22500045,2025-11-14,206,15,4,0,12,Layup Shot,2PT Field Goal,4,In The Paint (Non-RA),Center(C),Less Than 8 ft.,32,36,0,Missed Shot,1,0.3333333333333333,0.4,0.5,0.4751869476546567,0.4748641304347826,0.4489956148827697,0.5745611390150317,0.772753529842011,0.02619133277188701,0.09937419136037501,0.29756658218735427
22500045,2025-11-14,207,16,4,0,3,Pullup Jump shot,3PT Field Goal,22,Left Corner 3,Left Side(L),24+ ft.,-227,-24,0,Missed Shot,-1,0.3333333333333333,0.2,0.4,0.4748641304347826,0.4745417515274949,0.35666572654856743,0.31543845328455034,0.20569676684830485,0.11819840388621516,0.15942567715023226,0.26916736358647775
22500231,2025-11-15,208,1,1,10,2,Fadeaway Jump Shot,2PT Field Goal,17,Mid-Range,Left Side Center(LC),16-24 ft.,-113,132,0,Missed Shot,-2,0.3333333333333333,0.2,0.3,0.4756348661633493,0.47530864197530864,0.4756348661633493,0.4756348661633493,0.4756348661633493,0.0,0.0,0.0
22500231,2025-11-15,209,2,1,9,4,Step Back Jump shot,3PT Field Goal,29,Above the Break 3,Left Side Center(LC),24+ ft.,-180,231,0,Missed Shot,-3,0.0,0.2,0.2,0.47530864197530864,0.47498286497601094,0.1426904598490048,0.1426904598490048,0.1426904598490048,0.33261818212630384,0.33261818212630384,0.33261818212630384
22500231,2025-11-15,210,3,1,7,24,Step Back Jump shot,3PT Field Goal,25,Above the Break 3,Center(C),24+ ft.,-37,254,1,Made Shot,-4,0.0,0.2,0.2,0.47498286497601094,0.47534246575342465,0.1426904598490048,0.1426904598490048,0.1426904598490048,0.33229240512700614,0.33229240512700614,0.33229240512700614
22500231,2025-11-15,211,4,1,6,46,Step Back Jump shot,3PT Field Goal,27,Above the Break 3,Left Side Center(LC),24+ ft.,-202,186,1,Made Shot,1,0.3333333333333333,0.2,0.3,0.47534246575342465,0.4757015742642026,0.4623251630453518,0.5914084085669534,0.7733210904796355,0.013017302708072831,0.11606594281352878,0.29797862472621084
22500231,2025-11-15,212,5,1,5,8,Running Pull-Up Jump Shot,2PT Field Goal,14,Mid-Range,Center(C),8-16 ft.,11,146,1,Made Shot,2,0.6666666666666666,0.4,0.3,0.4757015742642026,0.47606019151846785,0.6124891175671257,0.7461387357110736,0.8357597667796979,0.13678754330292303,0.27043716144687097,0.36005819251549526
22500231,2025-11-15,213,6,1,3,55,Driving Finger Roll Layup Shot,2PT Field Goal,8,In The Paint (Non-RA),Right Side(R),8-16 ft.,53,62,0,Missed Shot,3,1.0,0.6,0.4,0.47606019151846785,0.47573479152426523,0.6955013934612078,0.8046691213427002,0.8419974529189354,0.21944120194273992,0.32860892982423234,0.3659372614004675
22500231,2025-11-15,214,7,1,1,4,Step Back Jump shot,3PT Field Goal,25,Above the Break 3,Right Side Center(RC),24+ ft.,137,218,0,Missed Shot,-1,0.6666666666666666,0.6,0.4,0.47573479152426523,0.47540983606557374,0.5075452625295707,0.40584835458584695,0.2126205297790747,0.03181047100530543,0.06988643693841828,0.26311426174519054
22500231,2025-11-15,215,8,1,1,51,Driving Floating Jump Shot,2PT Field Goal,11,In The Paint (Non-RA),Center(C),8-16 ft.,-6,110,0,Missed Shot,-2,0.3333333333333333,0.6,0.4,0.47540983606557374,0.4750853242320819,0.38826563118146995,0.24769449846587469,0.14968346054830486,0.0871442048841038,0.22771533759969906,0.3257263755172689
22500231,2025-11-15,216,9,2,5,36,Turnaround Fadeaway shot,2PT Field Goal,11,Mid-Range,Left Side(L),8-16 ft.,-91,65,1,Made Shot,-3,0.0,0.4,0.3,0.4750853242320819,0.47544338335607095,0.3100861906098641,0.18465075895062405,0.1433897598559978,0.1649991336222178,0.29043456528145783,0.33169556437608405
22500231,2025-11-15,217,10,2,3,49,Driving Floating Jump Shot,2PT Field Goal,12,Mid-Range,Right Side(R),8-16 ft.,124,-5,0,Missed Shot,1,0.3333333333333333,0.4,0.4,0.47544338335607095,0.47511929107021134,0.4765863535211649,0.5795781073244646,0.7727603904790747,0.0011429701650939594,0.10413472396839363,0.2973170071230038
22500231,2025-11-15,218,11,2,2,42,Step Back Jump shot,3PT Field Goal,28,Above the Break 3,Left Side Center(LC),24+ ft.,-157,235,1,Made Shot,-1,0.3333333333333333,0.2,0.4,0.47511929107021134,0.47547683923705725,0.37350581535084537,0.3174180293625978,0.2056974528553055,0.10161347571936596,0.15770126170761356,0.26942183821490584
22500231,2025-11-15,219,12,2,1,14,Turnaround Fadeaway shot,2PT Field Goal,21,Mid-Range,Left Side Center(LC),16-24 ft.,-116,178,1,Made Shot,1,0.6666666666666666,0.4,0.5,0.47547683923705725,0.4758339006126617,0.5171005457051272,0.6325947071224443,0.7789911591553678,0.041623706468069954,0.157117867885387,0.3035143199183105
22500231,2025-11-15,220,13,2,0,3,Step Back Bank Jump Shot,3PT Field Goal,27,Above the Break 3,Left Side Center(LC),24+ ft.,-197,194,0,Missed Shot,2,0.6666666666666666,0.6,0.6,0.4758339006126617,0.47551020408163264,0.6161484707251557,0.7586542736869577,0.8363205297796985,0.14031457011249399,0.282820373074296,0.36048662916703683
22500231,2025-11-15,221,14,3,9,12,Step Back Jump shot,3PT Field Goal,27,Above the Break 3,Center(C),24+ ft.,-60,270,0,Missed Shot,-1,0.6666666666666666,0.6,0.5,0.47551020408163264,0.4751869476546567,0.472721416931545,0.3890735051696328,0.21205346684201173,0.002788787150087624,0.08643669891199984,0.26345673723962093
22500231,2025-11-15,222,15,3,3,51,Step Back Jump shot,3PT Field Goal,25,Above the Break 3,Left Side Center(LC),24+ ft.,-207,144,0,Missed Shot,-2,0.3333333333333333,0.4,0.4,0.4751869476546567,0.4748641304347826,0.3730360405841385,0.24124328114852006,0.14962676054830487,0.10215090707051822,0.23394366650613663,0.3255601871063518
22500231,2025-11-15,223,16,3,0,56,Step Back Jump shot,3PT Field Goal,29,Above the Break 3,Center(C),24+ ft.,27,289,1,Made Shot,-3,0.0,0.4,0.3,0.4748641304347826,0.47522063815342835,0.3036027274386008,0.18211152487657106,0.1433840899189348,0.1712614029961818,0.29275260555821153,0.3314800405158478
22500231,2025-11-15,224,17,3,0,30,Step Back Jump shot,3PT Field Goal,26,Above the Break 3,Center(C),24+ ft.,-6,266,1,Made Shot,1,0.3333333333333333,0.4,0.4,0.47522063815342835,0.4755766621438263,0.46586830322311035,0.5784590560899997,0.7727598228559978,0.009352334930318007,0.10323841793657135,0.2975391847025694
22500231,2025-11-15,225,18,3,0,2,Driving Floating Jump Shot,2PT Field Goal,10,Mid-Range,Right Side(R),8-16 ft.,88,52,1,Made Shot,2,0.6666666666666666,0.4,0.5,0.4755766621438263,0.4759322033898305,0.5791785444073457,0.736997925582173,0.8356973961497041,0.10360188226351941,0.2614212634383467,0.36012073400587774
22500231,2025-11-15,226,19,4,11,46,Jump Shot,3PT Field Goal,26,Above the Break 3,Center(C),24+ ft.,-78,253,0,Missed Shot,3,1.0,0.6,0.6,0.4759322033898305,0.47560975609756095,0.6583610609264599,0.8004134505001539,0.8419911534790747,0.18242885753662935,0.3244812471103234,0.3660589500892442
22500253,2025-11-18,227,1,1,9,39,Fadeaway Jump Shot,2PT Field Goal,10,In The Paint (Non-RA),Center(C),8-16 ft.,-34,101,0,Missed Shot,-1,0.6666666666666666,0.6,0.5,0.4756348661633493,0.47530864197530864,0.4756348661633493,0.4756348661633493,0.4756348661633493,0.0,0.0,0.0
22500253,2025-11-18,228,2,1,9,2,Jump Shot,3PT Field Goal,26,Above the Break 3,Left Side Center(LC),24+ ft.,-136,232,0,Missed Shot,-2,0.3333333333333333,0.6,0.5,0.47530864197530864,0.47498286497601094,0.1426904598490048,0.1426904598490048,0.1426904598490048,0.33261818212630384,0.33261818212630384,0.33261818212630384
22500253,2025-11-18,229,3,1,7,24,Fadeaway Jump Shot,2PT Field Goal,12,In The Paint (Non-RA),Center(C),8-16 ft.,-58,111,1,Made Shot,-3,0.0,0.4,0.4,0.47498286497601094,0.47534246575342465,0.1426904598490048,0.1426904598490048,0.1426904598490048,0.33229240512700614,0.33229240512700614,0.33229240512700614
22500253,2025-11-18,230,4,1,6,45,Step Back Jump shot,3PT Field Goal,24,Right Corner 3,Right Side(R),24+ ft.,232,62,0,Missed Shot,1,0.3333333333333333,0.4,0.4,0.47534246575342465,0.4750171115674196,0.4623251630453518,0.5914084085669534,0.7733210904796355,0.013017302708072831,0.11606594281352878,0.29797862472621084
22500253,2025-11-18,231,5,1,5,54,Driving Floating Jump Shot,2PT Field Goal,8,In The Paint (Non-RA),Left Side(L),8-16 ft.,-67,60,1,Made Shot,-1,0.3333333333333333,0.2,0.4,0.4750171115674196,0.47537619699042405,0.336136965968231,0.31510425295245303,0.2056967604790678,0.1388801455991886,0.15991285861496657,0.26932035108835184
22500253,2025-11-18,232,6,1,3,27,Driving Layup Shot,2PT Field Goal,2,Restricted Area,Center(C),Less Than 8 ft.,-9,26,1,Made Shot,1,0.6666666666666666,0.4,0.5,0.47537619699042405,0.47573479152426523,0.5188038347723758,0.6349310030109835,0.7789968229126354,0.043427637781951745,0.15955480602055944,0.30362062592221134
22500253,2025-11-18,233,7,1,3,5,Running Pull-Up Jump Shot,2PT Field Goal,12,In The Paint (Non-RA),Center(C),8-16 ft.,-25,123,0,Missed Shot,2,0.6666666666666666,0.6,0.6,0.47573479152426523,0.47540983606557374,0.6289255295661582,0.7600993667315958,0.8363211534796984,0.15319073804189298,0.2843645752073306,0.36058636195543314
22500253,2025-11-18,234,8,2,5,37,Jump Shot,3PT Field Goal,27,Above the Break 3,Right Side Center(RC),24+ ft.,147,237,0,Missed Shot,-1,0.6666666666666666,0.6,0.5,0.47540983606557374,0.4750853242320819,0.4699638290807246,0.38904608891166104,0.21205346678530548,0.00544600698484915,0.0863637471539127,0.2633563692802683
22500253,2025-11-18,235,9,2,4,37,Step Back Jump shot,3PT Field Goal,26,Above the Break 3,Right Side Center(RC),24+ ft.,118,241,0,Missed Shot,-2,0.3333333333333333,0.4,0.4,0.4750853242320819,0.4747612551159618,0.36577557266337896,0.24113577697203456,0.1496267599183678,0.10930975156870293,0.23394954726004732,0.3254585643137141
22500253,2025-11-18,236,10,2,3,45,Driving Floating Jump Shot,2PT Field Goal,8,In The Paint (Non-RA),Center(C),8-16 ft.,7,81,1,Made Shot,-3,0.0,0.4,0.3,0.4747612551159618,0.47511929107021134,0.29603578691261623,0.18205309852855883,0.14338408984969844,0.17872546820334556,0.29270815658740296,0.3313771652662634
22500253,2025-11-18,237,11,2,2,34,Jump Shot,3PT Field Goal,29,Above the Break 3,Left Side Center(LC),24+ ft.,-96,278,1,Made Shot,1,0.3333333333333333,0.4,0.4,0.47511929107021134,0.47547683923705725,0.4647993415040673,0.5784770833884612,0.7727598229120116,0.010319949566144015,0.10335779231824982,0.2976405318418003
22500253,2025-11-18,238,12,3,10,29,Driving Floating Jump Shot,2PT Field Goal,9,In The Paint (Non-RA),Right Side(R),8-16 ft.,55,74,1,Made Shot,2,0.6666666666666666,0.4,0.5,0.47547683923705725,0.4758339006126617,0.5804535383716125,0.7370117586910148,0.8356973961559349,0.10497669913455526,0.2615349194539575,0.3602205569188776
22500253,2025-11-18,239,13,3,9,28,Driving Layup Shot,2PT Field Goal,2,Restricted Area,Center(C),Less Than 8 ft.,1,22,1,Made Shot,3,1.0,0.6,0.6,0.4758339006126617,0.47619047619047616,0.6602288072225326,0.8004200432002944,0.841991153479704,0.18439490660987096,0.3245861425876327,0.3661572528670423
22500253,2025-11-18,240,14,3,8,54,Pullup Jump shot,3PT Field Goal,26,Above the Break 3,Center(C),24+ ft.,-71,255,0,Missed Shot,4,1.0,0.8,0.6,0.47619047619047616,0.47586675730795375,0.7155028477189638,0.8257824633938413,0.8426205292120748,0.2393123715284876,0.34959198720336515,0.3664300530215986
22500253,2025-11-18,241,15,3,5,41,Driving Layup Shot,2PT Field Goal,2,Restricted Area,Center(C),Less Than 8 ft.,-18,21,1,Made Shot,-1,0.6666666666666666,0.8,0.6,0.47586675730795375,0.47622282608695654,0.5424856890680176,0.41592616106730534,0.21268346678530547,0.06661893176006389,0.0599405962406484,0.26318329052264827
22500253,2025-11-18,242,16,3,5,3,Step Back Jump shot,3PT Field Goal,25,Above the Break 3,Left Side Center(LC),24+ ft.,-167,198,0,Missed Shot,1,0.6666666666666666,0.8,0.6,0.47622282608695654,0.47589952477936187,0.6329767320951842,0.671985015277426,0.7796897605426354,0.1567539060082277,0.1957621891904695,0.30346693445567885
22500253,2025-11-18,243,17,3,3,36,Driving Layup Shot,2PT Field Goal,2,Restricted Area,Center(C),Less Than 8 ft.,-2,26,1,Made Shot,-1,0.3333333333333333,0.6,0.5,0.47589952477936187,0.4762550881953867,0.4854004110582566,0.35440814562214645,0.20639038991836778,0.009500886278894727,0.12149137915721542,0.2695091348609941
22500253,2025-11-18,244,18,3,3,4,Driving Floating Jump Shot,2PT Field Goal,8,In The Paint (Non-RA),Center(C),8-16 ft.,12,82,0,Missed Shot,1,0.6666666666666666,0.6,0.6,0.4762550881953867,0.4759322033898305,0.5928373568146061,0.6473775844900278,0.7790604528559408,0.11658226861921944,0.1711224962946411,0.30280536466055413
22500253,2025-11-18,245,19,3,1,50,Jump Shot,3PT Field Goal,23,Right Corner 3,Right Side(R),24+ ft.,230,8,1,Made Shot,-1,0.3333333333333333,0.4,0.6,0.4759322033898305,0.47628726287262874,0.45757302144189255,0.3445652888963115,0.2063274591496984,0.018359181947937953,0.131366914493519,0.2696047442401321
22500253,2025-11-18,246,20,3,1,2,Driving Floating Jump Shot,2PT Field Goal,16,Mid-Range,Right Side(R),16-24 ft.,162,32,1,Made Shot,1,0.6666666666666666,0.6,0.7,0.47628726287262874,0.4766418415707515,0.5732401006552613,0.643440399683344,0.7790541597790741,0.09695283778263258,0.16715313681071525,0.30276689690644537
22500253,2025-11-18,247,21,3,0,36,Step Back Jump shot,3PT Field Goal,25,Above the Break 3,Right Side Center(RC),24+ ft.,185,178,0,Missed Shot,2,0.6666666666666666,0.6,0.7,0.4766418415707515,0.476319350473613,0.6541397600850705,0.7629904370972069,0.8363268298420117,0.17749791851431895,0.2863485955264554,0.35968498827126016
22500253,2025-11-18,248,22,4,3,58,Jump Shot,3PT Field Goal,26,Above the Break 3,Right Side Center(RC),24+ ft.,192,184,0,Missed Shot,-1,0.6666666666666666,0.6,0.6,0.476319350473613,0.4759972954699121,0.5006192217525133,0.39081044911142077,0.21205409684830548,0.024299871278900265,0.08550890136219225,0.2642652536253075
22500282,2025-11-23,249,1,1,10,18,Step Back Jump shot,3PT Field Goal,25,Above the Break 3,Left Side Center(LC),24+ ft.,-99,234,0,Missed Shot,-2,0.3333333333333333,0.4,0.5,0.4756348661633493,0.47530864197530864,0.4756348661633493,0.4756348661633493,0.4756348661633493,0.0,0.0,0.0
22500282,2025-11-23,250,2,1,9,21,Jump Shot,3PT Field Goal,31,Above the Break 3,Left Side Center(LC),24+ ft.,-191,247,0,Missed Shot,-3,0.0,0.4,0.4,0.47530864197530864,0.47498286497601094,0.1426904598490048,0.1426904598490048,0.1426904598490048,0.33261818212630384,0.33261818212630384,0.33261818212630384
22500282,2025-11-23,251,3,1,8,53,Turnaround Jump Shot,2PT Field Goal,10,In The Paint (Non-RA),Left Side(L),8-16 ft.,-76,67,1,Made Shot,-4,0.0,0.2,0.4,0.47498286497601094,0.47534246575342465,0.1426904598490048,0.1426904598490048,0.1426904598490048,0.33229240512700614,0.33229240512700614,0.33229240512700614
22500282,2025-11-23,252,4,1,8,7,Fadeaway Jump Shot,2PT Field Goal,8,In The Paint (Non-RA),Right Side(R),8-16 ft.,43,73,1,Made Shot,1,0.3333333333333333,0.2,0.4,0.47534246575342465,0.4757015742642026,0.4623251630453518,0.5914084085669534,0.7733210904796355,0.013017302708072831,0.11606594281352878,0.29797862472621084
22500282,2025-11-23,253,5,1,7,31,Turnaround Bank shot,2PT Field Goal,5,In The Paint (Non-RA),Center(C),Less Than 8 ft.,-15,53,1,Made Shot,2,0.6666666666666666,0.4,0.5,0.4757015742642026,0.47606019151846785,0.6124891175671257,0.7461387357110736,0.8357597667796979,0.13678754330292303,0.27043716144687097,0.36005819251549526
22500282,2025-11-23,254,6,1,6,43,Jump Bank Shot,2PT Field Goal,10,In The Paint (Non-RA),Left Side(L),8-16 ft.,-75,69,0,Missed Shot,3,1.0,0.6,0.5,0.47606019151846785,0.47573479152426523,0.6955013934612078,0.8046691213427002,0.8419974529189354,0.21944120194273992,0.32860892982423234,0.3659372614004675
22500282,2025-11-23,255,7,1,5,19,Step Back Jump shot,3PT Field Goal,24,Above the Break 3,Right Side Center(RC),24+ ft.,175,178,0,Missed Shot,-1,0.6666666666666666,0.6,0.5,0.47573479152426523,0.47540983606557374,0.5075452625295707,0.40584835458584695,0.2126205297790747,0.03181047100530543,0.06988643693841828,0.26311426174519054
22500282,2025-11-23,256,8,1,3,1,Driving Layup Shot,2PT Field Goal,5,In The Paint (Non-RA),Center(C),Less Than 8 ft.,43,41,1,Made Shot,-2,0.3333333333333333,0.6,0.4,0.47540983606557374,0.4757679180887372,0.38826563118146995,0.24769449846587469,0.14968346054830486,0.0871442048841038,0.22771533759969906,0.3257263755172689
22500282,2025-11-23,257,9,1,2,27,Jump Shot,3PT Field Goal,22,Left Corner 3,Left Side(L),24+ ft.,-225,9,0,Missed Shot,1,0.3333333333333333,0.6,0.4,0.4757679180887372,0.47544338335607095,0.5329328574906759,0.6049261906575474,0.7733897661559976,0.057164939401938675,0.12915827256881018,0.29762184806726044
22500282,2025-11-23,258,10,1,0,31,Pullup Jump shot,3PT Field Goal,26,Above the Break 3,Center(C),24+ ft.,20,268,1,Made Shot,-1,0.3333333333333333,0.4,0.4,0.47544338335607095,0.4758009543285617,0.4109371722607087,0.3275120297146157,0.20576038991207474,0.06450621109536225,0.14793135364145527,0.2696829934439962
22500282,2025-11-23,259,11,2,5,9,Pullup Jump shot,2PT Field Goal,11,In The Paint (Non-RA),Center(C),8-16 ft.,-55,104,1,Made Shot,1,0.6666666666666666,0.4,0.5,0.4758009543285617,0.476158038147139,0.5442283030737891,0.6366515034185269,0.7789974529126356,0.06842734874522743,0.16085054908996527,0.3031964985840739
22500282,2025-11-23,260,12,2,4,3,Step Back Jump shot,2PT Field Goal,12,Mid-Range,Left Side(L),8-16 ft.,-125,11,0,Missed Shot,2,0.6666666666666666,0.6,0.6,0.476158038147139,0.4758339006126617,0.6355731359144612,0.7602800626344179,0.836321159155941,0.1594150977673222,0.28412202448727897,0.360163121008802
22500282,2025-11-23,261,13,2,2,4,Running Pull-Up Jump Shot,3PT Field Goal,25,Above the Break 3,Left Side Center(LC),24+ ft.,-145,204,0,Missed Shot,-1,0.6666666666666666,0.6,0.6,0.4758339006126617,0.47551020408163264,0.4856329681701085,0.38972008399836755,0.21205352977907416,0.009799067557446806,0.08611381661429413,0.2637803708335875
22500282,2025-11-23,262,14,2,1,8,Driving Floating Jump Shot,2PT Field Goal,9,In The Paint (Non-RA),Left Side(L),8-16 ft.,-74,53,0,Missed Shot,-2,0.3333333333333333,0.4,0.5,0.47551020408163264,0.4751869476546567,0.3817436422760044,0.24150131482942766,0.1496267668420055,0.09376656180562826,0.23400888925220498,0.32588343723962715
22500282,2025-11-23,263,15,3,11,7,Step Back Jump shot,2PT Field Goal,17,Mid-Range,Right Side Center(RC),16-24 ft.,91,152,1,Made Shot,-3,0.0,0.4,0.4,0.4751869476546567,0.47554347826086957,0.3095379720324072,0.18221464269472526,0.1433840905483048,0.1656489756222495,0.29297230495993143,0.3318028571063519
22500282,2025-11-23,264,16,3,8,54,Turnaround Jump Shot,2PT Field Goal,19,Mid-Range,Left Side(L),16-24 ft.,-163,99,0,Missed Shot,1,0.3333333333333333,0.4,0.4,0.47554347826086957,0.47522063815342835,0.4702466929149606,0.578500558496055,0.7727598229189354,0.005296785345908994,0.1029570802351854,0.29721634465806585
22500282,2025-11-23,265,17,3,7,55,Pullup Jump shot,3PT Field Goal,25,Above the Break 3,Left Side Center(LC),24+ ft.,-162,200,0,Missed Shot,-1,0.3333333333333333,0.2,0.4,0.47522063815342835,0.47489823609226595,0.371652164483383,0.31701438700036944,0.2056973961559978,0.10356847367004535,0.15820625115305892,0.26952324199743055
22500282,2025-11-23,266,18,3,5,37,Jump Shot,3PT Field Goal,25,Above the Break 3,Left Side Center(LC),24+ ft.,-222,121,0,Missed Shot,-2,0.3333333333333333,0.2,0.4,0.47489823609226595,0.4745762711864407,0.3028034900679034,0.21242001274037398,0.1489911534797041,0.17209474602436253,0.26247822335189197,0.32590708261256185
22500282,2025-11-23,267,19,3,3,1,Running Jump Shot,3PT Field Goal,25,Above the Break 3,Right Side Center(RC),24+ ft.,105,237,1,Made Shot,-3,0.0,0.2,0.3,0.4745762711864407,0.4749322493224932,0.2546912343507979,0.17058227813048524,0.14332052921207472,0.2198850368356428,0.3039939930559554,0.33125574197436597
22500282,2025-11-23,268,20,3,1,56,Pullup Jump shot,3PT Field Goal,25,Above the Break 3,Center(C),24+ ft.,61,246,0,Missed Shot,1,0.3333333333333333,0.4,0.4,0.4749322493224932,0.4746106973595125,0.43129230771274774,0.5738471982464586,0.7727534667853118,0.04363994160974549,0.09891494892396535,0.29782121746281853
22500282,2025-11-23,269,21,4,7,15,Turnaround Fadeaway shot,2PT Field Goal,10,In The Paint (Non-RA),Center(C),8-16 ft.,-9,105,1,Made Shot,-1,0.3333333333333333,0.2,0.3,0.4746106973595125,0.4749661705006766,0.3446426135989515,0.31515315236361524,0.20569676054263547,0.12996808376056102,0.15945754499589726,0.26891393681687703
22500282,2025-11-23,270,22,4,6,46,Fadeaway Jump Shot,2PT Field Goal,13,Mid-Range,Right Side(R),8-16 ft.,137,-4,0,Missed Shot,1,0.6666666666666666,0.4,0.3,0.4749661705006766,0.4746450304259635,0.49414046888272556,0.6316755382469291,0.7789910899183679,0.019174298382048982,0.15670936774625255,0.3040249194176913
22500282,2025-11-23,271,23,4,6,6,Step Back Jump shot,3PT Field Goal,25,Above the Break 3,Center(C),24+ ft.,36,252,1,Made Shot,-1,0.3333333333333333,0.4,0.3,0.4746450304259635,0.475,0.38866422684948665,0.3382844906920356,0.2063205228559411,0.08598080357647686,0.13636053973392792,0.2683245075700224
22500282,2025-11-23,272,24,4,4,9,Step Back Jump shot,3PT Field Goal,29,Above the Break 3,Left Side Center(LC),24+ ft.,-213,201,0,Missed Shot,1,0.6666666666666666,0.6,0.4,0.475,0.474679270762998,0.5249093853425332,0.6409280723991835,0.7790534661496984,0.0499093853425332,0.1659280723991835,0.3040534661496984
22500059,2025-11-25,273,1,1,11,2,Driving Floating Jump Shot,2PT Field Goal,7,In The Paint (Non-RA),Center(C),Less Than 8 ft.,-53,48,1,Made Shot,-1,0.3333333333333333,0.4,0.4,0.4756348661633493,0.47599451303155005,0.4756348661633493,0.4756348661633493,0.4756348661633493,0.0,0.0,0.0
22500059,2025-11-25,274,2,1,10,26,Turnaround Fadeaway shot,2PT Field Goal,14,Mid-Range,Center(C),8-16 ft.,-37,143,0,Missed Shot,1,0.6666666666666666,0.6,0.4,0.47599451303155005,0.4756682659355723,0.8426904598490048,0.8426904598490048,0.8426904598490048,0.36669594681745477,0.36669594681745477,0.36669594681745477
22500059,2025-11-25,275,3,1,7,41,Jump Shot,3PT Field Goal,26,Above the Break 3,Center(C),24+ ft.,-47,259,1,Made Shot,-1,0.3333333333333333,0.4,0.4,0.4756682659355723,0.476027397260274,0.43092575396665184,0.3426904598490048,0.2063268234853684,0.044742511968920484,0.1329778060865675,0.2693414424502039
22500059,2025-11-25,276,4,1,6,32,Driving Floating Jump Shot,2PT Field Goal,3,Restricted Area,Center(C),Less Than 8 ft.,34,7,1,Made Shot,1,0.6666666666666666,0.6,0.5,0.476027397260274,0.47638603696098564,0.6189461676115618,0.6632032803618253,0.7796273967859417,0.14291877035128786,0.1871758831015513,0.30359999952566774
22500059,2025-11-25,277,5,1,5,50,Step Back Jump shot,3PT Field Goal,25,Above the Break 3,Left Side Center(LC),24+ ft.,-123,227,1,Made Shot,2,0.6666666666666666,0.6,0.6,0.47638603696098564,0.47674418604651164,0.7072779055655463,0.7737249426076254,0.8363898297859984,0.23089186860456062,0.29733890564663973,0.36000379282501277
22500059,2025-11-25,278,6,1,5,18,Running Pull-Up Jump Shot,3PT Field Goal,31,Above the Break 3,Left Side Center(LC),24+ ft.,-173,269,1,Made Shot,3,1.0,0.8,0.6,0.47674418604651164,0.47710184552289814,0.7561086560914771,0.81553236091593,0.8420604535489418,0.2793644700449655,0.3387881748694183,0.3653162675024301
22500059,2025-11-25,279,7,1,4,56,Pullup Jump shot,2PT Field Goal,7,In The Paint (Non-RA),Center(C),Less Than 8 ft.,-75,17,0,Missed Shot,4,1.0,0.8,0.7,0.47710184552289814,0.476775956284153,0.7855465341323682,0.8318942385264676,0.8426274597860048,0.30844468860947005,0.35479239300356946,0.3655256142631067
22500059,2025-11-25,280,8,1,4,23,Step Back Jump shot,3PT Field Goal,27,Above the Break 3,Left Side Center(LC),24+ ft.,-87,263,1,Made Shot,-1,0.6666666666666666,0.8,0.6,0.476775956284153,0.47713310580204776,0.575381737103396,0.41769334457534046,0.21268409684836848,0.09860578081924304,0.059082611708812516,0.2640918594357845
22500059,2025-11-25,281,9,1,3,55,Jump Shot,3PT Field Goal,27,Above the Break 3,Left Side Center(LC),24+ ft.,-205,179,1,Made Shot,1,0.6666666666666666,0.8,0.7,0.47713310580204776,0.47748976807639837,0.660480105520576,0.6728588389979637,0.7796898292189984,0.18334699971852825,0.19572573319591596,0.30255672341695067
22500059,2025-11-25,282,10,1,3,32,Step Back Jump shot,3PT Field Goal,27,Above the Break 3,Left Side Center(LC),24+ ft.,-224,152,0,Missed Shot,2,0.6666666666666666,0.8,0.7,0.47748976807639837,0.47716428084526247,0.7174418225626664,0.7747845307171184,0.8363903968427047,0.23995205448626805,0.29729476264072,0.3589006287663063
22500059,2025-11-25,283,11,1,2,26,Step Back Jump shot,3PT Field Goal,25,Above the Break 3,Center(C),24+ ft.,-20,253,0,Missed Shot,-1,0.6666666666666666,0.6,0.7,0.47716428084526247,0.4768392370572207,0.5400042412523077,0.395488316105497,0.21206045348594177,0.06283996040704526,0.08167596473976546,0.2651038273593207
22500059,2025-11-25,284,12,1,2,9,Running Layup Shot,2PT Field Goal,2,Restricted Area,Center(C),Less Than 8 ft.,20,12,1,Made Shot,-2,0.3333333333333333,0.4,0.6,0.4768392370572207,0.4771953710006807,0.4184057064842519,0.24380324021839636,0.14962745921207415,0.058433530572968795,0.23303599683882434,0.32721177784514655
22500059,2025-11-25,285,13,1,0,58,Driving Floating Jump Shot,2PT Field Goal,6,In The Paint (Non-RA),Center(C),Less Than 8 ft.,28,63,1,Made Shot,1,0.3333333333333333,0.6,0.7,0.4771953710006807,0.4775510204081633,0.5474776543942932,0.6031416006940522,0.7733841597859354,0.07028228339361248,0.1259462296933715,0.29618878878525473
22500059,2025-11-25,286,14,1,0,29,Step Back Jump shot,3PT Field Goal,27,Above the Break 3,Center(C),24+ ft.,-43,273,0,Missed Shot,2,0.6666666666666666,0.6,0.7,0.4775510204081633,0.4772263766145479,0.6369079775821113,0.7468718807446053,0.835759829842704,0.159356957173948,0.26932086033644204,0.35820880943454075
22500059,2025-11-25,287,15,2,6,16,Fadeaway Jump Shot,2PT Field Goal,10,In The Paint (Non-RA),Center(C),8-16 ft.,38,97,1,Made Shot,-1,0.6666666666666666,0.4,0.6,0.4772263766145479,0.47758152173913043,0.4876302865187715,0.38436205510234156,0.2119973968483685,0.010403909904223574,0.09286432151220636,0.26522897976617943
22500059,2025-11-25,288,16,2,4,32,Pullup Jump shot,3PT Field Goal,28,Above the Break 3,Left Side Center(LC),24+ ft.,-116,265,0,Missed Shot,1,0.6666666666666666,0.6,0.6,0.47758152173913043,0.4772572980312288,0.5946564518207861,0.659359393226483,0.7796211535489417,0.11707493008165565,0.18177787148735253,0.30203963180981125
22500059,2025-11-25,289,17,2,0,46,Step Back Jump shot,3PT Field Goal,26,Above the Break 3,Left Side Center(LC),24+ ft.,-143,226,1,Made Shot,-1,0.3333333333333333,0.6,0.5,0.4772572980312288,0.47761194029850745,0.458614547111877,0.3493579000553686,0.20638352921899844,0.018642750919351803,0.1278993979758602,0.27087376881223035
22500059,2025-11-25,290,18,3,10,16,Step Back Jump shot,3PT Field Goal,25,Above the Break 3,Center(C),24+ ft.,2,252,1,Made Shot,1,0.6666666666666666,0.6,0.6,0.47761194029850745,0.47796610169491527,0.5741059892685154,0.645357486783892,0.7790597667860042,0.09649404897000796,0.1677455464853846,0.30144782648749674
22500059,2025-11-25,291,19,3,7,1,Driving Floating Jump Shot,2PT Field Goal,11,In The Paint (Non-RA),Left Side(L),8-16 ft.,-69,92,0,Missed Shot,2,0.6666666666666666,0.6,0.6,0.47796610169491527,0.47764227642276424,0.6548127544365052,0.7637572787593314,0.8363273905427047,0.17684665274158995,0.28579117706441615,0.3583612888477894
22500059,2025-11-25,292,20,3,5,53,Turnaround Fadeaway shot,2PT Field Goal,13,Mid-Range,Left Side(L),8-16 ft.,-131,17,0,Missed Shot,-1,0.6666666666666666,0.6,0.5,0.47764227642276424,0.47731888964116453,0.5010007373541578,0.3911171771700823,0.21205415291837476,0.0233584609313936,0.08652509925268193,0.2655881235043895
22500059,2025-11-25,293,21,3,4,29,Fadeaway Jump Shot,2PT Field Goal,17,Mid-Range,Left Side Center(LC),16-24 ft.,-116,137,0,Missed Shot,-2,0.3333333333333333,0.4,0.5,0.47731888964116453,0.4769959404600812,0.3934218144419617,0.24206114513854743,0.1496268291559418,0.08389707519920281,0.2352577445026171,0.3276920604852227
22500059,2025-11-25,294,22,3,3,26,Pullup Jump shot,2PT Field Goal,17,Mid-Range,Center(C),16-24 ft.,-11,174,0,Missed Shot,-3,0.0,0.4,0.5,0.4769959404600812,0.4766734279918864,0.3181603710961689,0.18243873370259972,0.1433840967796985,0.1588355693639123,0.2945572067574815,0.3336118436803827
22500059,2025-11-25,295,23,3,3,3,Driving Layup Shot,2PT Field Goal,2,Restricted Area,Center(C),Less Than 8 ft.,-23,14,1,Made Shot,-4,0.0,0.2,0.4,0.4766734279918864,0.47702702702702704,0.26549880799323256,0.15858976934848723,0.14275982354207417,0.21117461999865383,0.31808365864339916,0.3339136044498122
22500059,2025-11-25,296,24,3,2,58,Driving Floating Jump Shot,2PT Field Goal,14,Mid-Range,Right Side(R),8-16 ft.,132,50,0,Missed Shot,1,0.3333333333333333,0.2,0.4,0.47702702702702704,0.47670492910195816,0.43870370756130767,0.5690501839376334,0.7726973962183117,0.038323319465719374,0.09202315691060636,0.29567036919128464
22500059,2025-11-25,297,25,3,1,49,Turnaround Jump Shot,2PT Field Goal,6,In The Paint (Non-RA),Center(C),Less Than 8 ft.,-1,63,1,Made Shot,-1,0.3333333333333333,0.2,0.4,0.47670492910195816,0.47705802968960864,0.3498827168128368,0.31323434941245054,0.20569115348593547,0.12682221228912138,0.16347057968950762,0.2710137756160227
22500059,2025-11-25,298,26,3,1,15,Step Back Jump shot,3PT Field Goal,25,Above the Break 3,Left Side Center(LC),24+ ft.,-151,206,0,Missed Shot,1,0.6666666666666666,0.4,0.4,0.47705802968960864,0.47673634524612274,0.49774486905292775,0.6309080157101499,0.7789905292126977,0.02068683936331911,0.15384998602054123,0.3019324995230891
22500059,2025-11-25,299,27,4,4,50,Fadeaway Jump Shot,2PT Field Goal,12,In The Paint (Non-RA),Center(C),8-16 ft.,-54,117,0,Missed Shot,-1,0.3333333333333333,0.4,0.4,0.47673634524612274,0.47641509433962265,0.3912185461541342,0.33797748218027046,0.20632046678537408,0.08551779909198853,0.13875886306585228,0.27041587846074866
22500059,2025-11-25,300,28,4,3,15,Driving Floating Jump Shot,2PT Field Goal,10,Mid-Range,Right Side(R),8-16 ft.,88,61,0,Missed Shot,-2,0.3333333333333333,0.4,0.3,0.47641509433962265,0.47609427609427607,0.316655220530323,0.2208052687794003,0.14905346054264174,0.15975987380929962,0.2556098255602224,0.3273616337969809
22500078,2025-11-28,301,1,1,7,57,Jump Shot,3PT Field Goal,26,Above the Break 3,Right Side Center(RC),24+ ft.,105,248,1,Made Shot,-3,0.0,0.2,0.2,0.4756348661633493,0.47599451303155005,0.4756348661633493,0.4756348661633493,0.4756348661633493,0.0,0.0,0.0
22500078,2025-11-28,302,2,1,4,57,Driving Layup Shot,2PT Field Goal,3,Restricted Area,Center(C),Less Than 8 ft.,21,31,1,Made Shot,1,0.3333333333333333,0.4,0.3,0.47599451303155005,0.47635366689513364,0.8426904598490048,0.8426904598490048,0.8426904598490048,0.36669594681745477,0.36669594681745477,0.36669594681745477
22500078,2025-11-28,303,3,1,3,35,Step Back Jump shot,3PT Field Goal,26,Above the Break 3,Left Side Center(LC),24+ ft.,-229,140,0,Missed Shot,2,0.6666666666666666,0.4,0.4,0.47635366689513364,0.476027397260274,0.8426904598490048,0.8426904598490048,0.8426904598490048,0.36633679295387117,0.36633679295387117,0.36633679295387117
22500078,2025-11-28,304,4,1,3,28,Turnaround Jump Shot,2PT Field Goal,15,Mid-Range,Right Side(R),8-16 ft.,104,115,0,Missed Shot,-1,0.6666666666666666,0.4,0.4,0.476027397260274,0.4757015742642026,0.5230557566526577,0.3939725111310561,0.21205982921837416,0.0470283593923837,0.08205488612921791,0.2639675680418998
22500078,2025-11-28,305,5,1,1,7,Driving Layup Shot,2PT Field Goal,3,Restricted Area,Center(C),Less Than 8 ft.,10,34,1,Made Shot,-2,0.3333333333333333,0.4,0.4,0.4757015742642026,0.47606019151846785,0.37289180213088396,0.23924218398693584,0.14962115291831174,0.10280977213331866,0.23645939027726678,0.3260804213458909
22500078,2025-11-28,306,6,1,0,12,Pullup Jump shot,3PT Field Goal,27,Above the Break 3,Left Side Center(LC),24+ ft.,-169,220,1,Made Shot,1,0.3333333333333333,0.6,0.4,0.47606019151846785,0.4764183185235817,0.5423046100779905,0.6050570941846013,0.7733897668420748,0.06624441855952262,0.12899690266613345,0.297329575323607
22500078,2025-11-28,307,7,2,3,41,Pullup Jump shot,3PT Field Goal,34,Above the Break 3,Right Side Center(RC),24+ ft.,140,311,0,Missed Shot,2,0.6666666666666666,0.6,0.5,0.4764183185235817,0.4760928961748634,0.6444360236892452,0.7482235232768051,0.8357604529189977,0.16801770516566356,0.2718052047532234,0.359342134395416
22500078,2025-11-28,308,8,2,3,1,Fadeaway Jump Shot,2PT Field Goal,12,In The Paint (Non-RA),Center(C),8-16 ft.,5,121,1,Made Shot,-1,0.6666666666666666,0.4,0.4,0.4760928961748634,0.4764505119453925,0.4804035772318901,0.384307445117669,0.21199739677969848,0.0043106810570267,0.09178545105719438,0.2640954993951649
22500078,2025-11-28,309,9,3,10,51,Driving Layup Shot,2PT Field Goal,3,Restricted Area,Center(C),Less Than 8 ft.,9,29,1,Made Shot,1,0.6666666666666666,0.6,0.5,0.4764505119453925,0.4768076398362892,0.5957384690116956,0.6595176156938594,0.7796211592183118,0.11928795706630307,0.18306710374846685,0.30317064727291926
22500078,2025-11-28,310,10,3,10,24,Step Back Jump shot,3PT Field Goal,28,Above the Break 3,Left Side Center(LC),24+ ft.,-137,252,1,Made Shot,2,0.6666666666666666,0.8,0.6,0.4768076398362892,0.47716428084526247,0.6729394023884054,0.7694501403386871,0.8363835298426978,0.19613176255211623,0.2926425005023979,0.3595758900064086
22500078,2025-11-28,311,11,3,9,36,Pullup Jump shot,3PT Field Goal,26,Above the Break 3,Left Side Center(LC),24+ ft.,-172,202,0,Missed Shot,3,1.0,0.8,0.7,0.47716428084526247,0.4768392370572207,0.7253450494467668,0.8133989404105761,0.8420597668489416,0.24818076860150434,0.3362346595653137,0.3648954860036791
22500078,2025-11-28,312,12,3,5,41,Driving Layup Shot,2PT Field Goal,2,Restricted Area,Center(C),Less Than 8 ft.,-1,22,1,Made Shot,-1,0.6666666666666666,0.6,0.6,0.4768392370572207,0.4771953710006807,0.547022656196952,0.4109569724340728,0.21262739054270413,0.0701834191397313,0.06588226462314789,0.26421184651451657
22500078,2025-11-28,313,13,3,4,30,Jump Shot,3PT Field Goal,26,Above the Break 3,Right Side Center(RC),24+ ft.,86,248,0,Missed Shot,1,0.6666666666666666,0.8,0.6,0.4771953710006807,0.47687074829931975,0.6369679560197958,0.6700014109275301,0.7796841529189418,0.15977258501911512,0.19280603992684936,0.30248878191826106
22500078,2025-11-28,314,14,3,2,50,Driving Layup Shot,2PT Field Goal,3,Restricted Area,Center(C),Less Than 8 ft.,-15,29,1,Made Shot,-1,0.3333333333333333,0.6,0.6,0.47687074829931975,0.4772263766145479,0.4872339491939959,0.35361271703183206,0.20638982915594117,0.010363200894676128,0.12325803126748769,0.2704809191433786
22500078,2025-11-28,315,15,3,1,26,Step Back Jump shot,3PT Field Goal,25,Above the Break 3,Center(C),24+ ft.,-11,258,1,Made Shot,1,0.6666666666666666,0.6,0.7,0.4772263766145479,0.47758152173913043,0.5945990774626102,0.6470601504390916,0.7790603967797041,0.11737270084806228,0.16983377382454368,0.30183402016515615
22500078,2025-11-28,316,16,4,8,16,Pullup Jump shot,2PT Field Goal,20,Mid-Range,Left Side Center(LC),16-24 ft.,-113,176,0,Missed Shot,2,0.6666666666666666,0.6,0.7,0.47758152173913043,0.4772572980312288,0.669381526454984,0.7644384621190419,0.8363274535420748,0.19180000471585362,0.28685694037991144,0.3587459318029444
22500078,2025-11-28,317,17,4,3,36,Driving Floating Jump Shot,2PT Field Goal,9,In The Paint (Non-RA),Center(C),8-16 ft.,32,89,0,Missed Shot,-1,0.6666666666666666,0.6,0.6,0.4772572980312288,0.4769335142469471,0.5108473509484385,0.3913895005337107,0.21205415921831172,0.03359005291720968,0.0858677974975181,0.26520313881291707
22500078,2025-11-28,318,18,4,0,46,Step Back Jump shot,3PT Field Goal,28,Above the Break 3,Left Side Center(LC),24+ ft.,-194,214,0,Missed Shot,-2,0.3333333333333333,0.4,0.6,0.4769335142469471,0.4766101694915254,0.4001427509385979,0.24217005048718085,0.1496268297859355,0.07679076330834916,0.23476346375976623,0.3273066844610116
22500308,2025-11-30,319,1,1,11,14,Running Pull-Up Jump Shot,3PT Field Goal,25,Above the Break 3,Right Side Center(RC),24+ ft.,115,223,1,Made Shot,-3,0.0,0.4,0.5,0.4756348661633493,0.47599451303155005,0.4756348661633493,0.4756348661633493,0.4756348661633493,0.0,0.0,0.0
22500308,2025-11-30,320,2,1,10,0,Step Back Jump shot,3PT Field Goal,25,Above the Break 3,Center(C),24+ ft.,34,251,1,Made Shot,1,0.3333333333333333,0.4,0.5,0.47599451303155005,0.47635366689513364,0.8426904598490048,0.8426904598490048,0.8426904598490048,0.36669594681745477,0.36669594681745477,0.36669594681745477
22500308,2025-11-30,321,3,1,9,36,Pullup Jump shot,3PT Field Goal,28,Above the Break 3,Center(C),24+ ft.,6,289,0,Missed Shot,2,0.6666666666666666,0.4,0.5,0.47635366689513364,0.476027397260274,0.8426904598490048,0.8426904598490048,0.8426904598490048,0.36633679295387117,0.36633679295387117,0.36633679295387117
22500308,2025-11-30,322,4,1,8,38,Fadeaway Jump Shot,2PT Field Goal,15,Mid-Range,Left Side(L),8-16 ft.,-110,110,1,Made Shot,-1,0.6666666666666666,0.4,0.5,0.476027397260274,0.47638603696098564,0.5230557566526577,0.3939725111310561,0.21205982921837416,0.0470283593923837,0.08205488612921791,0.2639675680418998
22500308,2025-11-30,323,5,1,7,20,Running Pull-Up Jump Shot,3PT Field Goal,24,Above the Break 3,Right Side Center(RC),24+ ft.,125,214,0,Missed Shot,1,0.6666666666666666,0.6,0.5,0.47638603696098564,0.47606019151846785,0.6492439537297785,0.6702766667455564,0.7796841592189416,0.17285791676879286,0.19389062978457078,0.303298122257956
22500308,2025-11-30,324,6,1,3,53,Driving Layup Shot,2PT Field Goal,2,Restricted Area,Center(C),Less Than 8 ft.,28,7,1,Made Shot,-1,0.3333333333333333,0.6,0.5,0.47606019151846785,0.4764183185235817,0.4665770849256338,0.35044991668702613,0.20638409678537417,0.009483106592834023,0.12561027483144172,0.2696760947330937
22500308,2025-11-30,325,7,1,3,25,Step Back Jump shot,3PT Field Goal,23,Left Corner 3,Left Side(L),24+ ft.,-230,11,1,Made Shot,1,0.6666666666666666,0.6,0.5,0.4764183185235817,0.476775956284153,0.5944559137330034,0.6470089483780197,0.7790603962189411,0.11803759520942175,0.17059062985443801,0.3026420776953594
22500308,2025-11-30,326,8,1,1,6,Driving Floating Jump Shot,2PT Field Goal,11,In The Paint (Non-RA),Center(C),8-16 ft.,38,107,0,Missed Shot,2,0.6666666666666666,0.6,0.5,0.476775956284153,0.4764505119453925,0.6756096355177841,0.7646105336979989,0.8363274592127046,0.1988336792336311,0.28783457741384594,0.3595515029285516
22500308,2025-11-30,327,9,1,0,59,Driving Layup Shot,2PT Field Goal,2,Restricted Area,Center(C),Less Than 8 ft.,-28,8,1,Made Shot,-1,0.6666666666666666,0.6,0.5,0.4764505119453925,0.4768076398362892,0.5059535469254166,0.39121378009215935,0.21205415354264173,0.0295030349800241,0.08523673185323316,0.2643963584027508
22500308,2025-11-30,328,10,2,6,21,Pullup Jump shot,3PT Field Goal,25,Above the Break 3,Left Side Center(LC),24+ ft.,-203,149,0,Missed Shot,1,0.6666666666666666,0.6,0.6,0.4768076398362892,0.47648261758691207,0.6112226070854505,0.6621708177079353,0.7796268297859412,0.1344149672491613,0.18536317787164608,0.302819189949652
22500308,2025-11-30,329,11,3,11,26,Jump Shot,3PT Field Goal,27,Above the Break 3,Left Side Center(LC),24+ ft.,-176,208,0,Missed Shot,-1,0.3333333333333333,0.6,0.6,0.47648261758691207,0.476158038147139,0.4665770849256338,0.35044991668702613,0.20638409678537414,0.009905532661278249,0.12603270089988594,0.27009852080153796
22500308,2025-11-30,330,12,3,8,55,Driving Layup Shot,2PT Field Goal,1,Restricted Area,Center(C),Less Than 8 ft.,-11,-6,0,Missed Shot,-2,0.3333333333333333,0.4,0.5,0.476158038147139,0.4758339006126617,0.3674510518411914,0.22578901392698242,0.14905982354206848,0.10870698630594755,0.25036902422015656,0.3270982146050705
22500308,2025-11-30,331,13,3,8,27,Jump Shot,3PT Field Goal,29,Above the Break 3,Right Side Center(RC),24+ ft.,184,229,0,Missed Shot,-3,0.0,0.2,0.4,0.4758339006126617,0.47551020408163264,0.2990764821877169,0.1759290449687269,0.14332739621830545,0.1767574184249448,0.29990485564393476,0.33250650439435625
22500308,2025-11-30,332,14,3,6,52,Driving Layup Shot,2PT Field Goal,4,In The Paint (Non-RA),Center(C),Less Than 8 ft.,42,13,0,Missed Shot,-4,0.0,0.2,0.4,0.47551020408163264,0.4751869476546567,0.25170166557613227,0.15598576005977416,0.14275415348593481,0.22380853850550037,0.3195244440218585,0.3327560505956978
22500308,2025-11-30,333,15,3,3,30,Pullup Jump shot,3PT Field Goal,30,Above the Break 3,Center(C),24+ ft.,29,301,0,Missed Shot,-5,0.0,0.0,0.3,0.4751869476546567,0.4748641304347826,0.21877498753036495,0.14800855851967523,0.1426968292126978,0.25641196012429174,0.32717838913498143,0.33249011844195886
22500308,2025-11-30,334,16,3,1,40,Pullup Jump shot,2PT Field Goal,14,Mid-Range,Center(C),8-16 ft.,-4,142,1,Made Shot,-6,0.0,0.0,0.3,0.4748641304347826,0.47522063815342835,0.19584074751078012,0.14481769589111032,0.14269109678537412,0.27902338292400247,0.3300464345436723,0.3321730336494085
22500308,2025-11-30,335,17,3,1,11,Step Back Jump shot,3PT Field Goal,27,Above the Break 3,Center(C),24+ ft.,-61,265,1,Made Shot,1,0.3333333333333333,0.2,0.3,0.47522063815342835,0.4755766621438263,0.3905427129020087,0.5635415341063661,0.7726905235426418,0.08467792525141965,0.08832089595293774,0.29746988538921343
22500308,2025-11-30,336,18,3,0,1,Fadeaway Jump Shot,3PT Field Goal,29,Above the Break 3,Right Side Center(RC),24+ ft.,176,239,0,Missed Shot,2,0.6666666666666666,0.4,0.3,0.4755766621438263,0.4752542372881356,0.5265033228518541,0.7310309183264063,0.8356904662183684,0.05092666070802776,0.25545425618258,0.3601138040745421
22500308,2025-11-30,337,19,4,6,33,Driving Layup Shot,2PT Field Goal,5,In The Paint (Non-RA),Center(C),Less Than 8 ft.,20,47,0,Missed Shot,-1,0.6666666666666666,0.4,0.3,0.4752542372881356,0.4749322493224932,0.4111716562969115,0.3780266189816947,0.21199046048594114,0.0640825809912241,0.09722761830644089,0.2632637768021945
22500308,2025-11-30,338,20,4,4,16,Driving Floating Jump Shot,2PT Field Goal,9,Mid-Range,Right Side(R),8-16 ft.,91,19,0,Missed Shot,-2,0.3333333333333333,0.4,0.2,0.4749322493224932,0.4746106973595125,0.33053538091742046,0.23682491962075802,0.14962045991269843,0.14439686840507276,0.2381073297017352,0.32531178940979477
22500308,2025-11-30,339,21,4,4,14,Tip Layup Shot,2PT Field Goal,0,Restricted Area,Center(C),Less Than 8 ft.,0,0,1,Made Shot,-3,0.0,0.4,0.2,0.4746106973595125,0.4749661705006766,0.2741369029731867,0.18034424313669448,0.14338345985537418,0.2004737943863258,0.29426645422281805,0.3312272375041383
22500308,2025-11-30,340,22,4,3,44,Pullup Jump shot,3PT Field Goal,25,Above the Break 3,Left Side Center(LC),24+ ft.,-112,232,0,Missed Shot,1,0.3333333333333333,0.4,0.3,0.4749661705006766,0.4746450304259635,0.4447982922490709,0.5777519749118983,0.7727597598496416,0.030167878251605662,0.10278580441122176,0.29779358934896505
22500317,2025-12-01,341,1,1,11,30,Driving Floating Jump Shot,2PT Field Goal,11,In The Paint (Non-RA),Center(C),8-16 ft.,-37,111,1,Made Shot,-1,0.3333333333333333,0.2,0.3,0.4756348661633493,0.47599451303155005,0.4756348661633493,0.4756348661633493,0.4756348661633493,0.0,0.0,0.0
22500317,2025-12-01,342,2,1,10,26,Driving Floating Jump Shot,2PT Field Goal,18,Mid-Range,Right Side Center(RC),16-24 ft.,108,148,1,Made Shot,1,0.6666666666666666,0.4,0.4,0.47599451303155005,0.47635366689513364,0.8426904598490048,0.8426904598490048,0.8426904598490048,0.36669594681745477,0.36669594681745477,0.36669594681745477
22500317,2025-12-01,343,3,1,9,55,Pullup Jump shot,3PT Field Goal,27,Above the Break 3,Center(C),24+ ft.,67,262,0,Missed Shot,2,0.6666666666666666,0.6,0.5,0.47635366689513364,0.476027397260274,0.8426904598490048,0.8426904598490048,0.8426904598490048,0.36633679295387117,0.36633679295387117,0.36633679295387117
22500317,2025-12-01,344,4,1,7,3,Turnaround Fadeaway shot,2PT Field Goal,19,Mid-Range,Left Side(L),16-24 ft.,-190,43,1,Made Shot,-1,0.6666666666666666,0.6,0.5,0.476027397260274,0.47638603696098564,0.5230557566526577,0.3939725111310561,0.21205982921837416,0.0470283593923837,0.08205488612921791,0.2639675680418998
22500317,2025-12-01,345,5,1,6,10,Step Back Jump shot,3PT Field Goal,26,Above the Break 3,Left Side Center(LC),24+ ft.,-143,224,0,Missed Shot,1,0.6666666666666666,0.6,0.5,0.47638603696098564,0.47606019151846785,0.6492439537297785,0.6702766667455564,0.7796841592189416,0.17285791676879286,0.19389062978457078,0.303298122257956
22500317,2025-12-01,346,6,1,4,50,Driving Floating Jump Shot,2PT Field Goal,8,In The Paint (Non-RA),Center(C),8-16 ft.,-9,85,1,Made Shot,-1,0.3333333333333333,0.6,0.4,0.47606019151846785,0.4764183185235817,0.4665770849256338,0.35044991668702613,0.20638409678537417,0.009483106592834023,0.12561027483144172,0.2696760947330937
22500317,2025-12-01,347,7,1,3,48,Fadeaway Jump Shot,2PT Field Goal,10,Mid-Range,Right Side(R),8-16 ft.,107,14,1,Made Shot,1,0.6666666666666666,0.6,0.5,0.4764183185235817,0.476775956284153,0.5944559137330034,0.6470089483780197,0.7790603962189411,0.11803759520942175,0.17059062985443801,0.3026420776953594
22500317,2025-12-01,348,8,1,2,38,Step Back Jump shot,3PT Field Goal,26,Above the Break 3,Left Side Center(LC),24+ ft.,-230,135,1,Made Shot,2,0.6666666666666666,0.6,0.6,0.476775956284153,0.47713310580204776,0.6756096355177841,0.7646105336979989,0.8363274592127046,0.1988336792336311,0.28783457741384594,0.3595515029285516
22500317,2025-12-01,349,9,1,2,12,Step Back Jump shot,3PT Field Goal,25,Above the Break 3,Right Side Center(RC),24+ ft.,165,200,1,Made Shot,3,1.0,0.8,0.7,0.47713310580204776,0.47748976807639837,0.7288002138062284,0.8114892117990828,0.8420541598426419,0.25166710800418063,0.3343561059970351,0.3649210540405941
22500317,2025-12-01,350,10,1,1,22,Driving Floating Jump Shot,2PT Field Goal,4,In The Paint (Non-RA),Center(C),Less Than 8 ft.,-1,43,1,Made Shot,4,1.0,0.8,0.7,0.47748976807639837,0.4778459441036128,0.7644040300265149,0.8302148694478346,0.8426268298489412,0.28691426195011654,0.35272510137143626,0.36513706177254285
22500317,2025-12-01,351,11,1,0,18,Jump Shot,3PT Field Goal,28,Above the Break 3,Right Side Center(RC),24+ ft.,174,226,0,Missed Shot,5,1.0,1.0,0.8,0.4778459441036128,0.4775204359673024,0.7885726630359962,0.8377010086671286,0.8426840968490041,0.31072671893238335,0.3598550645635158,0.36483815274539133
22500317,2025-12-01,352,12,2,6,13,Driving Floating Jump Shot,2PT Field Goal,12,In The Paint (Non-RA),Center(C),8-16 ft.,-54,109,0,Missed Shot,-1,0.6666666666666666,0.8,0.7,0.4775204359673024,0.4771953710006807,0.590899354894239,0.4206771881294685,0.21268982354270477,0.11337891892693652,0.0568432478378339,0.26483061242459766
22500317,2025-12-01,353,13,2,5,23,Fadeaway Jump Shot,2PT Field Goal,13,In The Paint (Non-RA),Center(C),8-16 ft.,4,135,0,Missed Shot,-2,0.3333333333333333,0.6,0.6,0.4771953710006807,0.47687074829931975,0.45454942788104363,0.2538823528082105,0.1496903962183118,0.02264594311963708,0.22331301819247024,0.32750497478236895
22500317,2025-12-01,354,14,2,5,18,Driving Floating Jump Shot,2PT Field Goal,15,Mid-Range,Left Side(L),8-16 ft.,-130,75,0,Missed Shot,-3,0.0,0.4,0.6,0.47687074829931975,0.47654656696125086,0.3600763976303177,0.18716676931198512,0.14339045348593488,0.11679435066900207,0.28970397898733463,0.33348029481338487
22500317,2025-12-01,355,15,2,4,52,Floating Jump shot,2PT Field Goal,7,In The Paint (Non-RA),Center(C),Less Than 8 ft.,33,62,1,Made Shot,-4,0.0,0.2,0.5,0.47654656696125086,0.47690217391304346,0.2944152874971116,0.16048091199989417,0.1427604592126978,0.18213127946413926,0.3160656549613567,0.33378610774855305
22500317,2025-12-01,356,16,2,0,58,Driving Layup Shot,2PT Field Goal,2,Restricted Area,Center(C),Less Than 8 ft.,15,19,1,Made Shot,1,0.3333333333333333,0.2,0.6,0.47690217391304346,0.4772572980312288,0.4596824552471469,0.569807080219987,0.7726974597853746,0.017219718665896555,0.09290490630694359,0.29579528587233117
22500317,2025-12-01,357,17,2,0,34,Driving Floating Jump Shot,2PT Field Goal,16,Mid-Range,Right Side Center(RC),16-24 ft.,80,142,0,Missed Shot,2,0.6666666666666666,0.4,0.6,0.4772572980312288,0.4769335142469471,0.5749679842257267,0.7335371783189393,0.8356911598426418,0.09771068619449791,0.2562798802877105,0.35843386181141296
22500317,2025-12-01,358,18,3,8,45,Floating Jump shot,2PT Field Goal,11,In The Paint (Non-RA),Center(C),8-16 ft.,-29,107,1,Made Shot,-1,0.6666666666666666,0.4,0.5,0.4769335142469471,0.47728813559322036,0.44498234064193165,0.3790290863329521,0.21199052984836847,0.031951173605015426,0.09790442791399495,0.2649429843985786
22500317,2025-12-01,359,19,3,7,56,Pullup Jump shot,3PT Field Goal,27,Above the Break 3,Left Side Center(LC),24+ ft.,-199,186,1,Made Shot,1,0.6666666666666666,0.6,0.5,0.47728813559322036,0.47764227642276424,0.5644893832973596,0.6572259295601253,0.779620466848941,0.08720124770413928,0.1799377939669049,0.3023323312557207
22500317,2025-12-01,360,20,3,6,59,Turnaround Jump Shot,2PT Field Goal,11,In The Paint (Non-RA),Center(C),8-16 ft.,49,100,0,Missed Shot,2,0.6666666666666666,0.8,0.5,0.47764227642276424,0.47731888964116453,0.6480449503779839,0.768504650792259,0.8363834605489984,0.17040267395521969,0.2908623743694948,0.3587411841262341
22500317,2025-12-01,361,21,3,5,19,Driving Floating Jump Shot,2PT Field Goal,5,In The Paint (Non-RA),Center(C),Less Than 8 ft.,-29,49,0,Missed Shot,-1,0.6666666666666666,0.6,0.4,0.47731888964116453,0.4769959404600812,0.49631753647714394,0.39301613209776665,0.21205975991900416,0.018998646835979405,0.08430275754339789,0.26525912972216037
22500317,2025-12-01,362,22,3,4,52,Floating Jump shot,2PT Field Goal,10,In The Paint (Non-RA),Center(C),8-16 ft.,-2,104,1,Made Shot,-2,0.3333333333333333,0.4,0.4,0.4769959404600812,0.47734956051386074,0.3901701252912011,0.24282072808794317,0.14962738985600474,0.0868258151688801,0.23417521237213804,0.32736855060407644
22500317,2025-12-01,363,23,3,3,33,Driving Floating Bank Jump Shot,2PT Field Goal,4,In The Paint (Non-RA),Center(C),Less Than 8 ft.,-25,34,1,Made Shot,1,0.3333333333333333,0.6,0.5,0.47734956051386074,0.4777027027027027,0.525979324625157,0.6027425677777614,0.7733841528497047,0.048629764111296214,0.12539300726390062,0.296034592335844
22500317,2025-12-01,364,24,3,3,10,Step Back Jump shot,3PT Field Goal,25,Above the Break 3,Left Side Center(LC),24+ ft.,-179,183,0,Missed Shot,2,0.6666666666666666,0.6,0.6,0.4777027027027027,0.4773801485482782,0.6210186762723373,0.7467113031218162,0.8357598291490747,0.1433159735696346,0.2690086004191135,0.35805712644637194
22500317,2025-12-01,365,25,3,2,6,Pullup Jump shot,2PT Field Goal,13,In The Paint (Non-RA),Center(C),8-16 ft.,-64,122,1,Made Shot,-1,0.6666666666666666,0.4,0.6,0.4773801485482782,0.4777327935222672,0.4774927144648394,0.38429879705611936,0.21199739677901178,0.00011256591656116921,0.09308135149215885,0.2653827517692664
22500317,2025-12-01,366,26,3,1,28,Jump Shot,3PT Field Goal,24,Above the Break 3,Left Side Center(LC),24+ ft.,-233,90,0,Missed Shot,1,0.6666666666666666,0.6,0.6,0.4777327935222672,0.47741065407956845,0.5870667327078285,0.6593337947628168,0.7796211535420055,0.10933393918556128,0.18160100124054962,0.30188836001973823
22500362,2025-12-07,367,1,1,11,44,Step Back Jump shot,2PT Field Goal,17,Mid-Range,Center(C),16-24 ft.,39,174,1,Made Shot,-1,0.3333333333333333,0.6,0.5,0.4756348661633493,0.47599451303155005,0.4756348661633493,0.4756348661633493,0.4756348661633493,0.0,0.0,0.0
22500362,2025-12-07,368,2,1,10,49,Step Back Jump shot,3PT Field Goal,26,Above the Break 3,Left Side Center(LC),24+ ft.,-191,178,0,Missed Shot,1,0.6666666666666666,0.6,0.6,0.47599451303155005,0.4756682659355723,0.8426904598490048,0.8426904598490048,0.8426904598490048,0.36669594681745477,0.36669594681745477,0.36669594681745477
22500362,2025-12-07,369,3,1,9,59,Fadeaway Jump Shot,2PT Field Goal,9,Mid-Range,Right Side(R),8-16 ft.,89,-35,1,Made Shot,-1,0.3333333333333333,0.4,0.5,0.4756682659355723,0.476027397260274,0.43092575396665184,0.3426904598490048,0.2063268234853684,0.044742511968920484,0.1329778060865675,0.2693414424502039
22500362,2025-12-07,370,4,1,9,26,Pullup Jump shot,2PT Field Goal,8,In The Paint (Non-RA),Right Side(R),8-16 ft.,74,31,0,Missed Shot,1,0.6666666666666666,0.6,0.5,0.476027397260274,0.4757015742642026,0.6189461676115618,0.6632032803618253,0.7796273967859417,0.14291877035128786,0.1871758831015513,0.30359999952566774
22500362,2025-12-07,371,5,1,7,21,Turnaround Fadeaway shot,2PT Field Goal,17,Mid-Range,Left Side(L),16-24 ft.,-170,-8,0,Missed Shot,-1,0.3333333333333333,0.4,0.5,0.4757015742642026,0.47537619699042405,0.43092575396665184,0.3426904598490048,0.20632682348536843,0.044775820297550784,0.1330111144151978,0.2693747507788342
22500362,2025-12-07,372,6,1,5,31,Pullup Jump shot,2PT Field Goal,11,In The Paint (Non-RA),Center(C),8-16 ft.,-48,99,0,Missed Shot,-2,0.3333333333333333,0.4,0.5,0.47537619699042405,0.4750512645249487,0.3269860135614565,0.22144894675492138,0.1490535234796411,0.14839018342896754,0.25392725023550267,0.3263226735107829
22500362,2025-12-07,373,7,1,3,30,Step Back Jump shot,2PT Field Goal,13,In The Paint (Non-RA),Center(C),8-16 ft.,-34,128,0,Missed Shot,-3,0.0,0.2,0.4,0.4750512645249487,0.47472677595628415,0.2643253874458455,0.17399950168436243,0.14332676048530543,0.21072587707910323,0.3010517628405863,0.33172450403964326
22500362,2025-12-07,374,8,1,2,31,Jump Shot,3PT Field Goal,25,Above the Break 3,Left Side Center(LC),24+ ft.,-207,155,1,Made Shot,-4,0.0,0.2,0.3,0.47472677595628415,0.4750853242320819,0.2245600637713029,0.15518324803316574,0.1427540898553678,0.25016671218498127,0.3195435279231184,0.33197268610091635
22500362,2025-12-07,375,9,2,6,58,Pullup Jump shot,3PT Field Goal,25,Above the Break 3,Right Side Center(RC),24+ ft.,168,195,0,Missed Shot,1,0.3333333333333333,0.2,0.4,0.4750853242320819,0.4747612551159618,0.42134334729077694,0.5679580912439157,0.7726968291490683,0.05374197694130495,0.09287276701183383,0.29761150491698646
22500362,2025-12-07,376,10,2,5,40,Driving Floating Jump Shot,2PT Field Goal,5,In The Paint (Non-RA),Center(C),Less Than 8 ft.,33,39,1,Made Shot,-1,0.3333333333333333,0.2,0.3,0.4747612551159618,0.47511929107021134,0.33423223340308933,0.31273060605309133,0.20569109621200543,0.14052902171287246,0.16203064906287046,0.26907015890395636
22500362,2025-12-07,377,11,2,2,24,Jump Bank Shot,2PT Field Goal,9,In The Paint (Non-RA),Right Side(R),8-16 ft.,66,69,0,Missed Shot,1,0.6666666666666666,0.4,0.4,0.47511929107021134,0.47479564032697547,0.4912037583977414,0.6307398640182074,0.7789905235426346,0.01608446732753005,0.15562057294799603,0.3038712324724233
22500362,2025-12-07,378,12,2,2,1,Driving Floating Jump Shot,2PT Field Goal,14,Mid-Range,Left Side(L),8-16 ft.,-107,101,1,Made Shot,-1,0.3333333333333333,0.4,0.3,0.47479564032697547,0.47515316541865216,0.384540691486174,0.3378979388361042,0.20632046621264108,0.09025494884080149,0.13689770149087127,0.2684751741143344
22500362,2025-12-07,379,13,2,1,29,Step Back Jump shot,3PT Field Goal,26,Above the Break 3,Right Side Center(RC),24+ ft.,125,231,0,Missed Shot,1,0.6666666666666666,0.6,0.4,0.47515316541865216,0.4748299319727891,0.5239147382040104,0.6407785329369939,0.7790534604859412,0.0487615727853582,0.16562536751834178,0.303900295067289
22500362,2025-12-07,380,14,2,0,30,Step Back Jump shot,3PT Field Goal,25,Above the Break 3,Right Side Center(RC),24+ ft.,91,243,1,Made Shot,-1,0.3333333333333333,0.4,0.3,0.4748299319727891,0.4751869476546567,0.4084285201593089,0.34192368350325586,0.20632675991264116,0.0664014118134802,0.13290624846953325,0.26850317206014795
22500362,2025-12-07,381,15,3,8,55,Turnaround Fadeaway shot,2PT Field Goal,16,Mid-Range,Left Side Center(LC),16-24 ft.,-89,136,0,Missed Shot,1,0.6666666666666666,0.6,0.4,0.4751869476546567,0.4748641304347826,0.5395967150280572,0.6423845558542179,0.7790540898553742,0.06440976737340048,0.16719760819956125,0.3038671422007175
22500362,2025-12-07,382,16,3,7,46,Driving Floating Jump Shot,2PT Field Goal,17,Mid-Range,Right Side Center(RC),16-24 ft.,81,155,1,Made Shot,-1,0.3333333333333333,0.4,0.4,0.4748641304347826,0.47522063815342835,0.41995684081246093,0.34256777632527435,0.20632682284964116,0.054907289622321664,0.13229635410950824,0.26853730758514144
22500362,2025-12-07,383,17,3,6,20,Turnaround Jump Shot,2PT Field Goal,13,Mid-Range,Left Side(L),8-16 ft.,-91,98,1,Made Shot,1,0.6666666666666666,0.6,0.5,0.47522063815342835,0.4755766621438263,0.5471997921401185,0.6426415153202021,0.7790540961490684,0.07197915398669014,0.16742087716677373,0.30383345799564004
22500362,2025-12-07,384,18,3,3,33,Pullup Jump shot,3PT Field Goal,25,Above the Break 3,Right Side Center(RC),24+ ft.,127,224,0,Missed Shot,2,0.6666666666666666,0.6,0.6,0.4755766621438263,0.4752542372881356,0.6360536937407757,0.7626709026583753,0.8363268234790111,0.16047703159694937,0.287094240514549,0.3607501613351848
22500362,2025-12-07,385,19,3,3,19,Driving Floating Jump Shot,2PT Field Goal,11,In The Paint (Non-RA),Center(C),8-16 ft.,16,117,0,Missed Shot,-1,0.6666666666666666,0.6,0.5,0.4752542372881356,0.4749322493224932,0.4878033106334971,0.3906826114099124,0.2120540962120054,0.012549073345361483,0.0845716258782232,0.2632001410761302
22500362,2025-12-07,386,20,3,0,3,Pullup Jump shot,3PT Field Goal,26,Above the Break 3,Right Side Center(RC),24+ ft.,156,216,0,Missed Shot,-2,0.3333333333333333,0.4,0.5,0.4749322493224932,0.4746106973595125,0.3841513035617129,0.2418873163833139,0.14962682348530487,0.09078094576078033,0.23304493293917933,0.32530542583718836
22500362,2025-12-07,387,21,4,6,26,Turnaround Jump Shot,2PT Field Goal,12,In The Paint (Non-RA),Left Side(L),8-16 ft.,-76,94,0,Missed Shot,-3,0.0,0.4,0.4,0.4746106973595125,0.4742895805142084,0.3116552041672162,0.18236920180831986,0.14338409621263482,0.1629554931922963,0.2922414955511926,0.3312266011468777
22500362,2025-12-07,388,22,4,6,2,Step Back Jump shot,3PT Field Goal,26,Above the Break 3,Center(C),24+ ft.,-29,261,0,Missed Shot,-4,0.0,0.2,0.4,0.4742895805142084,0.47396889790398916,0.26093745268142476,0.15856195652802546,0.1427598234853678,0.21335212783278362,0.3157276239861829,0.3315297570288406
22500362,2025-12-07,389,23,4,5,14,Pullup Jump shot,2PT Field Goal,15,In The Paint (Non-RA),Right Side(R),8-16 ft.,80,138,1,Made Shot,-5,0.0,0.0,0.3,0.47396889790398916,0.4743243243243243,0.22544947966931336,0.1490390585038602,0.1426973962126411,0.2485194182346758,0.324929839400129,0.33127150169134806
22500362,2025-12-07,390,24,4,2,7,Step Back Jump shot,3PT Field Goal,26,Above the Break 3,Center(C),24+ ft.,-27,261,0,Missed Shot,1,0.3333333333333333,0.2,0.4,0.4743243243243243,0.47400405131667794,0.4106724669346212,0.5652298996038152,0.7726911534853684,0.06365185738970308,0.09090557527949089,0.2983668291610441
22501204,2025-12-10,391,1,1,10,13,Pullup Jump shot,2PT Field Goal,12,In The Paint (Non-RA),Center(C),8-16 ft.,11,129,1,Made Shot,-1,0.3333333333333333,0.2,0.3,0.4756348661633493,0.47599451303155005,0.4756348661633493,0.4756348661633493,0.4756348661633493,0.0,0.0,0.0
22501204,2025-12-10,392,2,1,9,22,Driving Floating Jump Shot,2PT Field Goal,11,In The Paint (Non-RA),Center(C),8-16 ft.,-23,110,1,Made Shot,1,0.6666666666666666,0.4,0.4,0.47599451303155005,0.47635366689513364,0.8426904598490048,0.8426904598490048,0.8426904598490048,0.36669594681745477,0.36669594681745477,0.36669594681745477
22501204,2025-12-10,393,3,1,6,58,Step Back Jump shot,3PT Field Goal,27,Above the Break 3,Right Side Center(RC),24+ ft.,96,262,0,Missed Shot,2,0.6666666666666666,0.6,0.4,0.47635366689513364,0.476027397260274,0.8426904598490048,0.8426904598490048,0.8426904598490048,0.36633679295387117,0.36633679295387117,0.36633679295387117
22501204,2025-12-10,394,4,1,6,3,Fadeaway Jump Shot,2PT Field Goal,13,In The Paint (Non-RA),Center(C),8-16 ft.,12,134,0,Missed Shot,-1,0.6666666666666666,0.6,0.3,0.476027397260274,0.4757015742642026,0.5230557566526577,0.3939725111310561,0.21205982921837416,0.0470283593923837,0.08205488612921791,0.2639675680418998
22501204,2025-12-10,395,5,1,4,51,Running Jump Shot,3PT Field Goal,27,Above the Break 3,Right Side Center(RC),24+ ft.,186,198,1,Made Shot,-2,0.3333333333333333,0.4,0.3,0.4757015742642026,0.47606019151846785,0.37289180213088396,0.23924218398693584,0.14962115291831174,0.10280977213331866,0.23645939027726678,0.3260804213458909
22501204,2025-12-10,396,6,1,4,23,Step Back Jump shot,3PT Field Goal,26,Above the Break 3,Left Side Center(LC),24+ ft.,-117,239,0,Missed Shot,1,0.3333333333333333,0.6,0.4,0.47606019151846785,0.47573479152426523,0.5423046100779905,0.6050570941846013,0.7733897668420748,0.06624441855952262,0.12899690266613345,0.297329575323607
22501204,2025-12-10,397,7,1,3,56,Step Back Jump shot,3PT Field Goal,28,Above the Break 3,Left Side Center(LC),24+ ft.,-97,264,1,Made Shot,-1,0.3333333333333333,0.4,0.4,0.47573479152426523,0.4760928961748634,0.4064355000880933,0.3264961278651991,0.20575982291836786,0.06929929143617192,0.14923866365906613,0.26997496860589737
22501204,2025-12-10,398,8,1,3,18,Alley Oop Layup shot,2PT Field Goal,4,In The Paint (Non-RA),Center(C),Less Than 8 ft.,-2,47,0,Missed Shot,1,0.6666666666666666,0.4,0.5,0.4760928961748634,0.4757679180887372,0.5490575250463898,0.6367209994851446,0.7789974534797042,0.07296462887152644,0.1606281033102812,0.3029045573048408
22501204,2025-12-10,399,9,1,2,2,Turnaround Fadeaway shot,2PT Field Goal,7,In The Paint (Non-RA),Center(C),Less Than 8 ft.,44,62,0,Missed Shot,-1,0.3333333333333333,0.4,0.5,0.4757679180887372,0.47544338335607095,0.41968960217585444,0.3401082875965975,0.20632115348531171,0.05607831591288276,0.1356596304921397,0.2694467646034255
22501204,2025-12-10,400,10,1,0,54,Step Back Jump shot,3PT Field Goal,26,Above the Break 3,Right Side Center(RC),24+ ft.,201,180,0,Missed Shot,-2,0.3333333333333333,0.4,0.4,0.47544338335607095,0.47511929107021134,0.33309547406344364,0.2216265316666154,0.14905352915536788,0.1423479092926273,0.25381685168945556,0.3263898542007031
22501204,2025-12-10,401,11,2,7,52,Pullup Jump shot,2PT Field Goal,15,Mid-Range,Center(C),8-16 ft.,67,141,0,Missed Shot,-3,0.0,0.2,0.4,0.47511929107021134,0.47479564032697547,0.27431352523593644,0.1742599218270211,0.14332676677906844,0.2008057658342749,0.30085936924319023,0.3317925242911429
22501204,2025-12-10,402,12,2,7,5,Driving Floating Jump Shot,2PT Field Goal,3,Restricted Area,Center(C),Less Than 8 ft.,21,25,1,Made Shot,-4,0.0,0.2,0.3,0.47479564032697547,0.47515316541865216,0.2340300700882167,0.15531745013536347,0.14275409054200544,0.24076557023875877,0.319478190191612,0.33204154978497
22501204,2025-12-10,403,13,2,5,32,Step Back Jump shot,3PT Field Goal,27,Above the Break 3,Right Side Center(RC),24+ ft.,186,203,1,Made Shot,1,0.3333333333333333,0.2,0.3,0.47515316541865216,0.47551020408163264,0.4191910533643983,0.567748175402911,0.7726968229189348,0.05596211205425383,0.09259500998425885,0.29754365750028267
22501204,2025-12-10,404,14,2,4,55,Driving Layup Shot,2PT Field Goal,2,Restricted Area,Center(C),Less Than 8 ft.,-16,16,1,Made Shot,2,0.6666666666666666,0.4,0.4,0.47551020408163264,0.47586675730795375,0.5474838919268423,0.7327146531418591,0.8356910961560042,0.07197368784520969,0.2572044490602265,0.3601808920743716
22501204,2025-12-10,405,15,2,4,33,Fadeaway Jump Shot,2PT Field Goal,9,In The Paint (Non-RA),Center(C),8-16 ft.,-25,92,0,Missed Shot,3,1.0,0.6,0.5,0.47586675730795375,0.47554347826086957,0.6366506115694095,0.7987003142950571,0.8419905234797047,0.16078385426145575,0.3228335569871033,0.36612376617175096
22501204,2025-12-10,406,16,2,2,16,Pullup Jump shot,3PT Field Goal,26,Above the Break 3,Right Side Center(RC),24+ ft.,162,205,0,Missed Shot,-1,0.6666666666666666,0.6,0.4,0.47554347826086957,0.47522063815342835,0.4877556781985912,0.40509397899584126,0.21262046621207414,0.012212199937721657,0.0704494992650283,0.2629230120487954
22501204,2025-12-10,407,17,2,1,51,Driving Layup Shot,2PT Field Goal,2,Restricted Area,Center(C),Less Than 8 ft.,22,16,1,Made Shot,-2,0.3333333333333333,0.6,0.4,0.47522063815342835,0.4755766621438263,0.38389093972949806,0.2476517998868384,0.14968346048531173,0.0913296984239303,0.22756883826658997,0.32553717766811663
22501204,2025-12-10,408,18,3,11,22,Pullup Jump shot,2PT Field Goal,16,Mid-Range,Right Side Center(RC),16-24 ft.,82,146,0,Missed Shot,1,0.3333333333333333,0.6,0.4,0.4755766621438263,0.4752542372881356,0.521851734671725,0.6046750572002668,0.7733897599126354,0.04627507252789864,0.1290983950564405,0.29781309776880904
22501204,2025-12-10,409,19,3,4,47,Turnaround Fadeaway shot,2PT Field Goal,15,Mid-Range,Left Side(L),8-16 ft.,-146,48,0,Missed Shot,-1,0.3333333333333333,0.4,0.4,0.4752542372881356,0.4749322493224932,0.4079178206901181,0.32748427974110444,0.20576038985536788,0.06733641659801748,0.14776995754703115,0.2694938474327677
22501204,2025-12-10,410,20,3,3,58,Driving Floating Jump Shot,2PT Field Goal,6,In The Paint (Non-RA),Center(C),Less Than 8 ft.,20,67,1,Made Shot,-2,0.3333333333333333,0.2,0.4,0.4749322493224932,0.4752877454299255,0.32825880996640305,0.21660798475810028,0.1489974528496411,0.14667343935609017,0.25832426456439295,0.3259347964728521
22501204,2025-12-10,411,21,3,1,13,Turnaround Jump Shot,2PT Field Goal,11,In The Paint (Non-RA),Center(C),8-16 ft.,10,119,1,Made Shot,1,0.3333333333333333,0.4,0.5,0.4752877454299255,0.47564276048714477,0.4827115462698388,0.5922574739429527,0.7733211591490683,0.007423800839913286,0.11696972851302717,0.29803341371914277
22501204,2025-12-10,412,22,4,6,49,Driving Layup Shot,2PT Field Goal,3,Restricted Area,Center(C),Less Than 8 ft.,10,34,1,Made Shot,2,0.6666666666666666,0.6,0.6,0.47564276048714477,0.4759972954699121,0.5907655734735808,0.7425172661474335,0.8357535297790111,0.11512281298643606,0.26687450566028875,0.3601107692918663
22501204,2025-12-10,413,23,4,5,49,Driving Floating Jump Shot,2PT Field Goal,11,In The Paint (Non-RA),Center(C),8-16 ft.,36,111,0,Missed Shot,3,1.0,0.6,0.6,0.4759972954699121,0.4756756756756757,0.6663726003807302,0.8026211824741123,0.8419967668420054,0.1903753049108181,0.3266238870042002,0.3659994713720933
22501204,2025-12-10,414,24,4,1,24,Jump Shot,3PT Field Goal,27,Above the Break 3,Left Side Center(LC),24+ ft.,-145,232,0,Missed Shot,-1,0.6666666666666666,0.6,0.5,0.4756756756756757,0.475354490209318,0.5092249488775218,0.4066627486204168,0.21262109054830483,0.033549273201846086,0.06901292705525891,0.2630545851273709
22501228,2025-12-14,415,1,1,9,22,Step Back Jump shot,3PT Field Goal,26,Above the Break 3,Left Side Center(LC),24+ ft.,-103,243,0,Missed Shot,-2,0.3333333333333333,0.6,0.4,0.4756348661633493,0.47530864197530864,0.4756348661633493,0.4756348661633493,0.4756348661633493,0.0,0.0,0.0
22501228,2025-12-14,416,2,1,8,53,Pullup Jump shot,2PT Field Goal,10,Mid-Range,Left Side(L),8-16 ft.,-100,-18,1,Made Shot,-3,0.0,0.4,0.4,0.47530864197530864,0.4756682659355723,0.1426904598490048,0.1426904598490048,0.1426904598490048,0.33261818212630384,0.33261818212630384,0.33261818212630384
22501228,2025-12-14,417,3,1,8,4,Step Back Jump shot,3PT Field Goal,24,Above the Break 3,Left Side Center(LC),24+ ft.,-169,182,0,Missed Shot,1,0.3333333333333333,0.4,0.5,0.4756682659355723,0.47534246575342465,0.5544551657313577,0.6426904598490049,0.7790540962126411,0.07878689979578535,0.16702219391343254,0.3033858302770688
22501228,2025-12-14,418,4,1,7,49,Turnaround Fadeaway shot,2PT Field Goal,10,Mid-Range,Left Side(L),8-16 ft.,-103,-12,0,Missed Shot,-1,0.3333333333333333,0.2,0.4,0.47534246575342465,0.4750171115674196,0.3664347520864477,0.32217763933618426,0.20575352291206786,0.10890771366697694,0.15316482641724039,0.2695889428413568
22501228,2025-12-14,419,5,1,4,57,Step Back Jump shot,3PT Field Goal,27,Above the Break 3,Right Side Center(RC),24+ ft.,129,248,0,Missed Shot,-2,0.3333333333333333,0.2,0.4,0.4750171115674196,0.4746922024623803,0.27810301413246313,0.21165597709038414,0.1489910899120111,0.19691409743495647,0.26336113447703546,0.3260260216554085
22501228,2025-12-14,420,6,1,3,0,Step Back Jump shot,3PT Field Goal,24,Above the Break 3,Left Side Center(LC),24+ ft.,-105,222,1,Made Shot,-3,0.0,0.2,0.4,0.4746922024623803,0.4750512645249487,0.22927226360653247,0.1698485587820795,0.1433204661490678,0.24541993885584784,0.3048436436803008,0.3313717363133125
22501228,2025-12-14,421,7,1,2,1,Step Back Jump shot,3PT Field Goal,25,Above the Break 3,Left Side Center(LC),24+ ft.,-131,221,0,Missed Shot,1,0.3333333333333333,0.4,0.4,0.4750512645249487,0.47472677595628415,0.4378349091667933,0.5752140765831479,0.7727540899126348,0.03721635535815543,0.10016281205819921,0.2977028253876861
22501228,2025-12-14,422,8,2,8,31,Fadeaway Jump Shot,2PT Field Goal,17,Mid-Range,Left Side(L),16-24 ft.,-179,-18,1,Made Shot,-1,0.3333333333333333,0.2,0.3,0.47472677595628415,0.4750853242320819,0.3413452347801138,0.3152740207551935,0.20569676614963542,0.13338154117617035,0.15945275520109065,0.2690300098066487
22501228,2025-12-14,423,9,2,5,48,Step Back Jump shot,2PT Field Goal,19,Mid-Range,Left Side Center(LC),16-24 ft.,-87,176,1,Made Shot,1,0.6666666666666666,0.4,0.3,0.4750853242320819,0.47544338335607095,0.5009496810132749,0.6319314087973075,0.778991096212011,0.025864356781192976,0.15684608456522559,0.30390577197992913
22501228,2025-12-14,424,10,2,4,2,Step Back Jump shot,2PT Field Goal,11,Mid-Range,Left Side(L),8-16 ft.,-115,-8,0,Missed Shot,2,0.6666666666666666,0.6,0.4,0.47544338335607095,0.47511929107021134,0.6077830254603049,0.7584199976529629,0.836320523542635,0.132339642104234,0.2829766142968919,0.360877140186564
22501228,2025-12-14,425,11,2,2,7,Driving Floating Jump Shot,2PT Field Goal,0,Restricted Area,Center(C),Less Than 8 ft.,-1,4,1,Made Shot,-1,0.6666666666666666,0.6,0.4,0.47511929107021134,0.47547683923705725,0.46419937297819347,0.38894353255520137,0.21205346615594106,0.010919918092017866,0.08617575851500997,0.2630658249142703
22501228,2025-12-14,426,12,2,0,16,Step Back Jump shot,3PT Field Goal,29,Above the Break 3,Right Side Center(RC),24+ ft.,113,268,0,Missed Shot,1,0.6666666666666666,0.6,0.5,0.47547683923705725,0.47515316541865216,0.5800371911975968,0.6612031083257603,0.7796267604853742,0.10456035196053953,0.1857262690887031,0.3041499212483169
22501228,2025-12-14,427,13,3,11,9,Driving Floating Jump Shot,2PT Field Goal,4,In The Paint (Non-RA),Center(C),Less Than 8 ft.,37,25,1,Made Shot,-1,0.3333333333333333,0.6,0.4,0.47515316541865216,0.47551020408163264,0.44699165024995047,0.35009029963291527,0.20638408991206847,0.02816151516870169,0.1250628657857369,0.2687690755065837
22501228,2025-12-14,428,14,3,8,57,Step Back Jump shot,3PT Field Goal,30,Above the Break 3,Center(C),24+ ft.,-16,301,0,Missed Shot,1,0.6666666666666666,0.6,0.5,0.47551020408163264,0.4751869476546567,0.566862711984456,0.6456523792461093,0.7790598228553685,0.0913525079028234,0.17014217516447666,0.3035496187737358
22501228,2025-12-14,429,15,3,8,28,Driving Floating Bank Jump Shot,2PT Field Goal,8,Mid-Range,Left Side(L),8-16 ft.,-83,-1,0,Missed Shot,-1,0.3333333333333333,0.4,0.5,0.4751869476546567,0.4748641304347826,0.43874209274304843,0.343874417528799,0.2063273961496354,0.03644485491160826,0.1313125301258577,0.2688595515050213
22501228,2025-12-14,430,16,3,8,5,Jump Shot,3PT Field Goal,27,Above the Break 3,Left Side Center(LC),24+ ft.,-181,201,0,Missed Shot,-2,0.3333333333333333,0.4,0.5,0.4748641304347826,0.4745417515274949,0.34950293448189496,0.2231639133090055,0.1490541534790678,0.12536119595288764,0.25170021712577706,0.3258099769557148
22501228,2025-12-14,431,17,3,7,57,Floating Jump shot,2PT Field Goal,9,Mid-Range,Left Side(L),8-16 ft.,-92,29,0,Missed Shot,-3,0.0,0.2,0.4,0.4745417515274949,0.47421981004070557,0.2872523150406473,0.17487982049514514,0.1433268292120111,0.1872894364868476,0.2996619310323497,0.3312149223154838
22501228,2025-12-14,432,18,3,6,10,Driving Floating Jump Shot,2PT Field Goal,9,In The Paint (Non-RA),Center(C),8-16 ft.,-18,96,0,Missed Shot,-4,0.0,0.2,0.4,0.47421981004070557,0.4738983050847458,0.24378263474244827,0.15556620078940633,0.14275409678530543,0.2304371752982573,0.31865360925129926,0.33146571325540014
22501228,2025-12-14,433,19,3,4,55,Jump Shot,3PT Field Goal,28,Above the Break 3,Center(C),24+ ft.,74,280,0,Missed Shot,-5,0.0,0.0,0.3,0.4738983050847458,0.4735772357723577,0.21340551576080016,0.14784075569427688,0.14269682354263485,0.2604927893239456,0.32605754939046894,0.33120148154211093
22501228,2025-12-14,434,20,3,3,33,Step Back Jump shot,3PT Field Goal,27,Above the Break 3,Left Side Center(LC),24+ ft.,-228,159,0,Missed Shot,-6,0.0,0.0,0.2,0.4735772357723577,0.4732566012186865,0.19216678918545124,0.14475057810217148,0.1426910962183678,0.2814104465869065,0.32882665767018626,0.33088613955398993
22501228,2025-12-14,435,21,3,3,19,Driving Floating Jump Shot,2PT Field Goal,12,Mid-Range,Left Side(L),8-16 ft.,-118,-38,0,Missed Shot,-7,0.0,0.0,0.2,0.4732566012186865,0.472936400541272,0.17731203744144788,0.14351450713668074,0.1426905234859411,0.29594456377723866,0.3297420940820058,0.3305660777327454
22501228,2025-12-14,436,22,3,1,49,Step Back Jump shot,3PT Field Goal,28,Above the Break 3,Left Side Center(LC),24+ ft.,-164,237,0,Missed Shot,-8,0.0,0.0,0.1,0.472936400541272,0.4726166328600406,0.16691975959990815,0.14302007876190065,0.14269046621269843,0.3060166409413638,0.32991632177937136,0.3302459343285736
22501228,2025-12-14,437,23,4,4,27,Pullup Jump shot,3PT Field Goal,26,Above the Break 3,Left Side Center(LC),24+ ft.,-210,165,1,Made Shot,-9,0.0,0.0,0.1,0.4726166328600406,0.47297297297297297,0.15964812659625963,0.1428223074138152,0.14269046048537418,0.3129685062637809,0.32979432544622533,0.32992617237466637
22501228,2025-12-14,438,24,4,4,0,Jump Shot,3PT Field Goal,28,Above the Break 3,Left Side Center(LC),24+ ft.,-88,268,0,Missed Shot,1,0.3333333333333333,0.2,0.1,0.47297297297297297,0.4726536124240378,0.36461692396436085,0.562743199170422,0.7726904599126416,0.10835604900861212,0.08977022619744907,0.29971748693966865
22501228,2025-12-14,439,25,4,1,7,Step Back Jump shot,3PT Field Goal,31,Above the Break 3,Left Side Center(LC),24+ ft.,-169,262,0,Missed Shot,-1,0.3333333333333333,0.2,0.1,0.4726536124240378,0.47233468286099867,0.29802622720206984,0.3107115555066311,0.2056904598553685,0.17462738522196797,0.1619420569174067,0.2669631525686693
22500379,2025-12-18,440,1,1,11,8,Turnaround Fadeaway shot,2PT Field Goal,14,Mid-Range,Left Side(L),8-16 ft.,-147,10,1,Made Shot,-2,0.3333333333333333,0.2,0.1,0.4756348661633493,0.47599451303155005,0.4756348661633493,0.4756348661633493,0.4756348661633493,0.0,0.0,0.0
22500379,2025-12-18,441,2,1,10,0,Jump Shot,3PT Field Goal,28,Above the Break 3,Center(C),24+ ft.,67,277,0,Missed Shot,1,0.3333333333333333,0.4,0.2,0.47599451303155005,0.4756682659355723,0.8426904598490048,0.8426904598490048,0.8426904598490048,0.36669594681745477,0.36669594681745477,0.36669594681745477
22500379,2025-12-18,442,3,1,7,38,Step Back Jump shot,3PT Field Goal,25,Above the Break 3,Left Side Center(LC),24+ ft.,-100,235,1,Made Shot,-1,0.3333333333333333,0.4,0.2,0.4756682659355723,0.476027397260274,0.43092575396665184,0.3426904598490048,0.2063268234853684,0.044742511968920484,0.1329778060865675,0.2693414424502039
22500379,2025-12-18,443,4,1,6,15,Step Back Jump shot,3PT Field Goal,25,Above the Break 3,Center(C),24+ ft.,-10,250,0,Missed Shot,1,0.6666666666666666,0.4,0.3,0.476027397260274,0.4757015742642026,0.6189461676115618,0.6632032803618253,0.7796273967859417,0.14291877035128786,0.1871758831015513,0.30359999952566774
22500379,2025-12-18,444,5,1,5,53,Driving Floating Bank Jump Shot,2PT Field Goal,6,In The Paint (Non-RA),Center(C),Less Than 8 ft.,40,46,0,Missed Shot,-1,0.3333333333333333,0.4,0.3,0.4757015742642026,0.47537619699042405,0.43092575396665184,0.3426904598490048,0.20632682348536843,0.044775820297550784,0.1330111144151978,0.2693747507788342
22500379,2025-12-18,445,6,1,4,53,Driving Finger Roll Layup Shot,2PT Field Goal,6,In The Paint (Non-RA),Center(C),Less Than 8 ft.,-28,56,1,Made Shot,-2,0.3333333333333333,0.4,0.3,0.47537619699042405,0.47573479152426523,0.3269860135614565,0.22144894675492138,0.1490535234796411,0.14839018342896754,0.25392725023550267,0.3263226735107829
22500379,2025-12-18,446,7,1,1,39,Driving Layup Shot,2PT Field Goal,2,Restricted Area,Center(C),Less Than 8 ft.,22,17,0,Missed Shot,1,0.3333333333333333,0.4,0.4,0.47573479152426523,0.47540983606557374,0.5023259110469974,0.5957268970959684,0.7733273904859355,0.026591119522732187,0.11999210557170314,0.29759259896167023
22500379,2025-12-18,447,8,1,1,4,Pullup Jump shot,3PT Field Goal,27,Above the Break 3,Right Side Center(RC),24+ ft.,110,253,0,Missed Shot,-1,0.3333333333333333,0.4,0.4,0.47540983606557374,0.4750853242320819,0.38475260867180205,0.32345895094481614,0.20575409615536844,0.09065722739377169,0.1519508851207576,0.2696557399102053
22500379,2025-12-18,448,9,1,0,34,Pullup Jump shot,3PT Field Goal,27,Above the Break 3,Right Side Center(RC),24+ ft.,135,242,0,Missed Shot,-2,0.3333333333333333,0.2,0.3,0.4750853242320819,0.4747612551159618,0.307691547181563,0.2149267286101001,0.14899682291206842,0.1673937770505189,0.2601585956219818,0.32608850132001344
22500379,2025-12-18,449,10,2,5,32,Jump Shot,3PT Field Goal,26,Above the Break 3,Left Side Center(LC),24+ ft.,-169,199,0,Missed Shot,-3,0.0,0.2,0.3,0.4747612551159618,0.47443762781186094,0.2561097077031464,0.17157360259157592,0.14332109614963545,0.2186515474128154,0.30318765252438584,0.33144015896632634
22500379,2025-12-18,450,11,2,4,34,Step Back Jump shot,2PT Field Goal,17,Mid-Range,Right Side Center(RC),16-24 ft.,54,166,1,Made Shot,-4,0.0,0.2,0.3,0.47443762781186094,0.47479564032697547,0.22109485029026354,0.15424189958525208,0.1427535234790111,0.2533427775215974,0.32019572822660886,0.33168410433284984
22500379,2025-12-18,451,12,2,3,46,Turnaround Jump Shot,2PT Field Goal,11,In The Paint (Non-RA),Center(C),8-16 ft.,49,105,1,Made Shot,1,0.3333333333333333,0.2,0.3,0.47479564032697547,0.47515316541865216,0.41133520659916023,0.5673283618455136,0.7726967662183049,0.06346043372781524,0.09253272151853814,0.2979011258913294
22500379,2025-12-18,452,13,2,2,11,Step Back Jump shot,3PT Field Goal,25,Above the Break 3,Right Side Center(RC),24+ ft.,174,180,0,Missed Shot,2,0.6666666666666666,0.4,0.4,0.47515316541865216,0.4748299319727891,0.5425580759967854,0.7325483925797516,0.8356910904859975,0.06740491057813325,0.2573952271610994,0.3605379250673454
22500379,2025-12-18,453,14,2,1,44,Running Pull-Up Jump Shot,2PT Field Goal,10,In The Paint (Non-RA),Right Side(R),8-16 ft.,69,82,1,Made Shot,-1,0.6666666666666666,0.4,0.3,0.4748299319727891,0.4751869476546567,0.4214241363990184,0.3786312578436173,0.21199052291264173,0.05340579557377073,0.09619867412917182,0.26283940906014736
22500379,2025-12-18,454,15,2,0,31,Driving Floating Jump Shot,2PT Field Goal,10,In The Paint (Non-RA),Center(C),8-16 ft.,38,93,0,Missed Shot,1,0.6666666666666666,0.6,0.4,0.4751869476546567,0.4748641304347826,0.5486670240566678,0.6570675264685171,0.7796204661553741,0.0734800764020111,0.18188057881386038,0.30443351850071737
22500379,2025-12-18,455,16,2,0,27,Floating Jump shot,2PT Field Goal,3,Restricted Area,Center(C),Less Than 8 ft.,28,13,1,Made Shot,-1,0.3333333333333333,0.6,0.4,0.4748641304347826,0.47522063815342835,0.42629307695328106,0.34844095511155204,0.20638346047964115,0.048571053481501536,0.12642317532323055,0.2684806699551414
22500379,2025-12-18,456,17,2,0,3,Driving Floating Jump Shot,2PT Field Goal,22,Mid-Range,Center(C),16-24 ft.,-70,216,1,Made Shot,1,0.6666666666666666,0.6,0.4,0.47522063815342835,0.4755766621438263,0.5516288192240757,0.644990785321206,0.7790597599120686,0.07640818107064734,0.16977014716777766,0.3038391217586402
22500379,2025-12-18,457,18,3,7,48,Jump Shot,3PT Field Goal,26,Above the Break 3,Left Side Center(LC),24+ ft.,-107,237,1,Made Shot,2,0.6666666666666666,0.6,0.5,0.4755766621438263,0.4759322033898305,0.6391509145116743,0.763610610416616,0.8363273898553112,0.16357425236784795,0.2880339482727897,0.36075072771148486
22500379,2025-12-18,458,19,3,6,46,Jump Shot,3PT Field Goal,27,Above the Break 3,Left Side Center(LC),24+ ft.,-212,169,0,Missed Shot,3,1.0,0.8,0.6,0.4759322033898305,0.47560975609756095,0.7003123742656048,0.811058523336645,0.8420541528496353,0.22438017087577428,0.33512631994681447,0.36612194945980475
22500379,2025-12-18,459,20,3,5,52,Turnaround Jump Shot,2PT Field Goal,11,Mid-Range,Right Side(R),8-16 ft.,91,73,1,Made Shot,-1,0.6666666666666666,0.6,0.6,0.47560975609756095,0.47596479350033855,0.5328348941164116,0.4100376742208837,0.21262682914906783,0.05722513801885065,0.06557208187667724,0.2629829269484931
22500379,2025-12-18,460,21,3,4,59,Step Back Jump shot,2PT Field Goal,20,Mid-Range,Left Side Center(LC),16-24 ft.,-102,176,0,Missed Shot,1,0.6666666666666666,0.8,0.7,0.47596479350033855,0.47564276048714477,0.6258657953006016,0.6696293484519968,0.7796840967790111,0.14990100180026306,0.1936645549516583,0.3037193032786725
22500379,2025-12-18,461,22,3,3,48,Step Back Jump shot,2PT Field Goal,17,Mid-Range,Center(C),16-24 ft.,4,172,0,Missed Shot,-1,0.3333333333333333,0.6,0.6,0.47564276048714477,0.4753211629479378,0.48083218674290956,0.35346601389970067,0.2063898235420054,0.005189426255764795,0.1221767465874441,0.26925293694513935
22500379,2025-12-18,462,23,3,1,12,Driving Layup Shot,2PT Field Goal,9,In The Paint (Non-RA),Left Side(L),8-16 ft.,-71,60,1,Made Shot,-2,0.3333333333333333,0.4,0.5,0.4753211629479378,0.4756756756756757,0.3793499909522222,0.22700068124680298,0.14906039621830486,0.09597117199571559,0.24832048170113483,0.32626076672963295
22500379,2025-12-18,463,24,3,0,29,Step Back Jump shot,3PT Field Goal,29,Above the Break 3,Left Side Center(LC),24+ ft.,-200,215,0,Missed Shot,1,0.3333333333333333,0.4,0.6,0.4756756756756757,0.475354490209318,0.5183901851807166,0.5964145486680759,0.7733274534859349,0.042714509505040854,0.12073887299240016,0.2976517778102592
22500379,2025-12-18,464,25,4,6,42,Turnaround Jump Shot,2PT Field Goal,6,In The Paint (Non-RA),Center(C),Less Than 8 ft.,29,63,0,Missed Shot,-1,0.3333333333333333,0.4,0.5,0.475354490209318,0.4750337381916329,0.4056586703387742,0.3241800953000061,0.2057541592126978,0.06969581987054385,0.15117439490931195,0.26960033099662023
22500379,2025-12-18,465,26,4,6,26,Pullup Jump shot,2PT Field Goal,11,In The Paint (Non-RA),Center(C),8-16 ft.,-54,96,1,Made Shot,-2,0.3333333333333333,0.2,0.5,0.4750337381916329,0.4753877275792313,0.32675762602038394,0.215286314017145,0.1489968297853741,0.14827611217124897,0.25974742417448793,0.3260369084062588
22500379,2025-12-18,466,27,4,4,48,Jump Shot,3PT Field Goal,28,Above the Break 3,Left Side Center(LC),24+ ft.,-218,186,1,Made Shot,1,0.3333333333333333,0.4,0.5,0.4753877275792313,0.4757412398921833,0.4815520074610917,0.5917288015332143,0.7733210968426416,0.006164279881860413,0.11634107395398297,0.2979333692634103
22500379,2025-12-18,467,28,4,4,23,Running Jump Shot,3PT Field Goal,31,Above the Break 3,Center(C),24+ ft.,-34,311,1,Made Shot,2,0.6666666666666666,0.6,0.5,0.4757412398921833,0.47609427609427607,0.5899006630235817,0.7423057965254012,0.8357535235483684,0.11415942313139837,0.2665645566332179,0.3600122836561851
22500395,2025-12-20,468,1,1,11,37,Step Back Jump shot,2PT Field Goal,15,Mid-Range,Center(C),8-16 ft.,67,141,0,Missed Shot,3,1.0,0.6,0.5,0.4756348661633493,0.47530864197530864,0.4756348661633493,0.4756348661633493,0.4756348661633493,0.0,0.0,0.0
22500395,2025-12-20,469,2,1,8,40,Driving Floating Jump Shot,2PT Field Goal,16,Mid-Range,Right Side Center(RC),16-24 ft.,74,145,0,Missed Shot,-1,0.6666666666666666,0.6,0.5,0.47530864197530864,0.47498286497601094,0.1426904598490048,0.1426904598490048,0.1426904598490048,0.33261818212630384,0.33261818212630384,0.33261818212630384
22500395,2025-12-20,470,3,1,6,17,Fadeaway Jump Shot,2PT Field Goal,15,Mid-Range,Center(C),8-16 ft.,-51,150,0,Missed Shot,-2,0.3333333333333333,0.6,0.4,0.47498286497601094,0.47465753424657536,0.1426904598490048,0.1426904598490048,0.1426904598490048,0.33229240512700614,0.33229240512700614,0.33229240512700614
22500395,2025-12-20,471,4,1,5,40,Pullup Jump shot,2PT Field Goal,7,In The Paint (Non-RA),Center(C),Less Than 8 ft.,56,53,0,Missed Shot,-3,0.0,0.4,0.4,0.47465753424657536,0.47433264887063653,0.1426904598490048,0.1426904598490048,0.1426904598490048,0.33196707439757056,0.33196707439757056,0.33196707439757056
22500395,2025-12-20,472,5,1,4,20,Step Back Jump shot,3PT Field Goal,23,Right Corner 3,Right Side(R),24+ ft.,228,71,0,Missed Shot,-4,0.0,0.2,0.4,0.47433264887063653,0.4740082079343365,0.1426904598490048,0.1426904598490048,0.1426904598490048,0.33164218902163173,0.33164218902163173,0.33164218902163173
22500395,2025-12-20,473,6,1,3,12,Step Back Jump shot,3PT Field Goal,25,Above the Break 3,Right Side Center(RC),24+ ft.,156,205,0,Missed Shot,-5,0.0,0.0,0.3,0.4740082079343365,0.47368421052631576,0.1426904598490048,0.1426904598490048,0.1426904598490048,0.3313177480853317,0.3313177480853317,0.3313177480853317
22500395,2025-12-20,474,7,1,2,40,Driving Floating Jump Shot,2PT Field Goal,7,In The Paint (Non-RA),Center(C),Less Than 8 ft.,5,79,1,Made Shot,-6,0.0,0.0,0.3,0.47368421052631576,0.47404371584699456,0.1426904598490048,0.1426904598490048,0.1426904598490048,0.33099375067731096,0.33099375067731096,0.33099375067731096
22500395,2025-12-20,475,8,1,1,35,Step Back Jump shot,3PT Field Goal,24,Above the Break 3,Center(C),24+ ft.,-15,248,0,Missed Shot,1,0.3333333333333333,0.2,0.4,0.47404371584699456,0.4737201365187713,0.37153695256400365,0.563379717128131,0.7726905228490111,0.10250676328299091,0.08933600128113639,0.2986468070020165
22500395,2025-12-20,476,9,1,0,49,Driving Floating Jump Shot,2PT Field Goal,15,Mid-Range,Center(C),8-16 ft.,-60,148,1,Made Shot,-1,0.3333333333333333,0.2,0.3,0.4737201365187713,0.4740791268758527,0.29868312666557295,0.31080063253177415,0.2056904604790048,0.17503700985319837,0.16291950398699717,0.2680296760397665
22500395,2025-12-20,477,10,1,0,9,Jump Shot,3PT Field Goal,31,Above the Break 3,Right Side Center(RC),24+ ft.,196,247,0,Missed Shot,1,0.6666666666666666,0.4,0.3,0.4740791268758527,0.47375596455351054,0.46874806010927067,0.6300182098947129,0.7789904604853048,0.0053310667665820155,0.15593908301886023,0.30491133360945216
22500395,2025-12-20,478,11,2,6,15,Jump Shot,3PT Field Goal,26,Above the Break 3,Right Side Center(RC),24+ ft.,136,224,1,Made Shot,-1,0.3333333333333333,0.4,0.2,0.47375596455351054,0.47411444141689374,0.36808736452625845,0.33759089664104575,0.2063204598553678,0.10566860002725209,0.1361650679124648,0.26743550469814276
22500395,2025-12-20,479,12,2,4,47,Pullup Jump shot,3PT Field Goal,24,Above the Break 3,Left Side Center(LC),24+ ft.,-85,235,0,Missed Shot,1,0.6666666666666666,0.6,0.3,0.47411444141689374,0.47379169503063306,0.5133404206467782,0.640663346345702,0.7790534598553684,0.03922597922988447,0.16654890492880825,0.3049390184384747
22500395,2025-12-20,480,13,2,3,21,Pullup Jump shot,2PT Field Goal,14,Mid-Range,Right Side(R),8-16 ft.,138,47,1,Made Shot,-1,0.3333333333333333,0.4,0.3,0.47379169503063306,0.4741496598639456,0.4005847487694503,0.34187460160437483,0.2063267598490684,0.07320694626118274,0.13191709342625824,0.26746493518156467
22500012,2025-12-25,481,1,1,4,14,Driving Layup Shot,2PT Field Goal,2,Restricted Area,Center(C),Less Than 8 ft.,21,13,1,Made Shot,1,0.6666666666666666,0.6,0.4,0.4756348661633493,0.47599451303155005,0.4756348661633493,0.4756348661633493,0.4756348661633493,0.0,0.0,0.0
22500012,2025-12-25,482,2,1,2,33,Jump Shot,3PT Field Goal,29,Above the Break 3,Left Side Center(LC),24+ ft.,-100,274,0,Missed Shot,2,0.6666666666666666,0.6,0.5,0.47599451303155005,0.4756682659355723,0.8426904598490048,0.8426904598490048,0.8426904598490048,0.36669594681745477,0.36669594681745477,0.36669594681745477
22500012,2025-12-25,483,3,2,5,41,Pullup Jump shot,2PT Field Goal,12,In The Paint (Non-RA),Right Side(R),8-16 ft.,64,107,1,Made Shot,-1,0.6666666666666666,0.6,0.5,0.4756682659355723,0.476027397260274,0.43092575396665184,0.3426904598490048,0.2063268234853684,0.044742511968920484,0.1329778060865675,0.2693414424502039
22500012,2025-12-25,484,4,2,4,59,Jump Shot,3PT Field Goal,26,Above the Break 3,Center(C),24+ ft.,-6,262,1,Made Shot,1,0.6666666666666666,0.6,0.6,0.476027397260274,0.47638603696098564,0.6189461676115618,0.6632032803618253,0.7796273967859417,0.14291877035128786,0.1871758831015513,0.30359999952566774
22500012,2025-12-25,485,5,2,3,44,Step Back Jump shot,3PT Field Goal,26,Above the Break 3,Center(C),24+ ft.,25,259,0,Missed Shot,2,0.6666666666666666,0.8,0.6,0.47638603696098564,0.47606019151846785,0.7072779055655463,0.7737249426076254,0.8363898297859984,0.23089186860456062,0.29733890564663973,0.36000379282501277
22500012,2025-12-25,486,6,2,2,48,Step Back Jump shot,3PT Field Goal,26,Above the Break 3,Left Side Center(LC),24+ ft.,-210,163,0,Missed Shot,-1,0.6666666666666666,0.6,0.6,0.47606019151846785,0.47573479152426523,0.5036835722502886,0.39118706508663814,0.21205415348594114,0.027623380731820746,0.0848731264318297,0.2640060380325267
22500012,2025-12-25,487,7,2,2,21,Fadeaway Bank shot,2PT Field Goal,10,Mid-Range,Right Side(R),8-16 ft.,81,59,1,Made Shot,-2,0.3333333333333333,0.4,0.5,0.47573479152426523,0.4760928961748634,0.38094564401041,0.2414758849502194,0.14962676678531173,0.09478914751385525,0.23425890657404583,0.3261080247389535
22500012,2025-12-25,488,8,2,1,39,Jump Shot,3PT Field Goal,27,Above the Break 3,Right Side Center(RC),24+ ft.,123,242,0,Missed Shot,1,0.3333333333333333,0.6,0.6,0.4760928961748634,0.4757679180887372,0.5319009034875464,0.6027966177781559,0.773384152918374,0.05580800731268298,0.12670372160329246,0.29729125674351065
22500012,2025-12-25,489,9,2,0,21,Driving Floating Jump Shot,2PT Field Goal,7,In The Paint (Non-RA),Center(C),Less Than 8 ft.,13,78,1,Made Shot,-1,0.3333333333333333,0.4,0.5,0.4757679180887372,0.4761255115961801,0.40799483194461633,0.3265518832714589,0.2057598234796984,0.06777308614412086,0.1492160348172783,0.2700080946090388
22500012,2025-12-25,490,10,3,10,8,Pullup Jump shot,3PT Field Goal,25,Above the Break 3,Center(C),24+ ft.,-7,255,1,Made Shot,1,0.6666666666666666,0.4,0.6,0.4761255115961801,0.47648261758691207,0.5438872703704403,0.6363162320834413,0.7789973967853117,0.06776175877426016,0.16019072048726124,0.30287188518913155
22500012,2025-12-25,491,11,3,8,49,Driving Layup Shot,2PT Field Goal,2,Restricted Area,Center(C),Less Than 8 ft.,22,16,1,Made Shot,2,0.6666666666666666,0.6,0.6,0.47648261758691207,0.4768392370572207,0.6361339681052154,0.7601537540481225,0.8363211535483679,0.15965135051830331,0.2836711364612104,0.3598385359614558
22500012,2025-12-25,492,12,3,4,14,Running Layup Shot,2PT Field Goal,2,Restricted Area,Center(C),Less Than 8 ft.,17,14,1,Made Shot,3,1.0,0.8,0.6,0.4768392370572207,0.4771953710006807,0.6993509213509908,0.8096778547199872,0.8420535292189983,0.22251168429377005,0.3328386176627665,0.36521429216177764
22500012,2025-12-25,493,13,3,2,2,Step Back Jump shot,3PT Field Goal,24,Above the Break 3,Left Side Center(LC),24+ ft.,-167,174,1,Made Shot,4,1.0,0.8,0.7,0.4771953710006807,0.4775510204081633,0.7429563379956936,0.8294857501187374,0.8426267667860048,0.2657609669950129,0.35229037911805666,0.3654313957853241
22500012,2025-12-25,494,14,3,1,26,Driving Floating Jump Shot,2PT Field Goal,11,In The Paint (Non-RA),Right Side(R),8-16 ft.,66,93,0,Missed Shot,5,1.0,1.0,0.7,0.4775510204081633,0.4772263766145479,0.7731693049991291,0.8374086291264389,0.8426840905427049,0.2956182845909658,0.3598576087182756,0.3651330701345416
22500012,2025-12-25,495,15,3,0,57,Turnaround Fadeaway shot,2PT Field Goal,12,Mid-Range,Left Side(L),8-16 ft.,-118,34,0,Missed Shot,-1,0.6666666666666666,0.8,0.6,0.4772263766145479,0.47690217391304346,0.5827340757907679,0.4205766086350434,0.21268982291836847,0.10550769917621994,0.056649767979504495,0.26453655369617946
22500012,2025-12-25,496,16,3,0,0,Step Back Jump shot,2PT Field Goal,22,Mid-Range,Center(C),16-24 ft.,-66,213,0,Missed Shot,-2,0.3333333333333333,0.6,0.6,0.47690217391304346,0.47657841140529533,0.45009126108657876,0.2538447403364399,0.1496903961559411,0.026810912826464695,0.22305743357660357,0.32721177775710236
22500012,2025-12-25,497,17,4,3,48,Jump Shot,3PT Field Goal,26,Above the Break 3,Center(C),24+ ft.,-55,262,0,Missed Shot,-3,0.0,0.4,0.6,0.47657841140529533,0.4762550881953867,0.35756352392883406,0.18715214339972658,0.14339045347969842,0.11901488747646127,0.28942626800556875,0.3331879579255969
22500446,2025-12-28,498,1,1,10,24,Driving Layup Shot,2PT Field Goal,1,Restricted Area,Center(C),Less Than 8 ft.,6,16,1,Made Shot,-4,0.0,0.2,0.5,0.4756348661633493,0.47599451303155005,0.4756348661633493,0.4756348661633493,0.4756348661633493,0.0,0.0,0.0
22500446,2025-12-28,499,2,1,6,34,Jump Shot,3PT Field Goal,29,Above the Break 3,Center(C),24+ ft.,-77,282,0,Missed Shot,1,0.3333333333333333,0.2,0.6,0.47599451303155005,0.4756682659355723,0.8426904598490048,0.8426904598490048,0.8426904598490048,0.36669594681745477,0.36669594681745477,0.36669594681745477
22500446,2025-12-28,500,3,1,4,49,Pullup Jump shot,3PT Field Goal,27,Above the Break 3,Right Side Center(RC),24+ ft.,130,241,1,Made Shot,-1,0.3333333333333333,0.2,0.5,0.4756682659355723,0.476027397260274,0.43092575396665184,0.3426904598490048,0.2063268234853684,0.044742511968920484,0.1329778060865675,0.2693414424502039
22500446,2025-12-28,501,4,1,4,23,Step Back Jump shot,3PT Field Goal,27,Above the Break 3,Right Side Center(RC),24+ ft.,86,257,0,Missed Shot,1,0.6666666666666666,0.4,0.5,0.476027397260274,0.4757015742642026,0.6189461676115618,0.6632032803618253,0.7796273967859417,0.14291877035128786,0.1871758831015513,0.30359999952566774
22500446,2025-12-28,502,5,1,4,12,Turnaround Fadeaway shot,2PT Field Goal,18,Mid-Range,Right Side Center(RC),16-24 ft.,116,145,0,Missed Shot,-1,0.3333333333333333,0.4,0.4,0.4757015742642026,0.47537619699042405,0.43092575396665184,0.3426904598490048,0.20632682348536843,0.044775820297550784,0.1330111144151978,0.2693747507788342
22500446,2025-12-28,503,6,1,4,3,Jump Shot,3PT Field Goal,26,Above the Break 3,Left Side Center(LC),24+ ft.,-218,145,0,Missed Shot,-2,0.3333333333333333,0.4,0.3,0.47537619699042405,0.4750512645249487,0.3269860135614565,0.22144894675492138,0.1490535234796411,0.14839018342896754,0.25392725023550267,0.3263226735107829
22500446,2025-12-28,504,7,2,8,7,Pullup Jump shot,3PT Field Goal,29,Above the Break 3,Center(C),24+ ft.,-81,279,1,Made Shot,-3,0.0,0.2,0.2,0.4750512645249487,0.47540983606557374,0.2643253874458455,0.17399950168436243,0.14332676048530543,0.21072587707910323,0.3010517628405863,0.33172450403964326
22500446,2025-12-28,505,8,2,5,59,Turnaround Fadeaway shot,2PT Field Goal,9,In The Paint (Non-RA),Left Side(L),8-16 ft.,-64,69,1,Made Shot,1,0.3333333333333333,0.4,0.3,0.47540983606557374,0.4757679180887372,0.45340655648630174,0.5758725053122918,0.7727541528553741,0.022003279579272006,0.1004626692467181,0.29734431678980033
22500446,2025-12-28,506,9,2,5,30,Driving Layup Shot,2PT Field Goal,1,Restricted Area,Center(C),Less Than 8 ft.,-4,13,1,Made Shot,2,0.6666666666666666,0.4,0.4,0.4757679180887372,0.4761255115961801,0.5773360141073451,0.7360682639266851,0.8356968297790686,0.10156809601860795,0.2603003458379479,0.35992891169033137
22500446,2025-12-28,507,10,2,5,2,Step Back Jump shot,3PT Field Goal,28,Above the Break 3,Center(C),24+ ft.,78,276,0,Missed Shot,3,1.0,0.6,0.5,0.4761255115961801,0.4758009543285617,0.6602898336633551,0.8000583560987993,0.8419910968483053,0.18416432206717503,0.32393284450261917,0.3658655852521252
22500446,2025-12-28,508,11,2,4,23,Jump Shot,3PT Field Goal,26,Above the Break 3,Left Side Center(LC),24+ ft.,-116,239,0,Missed Shot,-1,0.6666666666666666,0.6,0.5,0.4758009543285617,0.47547683923705725,0.5004962482358257,0.40559625599981525,0.2126205234859978,0.02469529390726405,0.07020469832874643,0.2631804308425639
22500446,2025-12-28,509,12,2,3,0,Driving Layup Shot,2PT Field Goal,3,Restricted Area,Center(C),Less Than 8 ft.,13,32,1,Made Shot,-2,0.3333333333333333,0.6,0.4,0.47547683923705725,0.4758339006126617,0.3909891995608592,0.2478461617908176,0.14968346621207473,0.08448763967619805,0.22763067744623966,0.3257933730249825
22500446,2025-12-28,510,13,2,1,5,Pullup Jump shot,3PT Field Goal,26,Above the Break 3,Right Side Center(RC),24+ ft.,121,236,1,Made Shot,1,0.3333333333333333,0.6,0.5,0.4758339006126617,0.47619047619047616,0.5284015413347574,0.6047587286249568,0.7733897604859354,0.05256764072209569,0.12892482801229516,0.29755585987327376
22500446,2025-12-28,511,14,3,10,55,Jump Shot,3PT Field Goal,25,Above the Break 3,Right Side Center(RC),24+ ft.,200,152,1,Made Shot,2,0.6666666666666666,0.6,0.5,0.47619047619047616,0.47654656696125086,0.6236106888979407,0.7475187254055065,0.8357603899127042,0.14742021270746453,0.2713282492150303,0.359569913722228
22500446,2025-12-28,512,15,3,8,47,Running Pull-Up Jump Shot,3PT Field Goal,25,Above the Break 3,Right Side Center(RC),24+ ft.,136,215,0,Missed Shot,3,1.0,0.6,0.6,0.47654656696125086,0.47622282608695654,0.6897834189061094,0.8046219193568245,0.8419974528553746,0.21323685194485853,0.3280753523955736,0.3654508858941238
22500446,2025-12-28,513,16,3,7,10,Pullup Jump shot,2PT Field Goal,19,Mid-Range,Right Side Center(RC),16-24 ft.,129,145,0,Missed Shot,-1,0.6666666666666666,0.6,0.6,0.47622282608695654,0.47589952477936187,0.524872606965636,0.4074626172055792,0.21262115914964114,0.04864978087867944,0.06876020888137735,0.2636016669373154
22500446,2025-12-28,514,17,3,6,11,Driving Floating Jump Shot,2PT Field Goal,7,In The Paint (Non-RA),Center(C),Less Than 8 ft.,-31,69,1,Made Shot,-2,0.3333333333333333,0.6,0.6,0.47589952477936187,0.4762550881953867,0.4098356613479816,0.24859925456033988,0.14968352977906843,0.06606386343138027,0.227300270219022,0.3262159950002934
22500446,2025-12-28,515,18,3,5,16,Jump Shot,3PT Field Goal,27,Above the Break 3,Center(C),24+ ft.,6,274,0,Missed Shot,1,0.3333333333333333,0.6,0.6,0.4762550881953867,0.4759322033898305,0.5399948909831906,0.6050540389720045,0.7733897668420111,0.06373980278780395,0.1287989507766178,0.2971346786466244
22500446,2025-12-28,516,19,3,4,51,Step Back Jump shot,3PT Field Goal,26,Above the Break 3,Left Side Center(LC),24+ ft.,-148,215,0,Missed Shot,-1,0.3333333333333333,0.4,0.5,0.4759322033898305,0.47560975609756095,0.42060915228263834,0.3276358724341734,0.20576039054830542,0.055323051107192156,0.14829633095565709,0.2701718128415251
22500446,2025-12-28,517,20,3,4,19,Driving Floating Bank Jump Shot,2PT Field Goal,8,In The Paint (Non-RA),Left Side(L),8-16 ft.,-49,69,1,Made Shot,-2,0.3333333333333333,0.2,0.4,0.47560975609756095,0.47596479350033855,0.3371383971136267,0.2166686218328277,0.14899745291893488,0.13847135898393426,0.25894113426473325,0.3266123031786261
22500446,2025-12-28,518,21,3,0,39,Step Back Jump shot,3PT Field Goal,26,Above the Break 3,Left Side Center(LC),24+ ft.,-141,226,0,Missed Shot,1,0.3333333333333333,0.4,0.5,0.47596479350033855,0.47564276048714477,0.48892513000835597,0.5922817287724438,0.7733211591559979,0.012960336508017423,0.11631693527210524,0.2973563656556593
22500446,2025-12-28,519,22,3,0,13,Driving Floating Bank Jump Shot,2PT Field Goal,3,Restricted Area,Center(C),Less Than 8 ft.,21,27,0,Missed Shot,-1,0.3333333333333333,0.4,0.5,0.47564276048714477,0.4753211629479378,0.38499668015472427,0.3225269662319864,0.20575352977970407,0.0906460803324205,0.15311579425515837,0.2698892307074407
22500446,2025-12-28,520,23,4,4,58,Pullup Jump shot,3PT Field Goal,26,Above the Break 3,Left Side Center(LC),24+ ft.,-162,205,1,Made Shot,-2,0.3333333333333333,0.2,0.4,0.4753211629479378,0.4756756756756757,0.3122763817276635,0.21462506221237443,0.14899676684207472,0.16304478122027433,0.2606961007355634,0.32632439610586306
22500460,2025-12-30,521,1,1,10,34,Layup Shot,2PT Field Goal,5,In The Paint (Non-RA),Center(C),Less Than 8 ft.,48,35,0,Missed Shot,1,0.3333333333333333,0.4,0.4,0.4756348661633493,0.47530864197530864,0.4756348661633493,0.4756348661633493,0.4756348661633493,0.0,0.0,0.0
22500460,2025-12-30,522,2,1,9,22,Jump Shot,3PT Field Goal,28,Above the Break 3,Left Side Center(LC),24+ ft.,-135,253,1,Made Shot,-1,0.3333333333333333,0.4,0.3,0.47530864197530864,0.4756682659355723,0.1426904598490048,0.1426904598490048,0.1426904598490048,0.33261818212630384,0.33261818212630384,0.33261818212630384
22500460,2025-12-30,523,3,1,8,2,Jump Shot,3PT Field Goal,27,Above the Break 3,Left Side Center(LC),24+ ft.,-165,218,0,Missed Shot,1,0.6666666666666666,0.4,0.4,0.4756682659355723,0.47534246575342465,0.5544551657313577,0.6426904598490049,0.7790540962126411,0.07878689979578535,0.16702219391343254,0.3033858302770688
22500460,2025-12-30,524,4,1,7,34,Driving Floating Jump Shot,2PT Field Goal,7,In The Paint (Non-RA),Center(C),Less Than 8 ft.,-65,41,0,Missed Shot,-1,0.3333333333333333,0.4,0.4,0.47534246575342465,0.4750171115674196,0.3664347520864477,0.32217763933618426,0.20575352291206786,0.10890771366697694,0.15316482641724039,0.2695889428413568
22500460,2025-12-30,525,5,1,6,12,Turnaround Jump Shot,2PT Field Goal,11,In The Paint (Non-RA),Left Side(L),8-16 ft.,-60,103,1,Made Shot,-2,0.3333333333333333,0.4,0.3,0.4750171115674196,0.47537619699042405,0.27810301413246313,0.21165597709038414,0.1489910899120111,0.19691409743495647,0.26336113447703546,0.3260260216554085
22500460,2025-12-30,526,6,1,5,44,Jump Shot,3PT Field Goal,31,Above the Break 3,Right Side Center(RC),24+ ft.,137,284,1,Made Shot,1,0.3333333333333333,0.4,0.4,0.47537619699042405,0.47573479152426523,0.481697347447721,0.5941938546113714,0.7733267662120684,0.006321150457296976,0.11881765762094737,0.29795056922164437
22500460,2025-12-30,527,7,1,5,15,Step Back Jump shot,3PT Field Goal,27,Above the Break 3,Left Side Center(LC),24+ ft.,-154,229,0,Missed Shot,2,0.6666666666666666,0.6,0.5,0.47573479152426523,0.47540983606557374,0.6044352756875997,0.7439050347477902,0.835754152912698,0.12870048416333446,0.268170243223525,0.3600193613884327
22500460,2025-12-30,528,8,1,3,4,Jump Shot,3PT Field Goal,26,Above the Break 3,Left Side Center(LC),24+ ft.,-170,205,0,Missed Shot,-1,0.6666666666666666,0.4,0.4,0.47540983606557374,0.4750853242320819,0.45348001621046324,0.3825843019198537,0.21199676677963547,0.0219298198551105,0.09282553414572003,0.2634130692859383
22500460,2025-12-30,529,9,1,2,56,Driving Layup Shot,2PT Field Goal,3,Restricted Area,Center(C),Less Than 8 ft.,28,24,1,Made Shot,-2,0.3333333333333333,0.4,0.4,0.4750853242320819,0.47544338335607095,0.35453942087258156,0.23855360471962722,0.1496210899183111,0.12054590335950033,0.23653171951245466,0.3254642343137708
22500460,2025-12-30,530,10,2,8,42,Step Back Jump shot,2PT Field Goal,13,Mid-Range,Left Side(L),8-16 ft.,-130,32,1,Made Shot,1,0.3333333333333333,0.6,0.5,0.47544338335607095,0.4758009543285617,0.5071428305880256,0.6011307652244171,0.7733835234796977,0.031699447231954614,0.12568738186834616,0.2979401401236268
22500460,2025-12-30,531,11,2,6,58,Step Back Jump shot,3PT Field Goal,26,Above the Break 3,Left Side Center(LC),24+ ft.,-164,205,0,Missed Shot,2,0.6666666666666666,0.6,0.5,0.4758009543285617,0.47547683923705725,0.6107332935481891,0.7460817812148239,0.8357597662183118,0.13493233921962738,0.27028082688626226,0.35995881188975015
22500460,2025-12-30,532,12,2,6,8,Step Back Jump shot,2PT Field Goal,13,Mid-Range,Left Side(L),8-16 ft.,-130,21,1,Made Shot,-1,0.6666666666666666,0.4,0.5,0.47547683923705725,0.4758339006126617,0.4674880162625809,0.38403180291861083,0.21199739047969784,0.00798882297447634,0.09144503631844642,0.2634794487573594
22500460,2025-12-30,533,13,3,10,37,Pullup Jump shot,3PT Field Goal,25,Above the Break 3,Left Side Center(LC),24+ ft.,-206,152,0,Missed Shot,1,0.6666666666666666,0.6,0.5,0.4758339006126617,0.47551020408163264,0.5816286019665267,0.6592316141635237,0.7796211529126418,0.10579470135386498,0.18339771355086204,0.3037872522999801
22500460,2025-12-30,534,14,3,10,6,Turnaround Fadeaway shot,2PT Field Goal,9,In The Paint (Non-RA),Center(C),8-16 ft.,0,92,1,Made Shot,-1,0.3333333333333333,0.6,0.5,0.47551020408163264,0.47586675730795375,0.4486588283533276,0.34930484169144993,0.20638352915531116,0.026851375728305038,0.1262053623901827,0.2691266749263215
22500460,2025-12-30,535,15,3,7,8,Pullup Jump shot,3PT Field Goal,28,Above the Break 3,Left Side Center(LC),24+ ft.,-176,223,0,Missed Shot,1,0.6666666666666666,0.6,0.6,0.47586675730795375,0.47554347826086957,0.5676755164411834,0.6453370072412763,0.7790597667796411,0.09180875913322967,0.16947024993332255,0.3031930094716873
22500460,2025-12-30,536,16,3,6,4,Step Back Jump shot,2PT Field Goal,19,Mid-Range,Center(C),16-24 ft.,-23,193,0,Missed Shot,-1,0.3333333333333333,0.4,0.5,0.47554347826086957,0.47522063815342835,0.43957181928161354,0.34374875497799334,0.20632739054206783,0.03597165897925603,0.13179472328287622,0.26921608771880173
22500460,2025-12-30,537,17,3,5,47,Driving Floating Bank Jump Shot,2PT Field Goal,9,In The Paint (Non-RA),Left Side(L),8-16 ft.,-58,79,1,Made Shot,-2,0.3333333333333333,0.4,0.4,0.47522063815342835,0.4755766621438263,0.3502104373918363,0.22311372608824986,0.1490541529183111,0.12501020076159203,0.2521069120651785,0.32616648523511726
22500460,2025-12-30,538,18,3,2,56,Step Back Jump shot,3PT Field Goal,30,Above the Break 3,Left Side Center(LC),24+ ft.,-172,249,1,Made Shot,1,0.3333333333333333,0.4,0.5,0.4755766621438263,0.4759322033898305,0.4982989431811605,0.5948598302101971,0.7733268291559354,0.022722281037334202,0.11928316806637074,0.2977501670121091
22500460,2025-12-30,539,19,3,1,51,Driving Floating Bank Jump Shot,2PT Field Goal,8,In The Paint (Non-RA),Left Side(L),8-16 ft.,-59,62,0,Missed Shot,2,0.6666666666666666,0.6,0.6,0.4759322033898305,0.47560975609756095,0.6017849161470845,0.7435582182119571,0.8357540967796977,0.12585271275725401,0.2676260148221266,0.3598218933898672
22500460,2025-12-30,540,20,4,9,11,Jump Shot,3PT Field Goal,23,Left Corner 3,Left Side(L),24+ ft.,-237,32,0,Missed Shot,-1,0.6666666666666666,0.4,0.5,0.47560975609756095,0.4752877454299255,0.4638994050087558,0.38303755328426914,0.21199682354207408,0.011710351088805138,0.09257220281329182,0.2636129325554869
22500460,2025-12-30,541,21,4,5,19,Pullup Jump shot,2PT Field Goal,11,In The Paint (Non-RA),Center(C),8-16 ft.,-44,101,0,Missed Shot,-2,0.3333333333333333,0.4,0.4,0.4752877454299255,0.4749661705006766,0.3674597700905201,0.238829295637524,0.14962109621831174,0.10782797533940541,0.23645844979240152,0.3256666492116138
22500460,2025-12-30,542,22,4,4,32,Step Back Jump shot,3PT Field Goal,23,Left Corner 3,Left Side(L),24+ ft.,-234,47,0,Missed Shot,-3,0.0,0.4,0.4,0.4749661705006766,0.4746450304259635,0.2999912927791072,0.18114599391071864,0.1433835234859355,0.1749748777215694,0.29382017658995796,0.33158264701474105
22500485,2026-01-02,543,1,1,10,12,Driving Floating Jump Shot,2PT Field Goal,7,In The Paint (Non-RA),Center(C),Less Than 8 ft.,27,67,1,Made Shot,-4,0.0,0.2,0.3,0.4756348661633493,0.47599451303155005,0.4756348661633493,0.4756348661633493,0.4756348661633493,0.0,0.0,0.0
22500485,2026-01-02,544,2,1,9,44,Jump Shot,3PT Field Goal,30,Above the Break 3,Left Side Center(LC),24+ ft.,-119,278,0,Missed Shot,1,0.3333333333333333,0.2,0.4,0.47599451303155005,0.4756682659355723,0.8426904598490048,0.8426904598490048,0.8426904598490048,0.36669594681745477,0.36669594681745477,0.36669594681745477
22500485,2026-01-02,545,3,1,5,8,Driving Layup Shot,2PT Field Goal,2,Restricted Area,Center(C),Less Than 8 ft.,17,18,1,Made Shot,-1,0.3333333333333333,0.2,0.3,0.4756682659355723,0.476027397260274,0.43092575396665184,0.3426904598490048,0.2063268234853684,0.044742511968920484,0.1329778060865675,0.2693414424502039
22500485,2026-01-02,546,4,1,3,42,Turnaround Fadeaway shot,2PT Field Goal,12,Mid-Range,Left Side(L),8-16 ft.,-126,20,0,Missed Shot,1,0.6666666666666666,0.4,0.4,0.476027397260274,0.4757015742642026,0.6189461676115618,0.6632032803618253,0.7796273967859417,0.14291877035128786,0.1871758831015513,0.30359999952566774
22500485,2026-01-02,547,5,1,2,28,Jump Shot,3PT Field Goal,31,Above the Break 3,Right Side Center(RC),24+ ft.,113,299,0,Missed Shot,-1,0.3333333333333333,0.4,0.4,0.4757015742642026,0.47537619699042405,0.43092575396665184,0.3426904598490048,0.20632682348536843,0.044775820297550784,0.1330111144151978,0.2693747507788342
22500485,2026-01-02,548,6,2,6,4,Pullup Jump shot,3PT Field Goal,29,Above the Break 3,Center(C),24+ ft.,-32,294,0,Missed Shot,-2,0.3333333333333333,0.4,0.3,0.47537619699042405,0.4750512645249487,0.3269860135614565,0.22144894675492138,0.1490535234796411,0.14839018342896754,0.25392725023550267,0.3263226735107829
22500485,2026-01-02,549,7,2,2,23,Fadeaway Jump Shot,2PT Field Goal,7,In The Paint (Non-RA),Center(C),Less Than 8 ft.,6,78,0,Missed Shot,-3,0.0,0.2,0.2,0.4750512645249487,0.47472677595628415,0.2643253874458455,0.17399950168436243,0.14332676048530543,0.21072587707910323,0.3010517628405863,0.33172450403964326
22500485,2026-01-02,550,8,2,1,7,Step Back Jump shot,3PT Field Goal,26,Above the Break 3,Right Side Center(RC),24+ ft.,138,230,0,Missed Shot,-4,0.0,0.2,0.2,0.47472677595628415,0.47440273037542663,0.2245600637713029,0.15518324803316574,0.1427540898553678,0.25016671218498127,0.3195435279231184,0.33197268610091635
22500485,2026-01-02,551,9,3,10,22,Pullup Jump shot,2PT Field Goal,11,In The Paint (Non-RA),Center(C),8-16 ft.,10,117,1,Made Shot,-5,0.0,0.0,0.2,0.47440273037542663,0.4747612551159618,0.19849668040996524,0.14768265953699233,0.14269682284906843,0.2759060499654614,0.3267200708384343,0.3317059075263582
22500485,2026-01-02,552,10,3,8,54,Fadeaway Jump Shot,2PT Field Goal,8,In The Paint (Non-RA),Center(C),8-16 ft.,-22,83,0,Missed Shot,1,0.3333333333333333,0.2,0.3,0.4747612551159618,0.47443762781186094,0.39988141466354554,0.5647966836629403,0.7726910967790055,0.07487984045241625,0.09003542854697855,0.2979298416630437
22500485,2026-01-02,553,11,3,6,14,Step Back Jump shot,3PT Field Goal,26,Above the Break 3,Left Side Center(LC),24+ ft.,-218,158,0,Missed Shot,-1,0.3333333333333333,0.2,0.3,0.47443762781186094,0.47411444141689374,0.32048127067479754,0.3115063899622782,0.2056905234853048,0.1539563571370634,0.16293123784958274,0.26874710432655613
22500485,2026-01-02,554,12,3,5,1,Driving Layup Shot,2PT Field Goal,1,Restricted Area,Center(C),Less Than 8 ft.,0,11,1,Made Shot,-2,0.3333333333333333,0.2,0.2,0.47411444141689374,0.47447243022464264,0.26606810127684,0.21021258332413062,0.1489904662120678,0.20804634014005374,0.2639018580927631,0.32512397520482594
22500485,2026-01-02,555,13,3,4,10,Step Back Jump shot,3PT Field Goal,28,Above the Break 3,Left Side Center(LC),24+ ft.,-109,264,1,Made Shot,1,0.3333333333333333,0.4,0.3,0.47447243022464264,0.4748299319727891,0.4414827737088908,0.5897056760766427,0.7733204604859354,0.032989656515751864,0.11523324585200007,0.29884803026129275
22500485,2026-01-02,556,14,3,2,36,Cutting Layup Shot,2PT Field Goal,0,Restricted Area,Center(C),Less Than 8 ft.,-6,2,1,Made Shot,2,0.6666666666666666,0.6,0.3,0.4748299319727891,0.4751869476546567,0.5630226675548962,0.741497564998183,0.8357534599127041,0.08819273558210705,0.26666763302539387,0.360923527939915
22500485,2026-01-02,557,15,4,7,34,Step Back Jump shot,3PT Field Goal,24,Above the Break 3,Left Side Center(LC),24+ ft.,-229,91,0,Missed Shot,3,1.0,0.6,0.4,0.4751869476546567,0.4748641304347826,0.6474959223475187,0.8022134648916788,0.8419967598553746,0.17230897469286205,0.3270265172370221,0.3668098122007179
22500485,2026-01-02,558,16,4,6,53,Driving Floating Jump Shot,2PT Field Goal,5,In The Paint (Non-RA),Center(C),Less Than 8 ft.,16,48,1,Made Shot,-1,0.6666666666666666,0.6,0.4,0.4748641304347826,0.47522063815342835,0.495331875425601,0.40649923697115753,0.21262108984964115,0.02046774499081838,0.06836489346362506,0.2622430405851415
22500485,2026-01-02,559,17,4,5,50,Fadeaway Jump Shot,2PT Field Goal,10,In The Paint (Non-RA),Left Side(L),8-16 ft.,-56,86,0,Missed Shot,1,0.6666666666666666,0.8,0.5,0.47522063815342835,0.47489823609226595,0.5998869177990118,0.6682140831035364,0.7796835228490684,0.12466627964558347,0.192993444950108,0.30446288469564003
22500485,2026-01-02,560,18,4,4,46,Fadeaway Jump Shot,2PT Field Goal,8,In The Paint (Non-RA),Left Side(L),8-16 ft.,-62,63,1,Made Shot,-1,0.3333333333333333,0.6,0.5,0.47489823609226595,0.4752542372881356,0.46240816287981795,0.35289985498024556,0.20638976614901117,0.012490073212447994,0.12199838111202038,0.2685084699432548
22500501,2026-01-04,561,1,1,6,48,Fadeaway Jump Shot,2PT Field Goal,15,In The Paint (Non-RA),Center(C),8-16 ft.,-64,138,1,Made Shot,1,0.6666666666666666,0.6,0.6,0.4756348661633493,0.47599451303155005,0.4756348661633493,0.4756348661633493,0.4756348661633493,0.0,0.0,0.0
22500501,2026-01-04,562,2,1,6,20,Step Back Jump shot,2PT Field Goal,18,Mid-Range,Center(C),16-24 ft.,29,184,1,Made Shot,2,0.6666666666666666,0.6,0.6,0.47599451303155005,0.47635366689513364,0.8426904598490048,0.8426904598490048,0.8426904598490048,0.36669594681745477,0.36669594681745477,0.36669594681745477
22500501,2026-01-04,563,3,1,5,49,Pullup Jump shot,3PT Field Goal,26,Above the Break 3,Right Side Center(RC),24+ ft.,159,206,0,Missed Shot,3,1.0,0.8,0.7,0.47635366689513364,0.476027397260274,0.8426904598490048,0.8426904598490048,0.8426904598490048,0.36633679295387117,0.36633679295387117,0.36633679295387117
22500501,2026-01-04,564,4,1,4,38,Driving Floating Jump Shot,2PT Field Goal,3,Restricted Area,Center(C),Less Than 8 ft.,13,35,1,Made Shot,-1,0.6666666666666666,0.6,0.7,0.476027397260274,0.47638603696098564,0.5230557566526577,0.3939725111310561,0.21205982921837416,0.0470283593923837,0.08205488612921791,0.2639675680418998
22500501,2026-01-04,565,5,1,2,49,Step Back Jump shot,3PT Field Goal,26,Above the Break 3,Left Side Center(LC),24+ ft.,-168,208,1,Made Shot,1,0.6666666666666666,0.8,0.7,0.47638603696098564,0.47674418604651164,0.6492439537297785,0.6702766667455564,0.7796841592189416,0.17285791676879286,0.19389062978457078,0.303298122257956
22500501,2026-01-04,566,6,1,1,14,Jump Shot,3PT Field Goal,27,Above the Break 3,Right Side Center(RC),24+ ft.,197,189,0,Missed Shot,2,0.6666666666666666,0.8,0.7,0.47674418604651164,0.4764183185235817,0.7190021687668222,0.774795212516318,0.8363903968483748,0.24225798272031057,0.29805102646980636,0.35964621080186315
22500501,2026-01-04,567,7,1,0,15,Step Back Jump shot,3PT Field Goal,27,Above the Break 3,Left Side Center(LC),24+ ft.,-129,242,0,Missed Shot,-1,0.6666666666666666,0.6,0.6,0.4764183185235817,0.4760928961748634,0.5230557566526577,0.3939725111310561,0.21205982921837413,0.046637438129076,0.0824458073925256,0.26435848930520756
22500501,2026-01-04,568,8,2,3,3,Pullup Jump shot,3PT Field Goal,27,Above the Break 3,Right Side Center(RC),24+ ft.,126,241,0,Missed Shot,-2,0.3333333333333333,0.4,0.6,0.4760928961748634,0.4757679180887372,0.3987053793326355,0.24295585467188263,0.14962739054269786,0.07738751684222789,0.23313704150298076,0.32646550563216553
22500501,2026-01-04,569,9,2,2,59,Driving Floating Jump Shot,2PT Field Goal,7,In The Paint (Non-RA),Center(C),Less Than 8 ft.,0,72,1,Made Shot,-3,0.0,0.4,0.5,0.4757679180887372,0.4761255115961801,0.3172024200773691,0.18275716596552533,0.14338415285594172,0.1585654980113681,0.29301075212321187,0.33238376523279545
22500501,2026-01-04,570,10,2,2,35,Pullup Jump shot,2PT Field Goal,12,In The Paint (Non-RA),Center(C),8-16 ft.,10,126,0,Missed Shot,1,0.3333333333333333,0.4,0.6,0.4761255115961801,0.4758009543285617,0.4814779418543688,0.5788209680449453,0.7727598297790741,0.005352430258188712,0.10269545644876521,0.296634318182894
22500501,2026-01-04,571,11,3,7,38,Driving Floating Jump Shot,2PT Field Goal,7,In The Paint (Non-RA),Center(C),Less Than 8 ft.,10,76,1,Made Shot,-1,0.3333333333333333,0.2,0.5,0.4758009543285617,0.476158038147139,0.37688726963493335,0.31711522129087016,0.20569739678530546,0.09891368469362832,0.1586857330376915,0.2701035575432562
22500501,2026-01-04,572,12,3,6,58,Step Back Jump shot,3PT Field Goal,26,Above the Break 3,Left Side Center(LC),24+ ft.,-126,233,0,Missed Shot,1,0.6666666666666666,0.4,0.5,0.476158038147139,0.4758339006126617,0.5194471003567936,0.6324735915144875,0.7789911535483678,0.04328906220965467,0.15631555336734848,0.3028331154012288
22500501,2026-01-04,573,13,3,6,35,Fadeaway Jump Shot,2PT Field Goal,15,Mid-Range,Center(C),8-16 ft.,-15,154,0,Missed Shot,-1,0.3333333333333333,0.4,0.4,0.4758339006126617,0.47551020408163264,0.4048337113704166,0.33859878211404365,0.2063205292183684,0.07100018924224505,0.13723511849861803,0.26951337139429327
22500501,2026-01-04,574,14,3,4,4,Turnaround Jump Shot,2PT Field Goal,14,Mid-Range,Center(C),8-16 ft.,-20,148,0,Missed Shot,-2,0.3333333333333333,0.4,0.4,0.47551020408163264,0.4751869476546567,0.3254213170843503,0.22105299991862926,0.14905346678593542,0.15008888699728234,0.2544572041630034,0.32645673729569724
22500501,2026-01-04,575,15,3,1,47,Jump Shot,3PT Field Goal,31,Above the Break 3,Left Side Center(LC),24+ ft.,-145,281,1,Made Shot,-3,0.0,0.2,0.3,0.4751869476546567,0.47554347826086957,0.27022772423228963,0.1740353496648107,0.1433267605426978,0.20495922342236705,0.301151597989846,0.33186018711195886
22500501,2026-01-04,576,16,3,0,8,Driving Finger Roll Layup Shot,2PT Field Goal,4,In The Paint (Non-RA),Center(C),Less Than 8 ft.,23,37,0,Missed Shot,1,0.3333333333333333,0.4,0.3,0.47554347826086957,0.47522063815342835,0.44278577487677473,0.5752288465535642,0.7727540899183747,0.03275770338409484,0.09968536829269464,0.2972106116575051
22500501,2026-01-04,577,17,4,5,12,Pullup Jump shot,2PT Field Goal,14,Mid-Range,Center(C),8-16 ft.,-7,141,1,Made Shot,-1,0.3333333333333333,0.2,0.3,0.47522063815342835,0.4755766621438263,0.35245699134930325,0.3157057030664872,0.2056968228559417,0.1227636468041251,0.15951493508694115,0.26952381529748665
22500501,2026-01-04,578,18,4,4,23,Jump Shot,3PT Field Goal,32,Above the Break 3,Center(C),24+ ft.,-66,319,0,Missed Shot,1,0.6666666666666666,0.4,0.4,0.4755766621438263,0.4752542372881356,0.4998699594445775,0.6318966114571822,0.7789910961496984,0.024293297300751193,0.1563199493133559,0.3034144340058721
22500501,2026-01-04,579,19,4,2,35,Jump Shot,3PT Field Goal,33,Above the Break 3,Center(C),24+ ft.,-98,317,1,Made Shot,-1,0.3333333333333333,0.4,0.4,0.4752542372881356,0.47560975609756095,0.3925413341730686,0.33837290032147993,0.20632052347907415,0.08271290311506702,0.13688133696665566,0.26893371380906145
22500501,2026-01-04,580,20,4,2,8,Pullup Jump shot,3PT Field Goal,25,Above the Break 3,Right Side Center(RC),24+ ft.,127,223,1,Made Shot,1,0.6666666666666666,0.6,0.4,0.47560975609756095,0.47596479350033855,0.5277401836272606,0.6409634443555403,0.7790534662120117,0.05213042752969965,0.16535368825797936,0.3034437101144507
22500514,2026-01-06,581,1,1,9,27,Driving Layup Shot,2PT Field Goal,4,In The Paint (Non-RA),Center(C),Less Than 8 ft.,27,32,0,Missed Shot,2,0.6666666666666666,0.6,0.5,0.4756348661633493,0.47530864197530864,0.4756348661633493,0.4756348661633493,0.4756348661633493,0.0,0.0,0.0
22500514,2026-01-06,582,2,1,9,6,Jump Shot,3PT Field Goal,25,Above the Break 3,Right Side Center(RC),24+ ft.,184,174,0,Missed Shot,-1,0.6666666666666666,0.6,0.4,0.47530864197530864,0.47498286497601094,0.1426904598490048,0.1426904598490048,0.1426904598490048,0.33261818212630384,0.33261818212630384,0.33261818212630384
22500514,2026-01-06,583,3,1,8,49,Fadeaway Jump Shot,2PT Field Goal,14,Mid-Range,Left Side(L),8-16 ft.,-130,55,1,Made Shot,-2,0.3333333333333333,0.4,0.4,0.47498286497601094,0.47534246575342465,0.1426904598490048,0.1426904598490048,0.1426904598490048,0.33229240512700614,0.33229240512700614,0.33229240512700614
22500514,2026-01-06,584,4,1,7,59,Jump Shot,3PT Field Goal,27,Above the Break 3,Left Side Center(LC),24+ ft.,-102,250,0,Missed Shot,1,0.3333333333333333,0.6,0.5,0.47534246575342465,0.4750171115674196,0.4623251630453518,0.5914084085669534,0.7733210904796355,0.013017302708072831,0.11606594281352878,0.29797862472621084
22500514,2026-01-06,585,5,1,5,33,Pullup Jump shot,2PT Field Goal,15,In The Paint (Non-RA),Center(C),8-16 ft.,71,137,1,Made Shot,-1,0.3333333333333333,0.4,0.5,0.4750171115674196,0.47537619699042405,0.336136965968231,0.31510425295245303,0.2056967604790678,0.1388801455991886,0.15991285861496657,0.26932035108835184
22500514,2026-01-06,586,6,1,4,14,Step Back Jump shot,3PT Field Goal,25,Above the Break 3,Right Side Center(RC),24+ ft.,97,232,0,Missed Shot,1,0.6666666666666666,0.4,0.5,0.47537619699042405,0.4750512645249487,0.5188038347723758,0.6349310030109835,0.7789968229126354,0.043427637781951745,0.15955480602055944,0.30362062592221134
22500514,2026-01-06,587,7,1,3,50,Pullup Jump shot,2PT Field Goal,12,In The Paint (Non-RA),Right Side(R),8-16 ft.,70,98,1,Made Shot,-1,0.3333333333333333,0.4,0.5,0.4750512645249487,0.47540983606557374,0.39092500596500623,0.33837197131999,0.20632052347906843,0.08412625855994249,0.13667929320495875,0.2687307410458803
22500514,2026-01-06,588,8,1,3,7,Driving Layup Shot,2PT Field Goal,2,Restricted Area,Center(C),Less Than 8 ft.,9,21,1,Made Shot,1,0.6666666666666666,0.6,0.5,0.47540983606557374,0.4757679180887372,0.5386177768952243,0.6414596432791366,0.7790535234853111,0.06320794082965053,0.16604980721356288,0.30364368741973735
22500514,2026-01-06,589,9,1,1,39,Running Layup Shot,2PT Field Goal,3,Restricted Area,Center(C),Less Than 8 ft.,22,27,1,Made Shot,2,0.6666666666666666,0.6,0.6,0.4757679180887372,0.4761255115961801,0.6354200395891612,0.7622773122886195,0.8363267667853678,0.15965212150042396,0.2865093941998823,0.3605588486966306
22500514,2026-01-06,590,10,1,1,9,Jump Shot,3PT Field Goal,29,Above the Break 3,Right Side Center(RC),24+ ft.,174,234,0,Missed Shot,3,1.0,0.8,0.6,0.4761255115961801,0.4758009543285617,0.7002159128728249,0.8105378520357822,0.8420540905483684,0.2240904012766448,0.3344123404396021,0.36592857895218833
22500514,2026-01-06,591,11,2,7,41,Driving Finger Roll Layup Shot,2PT Field Goal,9,In The Paint (Non-RA),Center(C),8-16 ft.,-12,92,1,Made Shot,-1,0.6666666666666666,0.6,0.5,0.4758009543285617,0.476158038147139,0.52809632461046,0.4097873949925913,0.2126268228559984,0.05229537028189829,0.06601355933597036,0.2631741314725633
22500514,2026-01-06,592,12,2,6,37,Fadeaway Jump Shot,2PT Field Goal,18,Mid-Range,Left Side Center(LC),16-24 ft.,-97,153,1,Made Shot,1,0.6666666666666666,0.8,0.6,0.476158038147139,0.4765146358066712,0.6243783759315034,0.6695401287257403,0.7796840961553746,0.1482203377843644,0.19338209057860134,0.3035260580082356
22500514,2026-01-06,593,13,2,5,53,Step Back Jump shot,3PT Field Goal,25,Above the Break 3,Left Side Center(LC),24+ ft.,-206,151,0,Missed Shot,2,0.6666666666666666,0.8,0.7,0.4765146358066712,0.47619047619047616,0.6907912406410397,0.7734320704172455,0.8363898234796985,0.2142766048343685,0.2969174346105743,0.3598751876730273
22500514,2026-01-06,594,14,2,1,13,Pullup Jump shot,2PT Field Goal,15,Mid-Range,Center(C),8-16 ft.,29,155,0,Missed Shot,-1,0.6666666666666666,0.6,0.6,0.47619047619047616,0.47586675730795375,0.5247522712601984,0.39498456435807955,0.21206039621201173,0.04856179506972225,0.08120591183239662,0.26413007997846444
22500514,2026-01-06,595,15,2,0,46,Jump Shot,3PT Field Goal,25,Above the Break 3,Center(C),24+ ft.,26,258,0,Missed Shot,-2,0.3333333333333333,0.4,0.6,0.47586675730795375,0.47554347826086957,0.40935105012877754,0.24360769530344598,0.14962745348530487,0.06651570717917621,0.23225906200450777,0.3262393038226489
22500514,2026-01-06,596,16,3,10,6,Fadeaway Jump Shot,2PT Field Goal,9,In The Paint (Non-RA),Left Side(L),8-16 ft.,-75,64,0,Missed Shot,-3,0.0,0.4,0.5,0.47554347826086957,0.47522063815342835,0.3289712650711285,0.18305728901527757,0.1433841592126348,0.14657221318974106,0.292486189245592,0.33215931904823476
22500514,2026-01-06,597,17,3,9,22,Running Pull-Up Jump Shot,3PT Field Goal,26,Above the Break 3,Right Side Center(RC),24+ ft.,145,221,1,Made Shot,-4,0.0,0.2,0.5,0.47522063815342835,0.4755766621438263,0.2729006845334909,0.15883718111305678,0.1427598297853678,0.20231995361993743,0.3163834570403716,0.3324608083680606
22500514,2026-01-06,598,18,3,4,24,Driving Floating Jump Shot,2PT Field Goal,13,In The Paint (Non-RA),Center(C),8-16 ft.,-53,122,1,Made Shot,1,0.3333333333333333,0.2,0.5,0.4755766621438263,0.4759322033898305,0.4442361958086672,0.5691492188456968,0.7726973968426412,0.031340466335159134,0.09357255670187048,0.29712073469881484
22500514,2026-01-06,599,19,3,1,58,Pullup Jump shot,2PT Field Goal,4,In The Paint (Non-RA),Center(C),Less Than 8 ft.,-36,25,0,Missed Shot,2,0.6666666666666666,0.4,0.5,0.4759322033898305,0.47560975609756095,0.5639674470183331,0.7332739747262489,0.8356911535483682,0.08803524362850262,0.2573417713364184,0.3597589501585377
22500514,2026-01-06,600,20,4,3,39,Jump Shot,3PT Field Goal,22,Right Corner 3,Right Side(R),24+ ft.,229,-9,1,Made Shot,-1,0.6666666666666666,0.4,0.4,0.47560975609756095,0.47596479350033855,0.437440123697873,0.37892385605960055,0.21199052921894113,0.03816963239968796,0.0966859000379604,0.26361922687861983
22500514,2026-01-06,601,21,4,2,0,Pullup Jump shot,3PT Field Goal,31,Above the Break 3,Right Side Center(RC),24+ ft.,212,232,1,Made Shot,1,0.6666666666666666,0.6,0.5,0.47596479350033855,0.476319350473613,0.5591123095377482,0.6571838213927437,0.7796204667859983,0.08314751603740961,0.18121902789240513,0.30365567328565973
22500514,2026-01-06,602,22,4,0,53,Step Back Jump shot,3PT Field Goal,26,Above the Break 3,Left Side Center(LC),24+ ft.,-191,184,0,Missed Shot,2,0.6666666666666666,0.8,0.5,0.476319350473613,0.4759972954699121,0.6442332986075168,0.7684878049560204,0.8363834605427041,0.16791394813390376,0.2921684544824074,0.36006411006909106
22500523,2026-01-07,603,1,1,11,5,Driving Floating Jump Shot,2PT Field Goal,13,Mid-Range,Left Side(L),8-16 ft.,-116,66,0,Missed Shot,-1,0.6666666666666666,0.6,0.4,0.4756348661633493,0.47530864197530864,0.4756348661633493,0.4756348661633493,0.4756348661633493,0.0,0.0,0.0
22500523,2026-01-07,604,2,1,10,29,Driving Floating Jump Shot,2PT Field Goal,14,In The Paint (Non-RA),Right Side(R),8-16 ft.,75,129,1,Made Shot,-2,0.3333333333333333,0.4,0.4,0.47530864197530864,0.4756682659355723,0.1426904598490048,0.1426904598490048,0.1426904598490048,0.33261818212630384,0.33261818212630384,0.33261818212630384
22500523,2026-01-07,605,3,1,8,29,Driving Floating Jump Shot,2PT Field Goal,11,Mid-Range,Right Side(R),8-16 ft.,112,15,0,Missed Shot,1,0.3333333333333333,0.6,0.5,0.4756682659355723,0.47534246575342465,0.5544551657313577,0.6426904598490049,0.7790540962126411,0.07878689979578535,0.16702219391343254,0.3033858302770688
22500523,2026-01-07,606,4,1,8,5,Turnaround Fadeaway shot,2PT Field Goal,15,Mid-Range,Center(C),8-16 ft.,54,142,1,Made Shot,-1,0.3333333333333333,0.4,0.5,0.47534246575342465,0.4757015742642026,0.3664347520864477,0.32217763933618426,0.20575352291206786,0.10890771366697694,0.15316482641724039,0.2695889428413568
22500523,2026-01-07,607,5,1,4,23,Driving Layup Shot,2PT Field Goal,1,Restricted Area,Center(C),Less Than 8 ft.,16,11,0,Missed Shot,1,0.6666666666666666,0.4,0.6,0.4757015742642026,0.47537619699042405,0.5544551657313577,0.6426904598490049,0.7790540962126411,0.07875359146715505,0.16698888558480224,0.3033525219484385
22500523,2026-01-07,608,6,1,3,28,Step Back Jump shot,3PT Field Goal,26,Above the Break 3,Left Side Center(LC),24+ ft.,-105,240,0,Missed Shot,-1,0.3333333333333333,0.4,0.5,0.47537619699042405,0.4750512645249487,0.40596982229536444,0.33958667711379625,0.20632109615536787,0.06940637469505961,0.1357895198766278,0.2690551008350562
22500523,2026-01-07,609,7,1,2,57,Step Back Jump shot,3PT Field Goal,25,Above the Break 3,Left Side Center(LC),24+ ft.,-119,222,1,Made Shot,-2,0.3333333333333333,0.4,0.4,0.4750512645249487,0.47540983606557374,0.3164546421302058,0.22096306443739888,0.14905346621201115,0.15859662239474293,0.25408820008754984,0.32599779831293757
22500523,2026-01-07,610,8,1,1,48,Driving Floating Bank Jump Shot,2PT Field Goal,8,In The Paint (Non-RA),Right Side(R),8-16 ft.,71,50,1,Made Shot,1,0.3333333333333333,0.4,0.5,0.47540983606557374,0.4757679180887372,0.48849352959585807,0.5946116875885332,0.7733268229126411,0.013083693530284324,0.11920185152295948,0.29791698684706736
22500523,2026-01-07,611,9,2,8,35,Step Back Jump shot,3PT Field Goal,26,Above the Break 3,Right Side Center(RC),24+ ft.,103,240,0,Missed Shot,2,0.6666666666666666,0.6,0.5,0.4757679180887372,0.47544338335607095,0.6012529657763281,0.7435565634586665,0.8357540967796411,0.12548504768759094,0.2677886453699293,0.3599861786909039
22500523,2026-01-07,612,10,2,7,56,Jump Shot,3PT Field Goal,25,Above the Break 3,Center(C),24+ ft.,1,257,0,Missed Shot,-1,0.6666666666666666,0.4,0.4,0.47544338335607095,0.47511929107021134,0.45789937972455735,0.38294236844533186,0.21199682291831115,0.017544003631513594,0.09250101491073909,0.2634465604377598
22500523,2026-01-07,613,11,2,6,2,Driving Floating Jump Shot,2PT Field Goal,12,Mid-Range,Right Side(R),8-16 ft.,99,78,1,Made Shot,-2,0.3333333333333333,0.4,0.4,0.47511929107021134,0.47547683923705725,0.36058789517913886,0.2387761063592923,0.14962109614969787,0.11453139589107247,0.23634318471091903,0.32549819492051346
22500523,2026-01-07,614,12,2,5,29,Driving Finger Roll Layup Shot,2PT Field Goal,1,Restricted Area,Center(C),Less Than 8 ft.,9,16,1,Made Shot,1,0.3333333333333333,0.6,0.5,0.47547683923705725,0.4758339006126617,0.5081361761995522,0.6011399170929279,0.7733835234853117,0.032659336962494956,0.12566307785587066,0.29790668424825445
22500523,2026-01-07,615,13,2,1,20,Jump Shot,3PT Field Goal,27,Above the Break 3,Left Side Center(LC),24+ ft.,-136,235,0,Missed Shot,2,0.6666666666666666,0.6,0.5,0.4758339006126617,0.47551020408163264,0.6099111580480292,0.7460726743147474,0.8357597662126977,0.13407725743536753,0.27023877370208577,0.359925865600036
22500523,2026-01-07,616,14,2,0,33,Driving Finger Roll Layup Shot,2PT Field Goal,1,Restricted Area,Center(C),Less Than 8 ft.,18,3,1,Made Shot,-1,0.6666666666666666,0.4,0.5,0.47551020408163264,0.47586675730795375,0.4683736052456771,0.3840409160812992,0.21199739048531172,0.007136598835955521,0.09146928800033344,0.26351281359632095
22500523,2026-01-07,617,15,3,9,25,Running Pull-Up Jump Shot,3PT Field Goal,27,Above the Break 3,Left Side Center(LC),24+ ft.,-87,265,1,Made Shot,1,0.6666666666666666,0.6,0.5,0.47586675730795375,0.47622282608695654,0.5814354733024304,0.659231381050702,0.7796211529126411,0.10556871599447665,0.18336462374274826,0.30375439560468737
22500523,2026-01-07,618,16,3,7,31,Step Back Jump shot,3PT Field Goal,23,Left Corner 3,Left Side(L),24+ ft.,-232,-4,0,Missed Shot,2,0.6666666666666666,0.8,0.6,0.47622282608695654,0.47589952477936187,0.660185841483272,0.769306946522422,0.8363835291553683,0.18396301539631543,0.2930841204354655,0.36016070306841175
22500523,2026-01-07,619,17,3,6,36,Driving Floating Jump Shot,2PT Field Goal,9,In The Paint (Non-RA),Right Side(R),8-16 ft.,61,71,1,Made Shot,-1,0.6666666666666666,0.6,0.6,0.47589952477936187,0.4762550881953867,0.5044195700245444,0.3933368930404633,0.2120597667796411,0.028520045245182535,0.08256263173889855,0.26383975799972076
22500523,2026-01-07,620,18,3,4,37,Step Back Jump shot,3PT Field Goal,26,Above the Break 3,Right Side Center(RC),24+ ft.,115,239,0,Missed Shot,1,0.6666666666666666,0.6,0.6,0.4762550881953867,0.4759322033898305,0.6061374638310615,0.6629490794446091,0.7796273905420683,0.12988237563567478,0.18669399124922242,0.3033723023466816
22500523,2026-01-07,621,19,3,3,0,Driving Floating Bank Jump Shot,2PT Field Goal,9,Mid-Range,Left Side(L),8-16 ft.,-87,37,1,Made Shot,-1,0.3333333333333333,0.6,0.5,0.4759322033898305,0.47628726287262874,0.46687658833312673,0.350793886236105,0.20638415291831114,0.00905561505670377,0.12513831715372548,0.26954805047151936
22500523,2026-01-07,622,20,3,2,7,Floating Jump shot,2PT Field Goal,8,Mid-Range,Right Side(R),8-16 ft.,86,-13,0,Missed Shot,1,0.6666666666666666,0.6,0.6,0.47628726287262874,0.47596479350033855,0.5797494123368998,0.6459318385165351,0.7790598291559354,0.10346214946427107,0.1696445756439064,0.3027725662833067
22500523,2026-01-07,623,21,3,1,46,Driving Floating Jump Shot,2PT Field Goal,14,In The Paint (Non-RA),Center(C),8-16 ft.,-58,132,1,Made Shot,-1,0.3333333333333333,0.4,0.6,0.47596479350033855,0.476319350473613,0.44852702127080973,0.3439870079960984,0.20632739677969786,0.027437772229528812,0.13197778550424016,0.2696373967206407
22500523,2026-01-07,624,22,4,7,24,Step Back Jump shot,2PT Field Goal,20,Mid-Range,Left Side Center(LC),16-24 ft.,-97,176,0,Missed Shot,1,0.6666666666666666,0.6,0.6,0.476319350473613,0.4759972954699121,0.5668421372629642,0.6432090804238348,0.7790541535420741,0.09052278678935116,0.16688972995022183,0.30273480306846107
22500523,2026-01-07,625,23,4,6,24,Fadeaway Jump Shot,2PT Field Goal,12,Mid-Range,Left Side(L),8-16 ft.,-121,46,1,Made Shot,-1,0.3333333333333333,0.4,0.5,0.4759972954699121,0.47635135135135137,0.43954686386484465,0.34289790755062377,0.20632682921831172,0.036450431605067446,0.13309938791928833,0.2696704662516004
22500523,2026-01-07,626,24,4,4,57,Driving Floating Jump Shot,2PT Field Goal,14,In The Paint (Non-RA),Center(C),8-16 ft.,-66,131,1,Made Shot,1,0.6666666666666666,0.6,0.6,0.47635135135135137,0.47670492910195816,0.5605230523274547,0.642773439140671,0.7790540967859354,0.08417170097610333,0.1664220877893196,0.30270274543458403
22500523,2026-01-07,627,25,4,3,20,Pullup Jump shot,3PT Field Goal,28,Above the Break 3,Left Side Center(LC),24+ ft.,-157,236,0,Missed Shot,2,0.6666666666666666,0.6,0.6,0.47670492910195816,0.47638326585695007,0.6451894950852799,0.7627236515994342,0.8363268235426977,0.16848456598332173,0.28601872249747606,0.35962189444073955
22500523,2026-01-07,628,26,4,2,14,Driving Floating Bank Jump Shot,2PT Field Goal,11,Mid-Range,Left Side(L),8-16 ft.,-96,71,0,Missed Shot,-1,0.6666666666666666,0.6,0.5,0.47638326585695007,0.476062036412677,0.49441956523222585,0.39070373650729084,0.21205409621837407,0.01803629937527579,0.08567952934965922,0.264329169638576
22500541,2026-01-09,629,1,1,11,38,Jump Shot,3PT Field Goal,23,Left Corner 3,Left Side(L),24+ ft.,-232,40,1,Made Shot,-2,0.3333333333333333,0.4,0.5,0.4756348661633493,0.47599451303155005,0.4756348661633493,0.4756348661633493,0.4756348661633493,0.0,0.0,0.0
22500541,2026-01-09,630,2,1,10,35,Jump Shot,3PT Field Goal,26,Above the Break 3,Left Side Center(LC),24+ ft.,-172,205,1,Made Shot,1,0.3333333333333333,0.6,0.5,0.47599451303155005,0.47635366689513364,0.8426904598490048,0.8426904598490048,0.8426904598490048,0.36669594681745477,0.36669594681745477,0.36669594681745477
22500541,2026-01-09,631,3,1,9,34,Pullup Jump shot,3PT Field Goal,30,Above the Break 3,Center(C),24+ ft.,-59,300,0,Missed Shot,2,0.6666666666666666,0.6,0.6,0.47635366689513364,0.476027397260274,0.8426904598490048,0.8426904598490048,0.8426904598490048,0.36633679295387117,0.36633679295387117,0.36633679295387117
22500541,2026-01-09,632,4,1,7,18,Driving Floating Jump Shot,2PT Field Goal,7,In The Paint (Non-RA),Center(C),Less Than 8 ft.,39,62,0,Missed Shot,-1,0.6666666666666666,0.4,0.5,0.476027397260274,0.4757015742642026,0.5230557566526577,0.3939725111310561,0.21205982921837416,0.0470283593923837,0.08205488612921791,0.2639675680418998
22500541,2026-01-09,633,5,1,7,15,Fadeaway Jump Shot,2PT Field Goal,12,Mid-Range,Right Side(R),8-16 ft.,121,12,0,Missed Shot,-2,0.3333333333333333,0.4,0.5,0.4757015742642026,0.47537619699042405,0.37289180213088396,0.23924218398693584,0.14962115291831174,0.10280977213331866,0.23645939027726678,0.3260804213458909
22500541,2026-01-09,634,6,1,5,25,Driving Floating Jump Shot,2PT Field Goal,6,In The Paint (Non-RA),Center(C),Less Than 8 ft.,17,63,0,Missed Shot,-3,0.0,0.4,0.4,0.47537619699042405,0.4750512645249487,0.2898795262368018,0.18071179835530937,0.1433834667790741,0.18549667075362225,0.2946643986351147,0.33199273021134995
22500541,2026-01-09,635,7,1,5,8,Running Pull-Up Jump Shot,3PT Field Goal,26,Above the Break 3,Center(C),24+ ft.,-11,268,0,Missed Shot,-4,0.0,0.2,0.4,0.4750512645249487,0.47472677595628415,0.23983513356728697,0.15780516970055677,0.14275975991830486,0.23521613095766175,0.3172460948243919,0.33229150460664386
22500541,2026-01-09,636,8,1,4,39,Driving Floating Jump Shot,2PT Field Goal,7,In The Paint (Non-RA),Center(C),Less Than 8 ft.,36,71,0,Missed Shot,-5,0.0,0.0,0.3,0.47472677595628415,0.47440273037542663,0.20807625090104154,0.14872146104135836,0.1426973898496978,0.2666505250552426,0.3260053149149258,0.3320293861065864
22500541,2026-01-09,637,9,1,3,1,Driving Floating Bank Jump Shot,2PT Field Goal,5,In The Paint (Non-RA),Center(C),Less Than 8 ft.,56,21,0,Missed Shot,-6,0.0,0.0,0.2,0.47440273037542663,0.4740791268758527,0.18726052861916784,0.145100487284585,0.14269115284901174,0.2871422017562588,0.32930224309084166,0.3317115775264149
22500541,2026-01-09,638,10,2,5,11,Driving Finger Roll Layup Shot,2PT Field Goal,6,In The Paint (Non-RA),Center(C),Less Than 8 ft.,-16,66,1,Made Shot,-7,0.0,0.0,0.2,0.4740791268758527,0.47443762781186094,0.1733272499359134,0.14365409165930207,0.14269052914900487,0.3007518769399393,0.33042503521655064,0.3313885977268478
22500541,2026-01-09,639,11,2,3,8,Fadeaway Jump Shot,2PT Field Goal,9,Mid-Range,Left Side(L),8-16 ft.,-87,37,0,Missed Shot,1,0.3333333333333333,0.2,0.3,0.47443762781186094,0.47411444141689374,0.37997345678325156,0.5631198967507276,0.7726904668420047,0.09446417102860938,0.08868226893886666,0.29825283903014377
22500541,2026-01-09,640,12,2,2,8,Driving Floating Jump Shot,2PT Field Goal,11,Mid-Range,Right Side(R),8-16 ft.,91,66,0,Missed Shot,-1,0.3333333333333333,0.2,0.2,0.47411444141689374,0.47379169503063306,0.30735260620346944,0.31085165371268547,0.2056904605426348,0.1667618352134243,0.16326278770420827,0.26842398087425895
22500541,2026-01-09,641,13,3,9,33,Driving Layup Shot,2PT Field Goal,6,In The Paint (Non-RA),Center(C),Less Than 8 ft.,55,36,0,Missed Shot,-2,0.3333333333333333,0.2,0.1,0.47379169503063306,0.47346938775510206,0.2572606247960021,0.20995324460007334,0.14899045991831109,0.21653107023463097,0.26383845043055976,0.32480123511232195
22500541,2026-01-09,642,14,3,7,8,Driving Floating Jump Shot,2PT Field Goal,8,In The Paint (Non-RA),Right Side(R),8-16 ft.,65,55,1,Made Shot,-3,0.0,0.2,0.1,0.47346938775510206,0.4738273283480625,0.22255329947144592,0.16959530291187022,0.14332045985593486,0.25091608828365614,0.30387408484323186,0.33014892789916717
22500541,2026-01-09,643,15,3,4,42,Driving Floating Jump Shot,2PT Field Goal,6,In The Paint (Non-RA),Center(C),Less Than 8 ft.,67,8,0,Missed Shot,1,0.3333333333333333,0.4,0.2,0.4738273283480625,0.4735054347826087,0.4098648376547814,0.5734534811726933,0.7727534598497041,0.06396249069328114,0.09962615282463083,0.2989261315016416
22500541,2026-01-09,644,16,3,4,31,Step Back Jump shot,3PT Field Goal,23,Right Corner 3,Right Side(R),24+ ft.,229,22,1,Made Shot,-1,0.3333333333333333,0.2,0.2,0.4735054347826087,0.47386286490156143,0.32933018107726447,0.3149953908612189,0.20569675984907415,0.14417525370534423,0.1585100439213898,0.26780867493353455
22500541,2026-01-09,645,17,3,3,58,Driving Floating Jump Shot,2PT Field Goal,9,In The Paint (Non-RA),Center(C),8-16 ft.,-20,91,1,Made Shot,1,0.6666666666666666,0.4,0.3,0.47386286490156143,0.47421981004070557,0.4838517852831945,0.6316125682399327,0.7789910898490118,0.00998892038163307,0.1577497033383713,0.30512822494745034
22500541,2026-01-09,646,18,3,2,52,Running Pull-Up Jump Shot,2PT Field Goal,14,Mid-Range,Right Side(R),8-16 ft.,123,79,0,Missed Shot,2,0.6666666666666666,0.6,0.4,0.47421981004070557,0.4738983050847458,0.5917544020649625,0.7582593249631231,0.8363205228490054,0.11753459202425698,0.2840395149224175,0.3621007128082998
22500541,2026-01-09,647,19,3,0,36,Layup Shot,2PT Field Goal,2,Restricted Area,Center(C),Less Than 8 ft.,-10,28,0,Missed Shot,-1,0.6666666666666666,0.6,0.4,0.4738983050847458,0.4735772357723577,0.4568154830295306,0.3889179805137082,0.21205346614900483,0.017082822055215163,0.0849803245710376,0.26184483893574095
22500541,2026-01-09,648,20,3,0,34,Tip Layup Shot,2PT Field Goal,0,Restricted Area,Center(C),Less Than 8 ft.,0,0,0,Missed Shot,-2,0.3333333333333333,0.4,0.4,0.4735772357723577,0.4732566012186865,0.36247043314188004,0.24118146405393573,0.1496267604790048,0.11110680263047767,0.232395771718422,0.3239504752933529
22500541,2026-01-09,649,21,3,0,18,Jump Shot,3PT Field Goal,29,Above the Break 3,Center(C),24+ ft.,-62,291,1,Made Shot,-3,0.0,0.4,0.3,0.4732566012186865,0.4736129905277402,0.2964837889151352,0.18208686088122514,0.1433840899120048,0.1767728123035513,0.29116974033746135,0.3298725113066817
22500541,2026-01-09,650,22,4,5,9,Fadeaway Jump Shot,2PT Field Goal,7,In The Paint (Non-RA),Center(C),Less Than 8 ft.,69,37,1,Made Shot,1,0.3333333333333333,0.4,0.4,0.4736129905277402,0.47396889790398916,0.46043736578755984,0.5784490220051122,0.7727598228553048,0.013175624740180358,0.10483603147737197,0.29914683232756456
22500541,2026-01-09,651,23,4,4,31,Pullup Jump shot,2PT Field Goal,11,In The Paint (Non-RA),Center(C),8-16 ft.,5,110,0,Missed Shot,2,0.6666666666666666,0.4,0.5,0.47396889790398916,0.47364864864864864,0.5751581477788072,0.7369938849903628,0.8356973961496346,0.10118924987481809,0.2630249870863736,0.3617284982456454
22500541,2026-01-09,652,24,4,3,6,Fadeaway Jump Shot,2PT Field Goal,17,Mid-Range,Left Side Center(LC),16-24 ft.,-140,111,0,Missed Shot,-1,0.6666666666666666,0.4,0.5,0.47364864864864864,0.47332883187035785,0.445382323382379,0.38041182965462567,0.21199115347906777,0.028266325266269654,0.09323681899402297,0.26165749516958087
22500541,2026-01-09,653,25,4,1,48,Driving Floating Jump Shot,2PT Field Goal,8,In The Paint (Non-RA),Center(C),8-16 ft.,39,80,0,Missed Shot,-2,0.3333333333333333,0.4,0.4,0.47332883187035785,0.47300944669365724,0.35455736396480136,0.2377790077311056,0.1496205292120111,0.11877146790555648,0.23554982413925224,0.3237083026583467
22500562,2026-01-12,654,1,1,9,51,Running Layup Shot,2PT Field Goal,3,Restricted Area,Center(C),Less Than 8 ft.,26,20,1,Made Shot,-3,0.0,0.4,0.4,0.4756348661633493,0.47599451303155005,0.4756348661633493,0.4756348661633493,0.4756348661633493,0.0,0.0,0.0
22500562,2026-01-12,655,2,1,7,36,Jump Shot,3PT Field Goal,26,Above the Break 3,Left Side Center(LC),24+ ft.,-154,210,0,Missed Shot,1,0.3333333333333333,0.4,0.4,0.47599451303155005,0.4756682659355723,0.8426904598490048,0.8426904598490048,0.8426904598490048,0.36669594681745477,0.36669594681745477,0.36669594681745477
22500562,2026-01-12,656,3,1,7,25,Driving Floating Jump Shot,2PT Field Goal,12,In The Paint (Non-RA),Center(C),8-16 ft.,-11,125,1,Made Shot,-1,0.3333333333333333,0.2,0.3,0.4756682659355723,0.476027397260274,0.43092575396665184,0.3426904598490048,0.2063268234853684,0.044742511968920484,0.1329778060865675,0.2693414424502039
22500562,2026-01-12,657,4,1,6,51,Turnaround Fadeaway shot,2PT Field Goal,17,Mid-Range,Right Side Center(RC),16-24 ft.,119,122,1,Made Shot,1,0.6666666666666666,0.4,0.4,0.476027397260274,0.47638603696098564,0.6189461676115618,0.6632032803618253,0.7796273967859417,0.14291877035128786,0.1871758831015513,0.30359999952566774
22500562,2026-01-12,658,5,1,6,24,Jump Shot,3PT Field Goal,25,Above the Break 3,Left Side Center(LC),24+ ft.,-224,112,0,Missed Shot,2,0.6666666666666666,0.6,0.5,0.47638603696098564,0.47606019151846785,0.7072779055655463,0.7737249426076254,0.8363898297859984,0.23089186860456062,0.29733890564663973,0.36000379282501277
22500562,2026-01-12,659,6,1,6,7,Driving Floating Bank Jump Shot,2PT Field Goal,5,In The Paint (Non-RA),Center(C),Less Than 8 ft.,-36,46,1,Made Shot,-1,0.6666666666666666,0.6,0.5,0.47606019151846785,0.4764183185235817,0.5036835722502886,0.39118706508663814,0.21205415348594114,0.027623380731820746,0.0848731264318297,0.2640060380325267
22500562,2026-01-12,660,7,1,4,29,Step Back Jump shot,3PT Field Goal,26,Above the Break 3,Left Side Center(LC),24+ ft.,-158,215,1,Made Shot,1,0.6666666666666666,0.6,0.5,0.4764183185235817,0.476775956284153,0.6189461676115618,0.6632032803618253,0.7796273967859417,0.14252784908798016,0.1867849618382436,0.30320907826236004
22500562,2026-01-12,661,8,2,7,49,Turnaround Jump Shot,2PT Field Goal,15,Mid-Range,Right Side(R),8-16 ft.,138,59,1,Made Shot,2,0.6666666666666666,0.8,0.5,0.476775956284153,0.47713310580204776,0.6920934483880454,0.7710723206898065,0.8363841592183747,0.21531749210389245,0.2942963644056535,0.35960820293422174
22500562,2026-01-12,662,9,2,6,40,Driving Floating Jump Shot,2PT Field Goal,8,In The Paint (Non-RA),Right Side(R),8-16 ft.,80,17,0,Missed Shot,3,1.0,0.8,0.6,0.47713310580204776,0.4768076398362892,0.7400363655970257,0.8140713840514899,0.8420598298426984,0.2629032597949779,0.33693827824944217,0.3649267240406507
22500562,2026-01-12,663,10,2,6,11,Step Back Jump shot,2PT Field Goal,19,Mid-Range,Right Side Center(RC),16-24 ft.,64,183,1,Made Shot,-1,0.6666666666666666,0.6,0.6,0.4768076398362892,0.47716428084526247,0.5532969863511057,0.4111372027519764,0.21262739621894172,0.07648934651481648,0.0656704370843128,0.2641802436173475
22500562,2026-01-12,664,11,2,5,30,Driving Layup Shot,2PT Field Goal,3,Restricted Area,Center(C),Less Than 8 ft.,17,28,1,Made Shot,1,0.6666666666666666,0.8,0.7,0.47716428084526247,0.4775204359673024,0.6426387109918743,0.6700963108407658,0.7796841535427042,0.16547443014661184,0.19293202999550335,0.3025198726974417
22500562,2026-01-12,665,12,2,4,19,Running Pull-Up Jump Shot,3PT Field Goal,28,Above the Break 3,Right Side Center(RC),24+ ft.,114,256,0,Missed Shot,2,0.6666666666666666,0.8,0.7,0.4775204359673024,0.4771953710006807,0.7038648770032705,0.7736571439018727,0.8363898292189418,0.22634444103596807,0.29613670793457025,0.35886939325163936
22500562,2026-01-12,666,13,2,2,22,Putback Layup Shot,2PT Field Goal,8,In The Paint (Non-RA),Center(C),8-16 ft.,32,79,1,Made Shot,-1,0.6666666666666666,0.6,0.7,0.4771953710006807,0.4775510204081633,0.5331496331370496,0.3950707818449811,0.21206039678537414,0.05595426213636884,0.08212458915569959,0.2651349742153066
22500562,2026-01-12,667,14,2,0,0,Driving Floating Jump Shot,3PT Field Goal,26,Above the Break 3,Center(C),24+ ft.,-53,260,1,Made Shot,1,0.6666666666666666,0.6,0.7,0.4775510204081633,0.477906186267845,0.6269204169959539,0.6636443910143766,0.7796274535426986,0.14936939658779064,0.18609337060621328,0.3020764331345353
22500562,2026-01-12,668,15,3,10,44,Step Back Jump shot,3PT Field Goal,24,Above the Break 3,Left Side Center(LC),24+ ft.,-159,188,0,Missed Shot,2,0.6666666666666666,0.8,0.7,0.477906186267845,0.47758152173913043,0.6920934483880457,0.7710723206898062,0.8363841592183747,0.21418726212020067,0.29316613442196127,0.35847797295052974
22500562,2026-01-12,669,16,3,7,45,Driving Floating Jump Shot,2PT Field Goal,17,Mid-Range,Right Side Center(RC),16-24 ft.,129,113,1,Made Shot,-1,0.6666666666666666,0.6,0.7,0.47758152173913043,0.47793618465716226,0.526486321806402,0.3940427993529595,0.21205982978594112,0.04890480006727155,0.08353872238617094,0.2655216919531893
22500562,2026-01-12,670,17,3,6,43,Driving Floating Jump Shot,2PT Field Goal,13,In The Paint (Non-RA),Right Side(R),8-16 ft.,69,116,1,Made Shot,1,0.6666666666666666,0.6,0.7,0.47793618465716226,0.47829036635006783,0.6216638660912832,0.6632315112662581,0.7796273968426986,0.14372768143412096,0.18529532660909587,0.3016912121855363
22500562,2026-01-12,671,18,3,5,15,Putback Layup Shot,2PT Field Goal,2,Restricted Area,Center(C),Less Than 8 ft.,-11,21,1,Made Shot,2,0.6666666666666666,0.8,0.7,0.47829036635006783,0.4786440677966102,0.68812645648424,0.7709068989143968,0.8363841535483743,0.20983609013417215,0.29261653256432896,0.3580937871983064
22500562,2026-01-12,672,19,3,1,53,Turnaround Fadeaway shot,2PT Field Goal,11,In The Paint (Non-RA),Center(C),8-16 ft.,-4,114,1,Made Shot,3,1.0,0.8,0.7,0.4786440677966102,0.47899728997289975,0.7345712888903122,0.813977038434919,0.8420598292189416,0.25592722109370203,0.3353329706383088,0.36341576142233145
22500562,2026-01-12,673,20,3,1,25,Driving Layup Shot,2PT Field Goal,5,In The Paint (Non-RA),Center(C),Less Than 8 ft.,47,22,1,Made Shot,4,1.0,0.8,0.8,0.47899728997289975,0.47935003385240355,0.7670440555442668,0.8312050917569316,0.8426273967859985,0.28804676557136705,0.3522078017840318,0.36363010681309876
22500562,2026-01-12,674,21,3,1,0,Step Back Jump shot,3PT Field Goal,26,Above the Break 3,Center(C),24+ ft.,-33,258,0,Missed Shot,5,1.0,1.0,0.8,0.47935003385240355,0.4790257104194858,0.7897560992901156,0.8380963126879453,0.8426841535427041,0.31040606543771204,0.3587462788355417,0.36333411969030055
22500562,2026-01-12,675,22,4,6,1,Step Back Jump shot,3PT Field Goal,26,Above the Break 3,Left Side Center(LC),24+ ft.,-180,189,0,Missed Shot,-1,0.6666666666666666,0.8,0.7,0.4790257104194858,0.4787018255578093,0.5955279221127314,0.4208527991495246,0.2126898292183747,0.11650221169324565,0.05817291126996116,0.26633588120111107
22500562,2026-01-12,676,23,4,4,45,Driving Floating Jump Shot,2PT Field Goal,8,In The Paint (Non-RA),Right Side(R),8-16 ft.,80,30,0,Missed Shot,-2,0.3333333333333333,0.6,0.7,0.4787018255578093,0.4783783783783784,0.4596235472550721,0.25395539527560373,0.1496903967859418,0.019078278302737228,0.2247464302822056,0.3290114287718675
22500562,2026-01-12,677,24,4,3,9,Turnaround Fadeaway shot,2PT Field Goal,9,In The Paint (Non-RA),Center(C),8-16 ft.,22,94,1,Made Shot,-3,0.0,0.4,0.6,0.4783783783783784,0.4787305874409183,0.3645175917245774,0.18719643397266694,0.1433904535426985,0.11386078665380095,0.29118194440571143,0.33498792483567985
22500562,2026-01-12,678,25,4,2,14,Jump Shot,3PT Field Goal,29,Above the Break 3,Center(C),24+ ft.,-13,299,0,Missed Shot,1,0.3333333333333333,0.4,0.6,0.4787305874409183,0.4784075573549258,0.5079969401121474,0.5804928496091727,0.7727604592183741,0.029266352671229068,0.1017622621682544,0.2940298717774558
22500569,2026-01-13,679,1,1,11,40,Turnaround Fadeaway shot,2PT Field Goal,17,Mid-Range,Center(C),16-24 ft.,-28,172,0,Missed Shot,-1,0.3333333333333333,0.2,0.6,0.4756348661633493,0.47530864197530864,0.4756348661633493,0.4756348661633493,0.4756348661633493,0.0,0.0,0.0
22500569,2026-01-13,680,2,1,9,24,Driving Floating Jump Shot,2PT Field Goal,6,In The Paint (Non-RA),Center(C),Less Than 8 ft.,44,52,0,Missed Shot,-2,0.3333333333333333,0.2,0.5,0.47530864197530864,0.47498286497601094,0.1426904598490048,0.1426904598490048,0.1426904598490048,0.33261818212630384,0.33261818212630384,0.33261818212630384
22500569,2026-01-13,681,3,1,8,1,Step Back Jump shot,2PT Field Goal,16,Mid-Range,Right Side Center(RC),16-24 ft.,86,138,0,Missed Shot,-3,0.0,0.2,0.4,0.47498286497601094,0.47465753424657536,0.1426904598490048,0.1426904598490048,0.1426904598490048,0.33229240512700614,0.33229240512700614,0.33229240512700614
22500569,2026-01-13,682,4,1,6,56,Running Jump Shot,3PT Field Goal,26,Above the Break 3,Left Side Center(LC),24+ ft.,-207,158,1,Made Shot,-4,0.0,0.2,0.3,0.47465753424657536,0.4750171115674196,0.1426904598490048,0.1426904598490048,0.1426904598490048,0.33196707439757056,0.33196707439757056,0.33196707439757056
22500569,2026-01-13,683,5,1,6,35,Jump Shot,3PT Field Goal,32,Above the Break 3,Right Side Center(RC),24+ ft.,112,304,0,Missed Shot,1,0.3333333333333333,0.2,0.3,0.4750171115674196,0.4746922024623803,0.4190426114478994,0.5737249426076254,0.7727534661496349,0.05597450011952021,0.0987078310402058,0.2977363545822153
22500569,2026-01-13,684,6,1,3,34,Step Back Jump shot,3PT Field Goal,27,Above the Break 3,Center(C),24+ ft.,-1,279,1,Made Shot,-1,0.3333333333333333,0.2,0.2,0.4746922024623803,0.4750512645249487,0.31938801853783677,0.31242857818072156,0.20569108985530485,0.15530418392454354,0.16226362428165875,0.2690011126070755
22500569,2026-01-13,685,7,2,6,10,Jump Shot,3PT Field Goal,27,Above the Break 3,Center(C),24+ ft.,16,277,1,Made Shot,1,0.6666666666666666,0.4,0.3,0.4750512645249487,0.47540983606557374,0.4973112400147212,0.6318942385264676,0.7789910961496411,0.022259975489772488,0.15684297400151892,0.3039398316246924
22500569,2026-01-13,686,8,2,5,43,Jump Shot,3PT Field Goal,30,Above the Break 3,Right Side Center(RC),24+ ft.,176,255,1,Made Shot,2,0.6666666666666666,0.6,0.4,0.47540983606557374,0.4757679180887372,0.6102238444657473,0.7585795325056455,0.8363205292120117,0.13481400840017355,0.2831696964400717,0.360910693146438
22500569,2026-01-13,687,9,2,5,20,Running Pull-Up Jump Shot,3PT Field Goal,28,Above the Break 3,Center(C),24+ ft.,-21,285,1,Made Shot,3,1.0,0.8,0.5,0.4757679180887372,0.4761255115961801,0.6842301450360653,0.8090791843635026,0.8420534668426347,0.20846222694732808,0.33331126627476537,0.3662855487538975
22500569,2026-01-13,688,10,2,1,1,Tip Layup Shot,2PT Field Goal,2,Restricted Area,Center(C),Less Than 8 ft.,25,10,0,Missed Shot,4,1.0,0.8,0.5,0.4761255115961801,0.4758009543285617,0.7337672399396062,0.8292512376375374,0.842626760548941,0.25764172834342614,0.3531257260413573,0.3665012489527609
22500569,2026-01-13,689,11,3,9,10,Step Back Jump shot,3PT Field Goal,25,Above the Break 3,Left Side Center(LC),24+ ft.,-199,158,0,Missed Shot,-1,0.6666666666666666,0.8,0.5,0.4758009543285617,0.47547683923705725,0.5512896661017495,0.4172715717654057,0.21268408985600415,0.07548871177318778,0.058529382563155985,0.26311686447255755
22500569,2026-01-13,690,12,3,7,2,Turnaround Jump Shot,2PT Field Goal,9,In The Paint (Non-RA),Left Side(L),8-16 ft.,-55,78,1,Made Shot,-2,0.3333333333333333,0.6,0.5,0.47547683923705725,0.4758339006126617,0.4262372085397743,0.25251599426578786,0.14968982284907478,0.04923963069728293,0.2229608449712694,0.32578701638798246
22500569,2026-01-13,691,13,3,6,21,Pullup Jump shot,3PT Field Goal,28,Above the Break 3,Left Side Center(LC),24+ ft.,-192,217,0,Missed Shot,1,0.3333333333333333,0.6,0.6,0.4758339006126617,0.47551020408163264,0.5529267299842131,0.6066266146060834,0.7733903961496356,0.07709282937155143,0.13079271399342168,0.2975564955369739
22500569,2026-01-13,692,14,4,7,39,Driving Floating Jump Shot,2PT Field Goal,7,In The Paint (Non-RA),Center(C),Less Than 8 ft.,-2,75,1,Made Shot,-1,0.3333333333333333,0.4,0.6,0.47551020408163264,0.47586675730795375,0.4286517610679853,0.328263053685601,0.20576045347901112,0.04685844301364733,0.14724715039603165,0.2697497506026215
22500569,2026-01-13,693,15,4,7,0,Jump Shot,3PT Field Goal,30,Above the Break 3,Left Side Center(LC),24+ ft.,-105,283,0,Missed Shot,1,0.6666666666666666,0.4,0.6,0.47586675730795375,0.47554347826086957,0.553711555080139,0.6369203259291994,0.778997459212011,0.07784479777218528,0.1610535686212457,0.3031307019040573
22500569,2026-01-13,694,16,4,6,31,Running Layup Shot,2PT Field Goal,1,Restricted Area,Center(C),Less Than 8 ft.,-1,17,0,Missed Shot,-1,0.3333333333333333,0.4,0.6,0.47554347826086957,0.47522063815342835,0.4298170296304813,0.34038208787557406,0.20632115978530485,0.04572644863038827,0.1351613903852955,0.2692223184755647
22500586,2026-01-15,695,1,1,11,44,Driving Floating Jump Shot,2PT Field Goal,13,In The Paint (Non-RA),Center(C),8-16 ft.,10,130,0,Missed Shot,-2,0.3333333333333333,0.4,0.5,0.4756348661633493,0.47530864197530864,0.4756348661633493,0.4756348661633493,0.4756348661633493,0.0,0.0,0.0
22500586,2026-01-15,696,2,1,9,46,Pullup Jump shot,3PT Field Goal,28,Above the Break 3,Left Side Center(LC),24+ ft.,-136,256,1,Made Shot,-3,0.0,0.2,0.4,0.47530864197530864,0.4756682659355723,0.1426904598490048,0.1426904598490048,0.1426904598490048,0.33261818212630384,0.33261818212630384,0.33261818212630384
22500586,2026-01-15,697,3,1,9,28,Pullup Jump shot,2PT Field Goal,16,Mid-Range,Left Side Center(LC),16-24 ft.,-75,146,1,Made Shot,1,0.3333333333333333,0.4,0.4,0.4756682659355723,0.476027397260274,0.5544551657313577,0.6426904598490049,0.7790540962126411,0.07878689979578535,0.16702219391343254,0.3033858302770688
22500586,2026-01-15,698,4,1,9,7,Pullup Jump shot,2PT Field Goal,5,In The Paint (Non-RA),Center(C),Less Than 8 ft.,49,17,0,Missed Shot,2,0.6666666666666666,0.4,0.4,0.476027397260274,0.4757015742642026,0.6860694552827946,0.7708955880541328,0.8363841535426986,0.21004205802252063,0.29486819079385884,0.3603567562824246
22500586,2026-01-15,699,5,1,8,26,Driving Floating Jump Shot,2PT Field Goal,7,In The Paint (Non-RA),Center(C),Less Than 8 ft.,0,74,0,Missed Shot,-1,0.6666666666666666,0.4,0.4,0.4757015742642026,0.47537619699042405,0.47154952025168934,0.38406977019383237,0.2119973905420741,0.004152054012513284,0.09163180407037025,0.26370418372212856
22500586,2026-01-15,700,6,1,7,3,Driving Floating Jump Shot,2PT Field Goal,6,In The Paint (Non-RA),Center(C),Less Than 8 ft.,55,27,0,Missed Shot,-2,0.3333333333333333,0.4,0.4,0.47537619699042405,0.4750512645249487,0.35296055468871484,0.2377438061147662,0.1496205291496978,0.1224156423017092,0.23763239087565785,0.32575566784072624
22500586,2026-01-15,701,7,1,5,50,Driving Finger Roll Layup Shot,2PT Field Goal,2,Restricted Area,Center(C),Less Than 8 ft.,9,26,1,Made Shot,-3,0.0,0.4,0.3,0.4750512645249487,0.47540983606557374,0.28146856516083646,0.1804772344778847,0.1433834605420055,0.19358269936411227,0.29457403004706406,0.33166780398294327
22500586,2026-01-15,702,8,1,3,42,Driving Floating Jump Shot,2PT Field Goal,7,In The Paint (Non-RA),Center(C),Less Than 8 ft.,18,69,1,Made Shot,1,0.3333333333333333,0.4,0.4,0.47540983606557374,0.4757679180887372,0.46494522549548467,0.5784572201090148,0.7727598228559411,0.010464610570089072,0.10304738404344105,0.2973499867903674
22500586,2026-01-15,703,9,1,3,14,Driving Layup Shot,2PT Field Goal,2,Restricted Area,Center(C),Less Than 8 ft.,12,27,1,Made Shot,2,0.6666666666666666,0.4,0.4,0.4757679180887372,0.4761255115961801,0.5852013203609032,0.737101132827648,0.8356973967790742,0.10943340227216602,0.2613332147389108,0.359929478690337
22500586,2026-01-15,704,10,1,2,9,Step Back Jump shot,3PT Field Goal,26,Above the Break 3,Left Side Center(LC),24+ ft.,-164,209,1,Made Shot,3,1.0,0.6,0.5,0.4761255115961801,0.47648261758691207,0.6656963260316331,0.8004713411603552,0.8419911535483056,0.18957081443545298,0.3243458295641751,0.36586564195212545
22500586,2026-01-15,705,11,1,1,11,Running Pull-Up Jump Shot,3PT Field Goal,27,Above the Break 3,Left Side Center(LC),24+ ft.,-112,247,0,Missed Shot,4,1.0,0.8,0.6,0.47648261758691207,0.476158038147139,0.7203380599153029,0.8258054688493726,0.8426205292189977,0.2438554423283908,0.3493228512624605,0.3661379116320856
22500586,2026-01-15,706,12,1,0,3,Pullup Jump shot,3PT Field Goal,32,Above the Break 3,Left Side Center(LC),24+ ft.,-162,283,1,Made Shot,-1,0.6666666666666666,0.8,0.6,0.476158038147139,0.4765146358066712,0.5435480640277808,0.4159192715759842,0.2126834667797047,0.0673900258806418,0.06023876657115479,0.26347457136743424
22500586,2026-01-15,707,13,2,5,4,Step Back Jump shot,3PT Field Goal,27,Above the Break 3,Center(C),24+ ft.,-74,268,0,Missed Shot,1,0.6666666666666666,0.8,0.6,0.4765146358066712,0.47619047619047616,0.6345503718527066,0.6719862806313179,0.7796897605426418,0.15803573604603538,0.19547164482464674,0.30317512473597064
22500586,2026-01-15,708,14,3,10,58,Turnaround Jump Shot,2PT Field Goal,4,In The Paint (Non-RA),Center(C),Less Than 8 ft.,-9,46,1,Made Shot,-1,0.3333333333333333,0.6,0.5,0.47619047619047616,0.47654656696125086,0.48554873614835414,0.35440665692115236,0.20639038991831116,0.009358259957877979,0.1217838192693238,0.269800086272165
22500586,2026-01-15,709,15,3,10,32,Pullup Jump shot,2PT Field Goal,16,Mid-Range,Right Side Center(RC),16-24 ft.,91,136,0,Missed Shot,1,0.6666666666666666,0.6,0.6,0.47654656696125086,0.47622282608695654,0.5934228805958306,0.6473777251160866,0.779060452855941,0.11687631363457973,0.17083115815483574,0.3025138858946902
22500586,2026-01-15,710,16,3,10,1,Step Back Jump shot,3PT Field Goal,28,Above the Break 3,Left Side Center(LC),24+ ft.,-112,260,0,Missed Shot,-1,0.3333333333333333,0.4,0.6,0.47622282608695654,0.47589952477936187,0.4575581281022865,0.3445650408131936,0.20632745914969786,0.01866469798467002,0.13165778527376293,0.2698953669372587
22500586,2026-01-15,711,17,3,9,50,Turnaround Hook Shot,2PT Field Goal,4,In The Paint (Non-RA),Center(C),Less Than 8 ft.,2,41,1,Made Shot,-2,0.3333333333333333,0.4,0.6,0.47589952477936187,0.4762550881953867,0.3627828616413007,0.2234402402119746,0.1490541597790741,0.11311666313806118,0.2524592845673873,0.32684536500028777
22500586,2026-01-15,712,18,3,7,53,Turnaround Jump Shot,2PT Field Goal,6,In The Paint (Non-RA),Center(C),Less Than 8 ft.,12,59,1,Made Shot,1,0.3333333333333333,0.4,0.6,0.4762550881953867,0.4766101694915254,0.5070908455082062,0.5949904358260302,0.7733268298420115,0.030835757312819456,0.11873534763064347,0.2970717416466248
22500586,2026-01-15,713,19,3,7,29,Jump Shot,3PT Field Goal,27,Above the Break 3,Center(C),24+ ft.,-17,272,1,Made Shot,2,0.6666666666666666,0.6,0.6,0.4766101694915254,0.47696476964769646,0.6079349457144907,0.7436104604529052,0.8357540968483055,0.1313247762229653,0.26700029096137984,0.3591439273567801
22500586,2026-01-15,714,20,3,6,18,Pullup Jump shot,2PT Field Goal,15,Mid-Range,Left Side(L),8-16 ft.,-126,87,1,Made Shot,3,1.0,0.6,0.6,0.47696476964769646,0.47731888964116453,0.6784419701730084,0.8030584617246592,0.8419968235489348,0.20147720052531198,0.32609369207696276,0.36503205390123833
22500586,2026-01-15,715,21,3,4,0,Pullup Jump shot,3PT Field Goal,25,Above the Break 3,Center(C),24+ ft.,21,255,1,Made Shot,4,1.0,0.8,0.6,0.47731888964116453,0.4776725304465494,0.7277558657506884,0.8268376608607215,0.8426210962189977,0.25043697610952387,0.349518771219557,0.3653022065778332
22500586,2026-01-15,716,22,4,7,7,Pullup Jump shot,2PT Field Goal,12,In The Paint (Non-RA),Center(C),8-16 ft.,43,119,0,Missed Shot,5,1.0,1.0,0.7,0.4776725304465494,0.47734956051386074,0.7622555136158107,0.8363493402955242,0.842683523486004,0.2845829831692613,0.3586768098489748,0.36501099303945456
22500586,2026-01-15,717,23,4,6,37,Step Back Jump shot,3PT Field Goal,26,Above the Break 3,Right Side Center(RC),24+ ft.,113,235,1,Made Shot,-1,0.6666666666666666,0.8,0.6,0.47734956051386074,0.4777027027027027,0.5763132974066935,0.42015401129543406,0.2126897662127047,0.09896373689283272,0.05719554921842668,0.26465979430115605
22500586,2026-01-15,718,24,4,5,45,Step Back Jump shot,3PT Field Goal,30,Above the Break 3,Right Side Center(RC),24+ ft.,145,264,0,Missed Shot,1,0.6666666666666666,0.8,0.7,0.4777027027027027,0.4773801485482782,0.6562483233546748,0.6736758806059766,0.7796903904853747,0.17854562065197205,0.1959731779032739,0.301987687782672
22500586,2026-01-15,719,25,4,5,12,Driving Floating Jump Shot,2PT Field Goal,16,Mid-Range,Left Side Center(LC),16-24 ft.,-83,137,1,Made Shot,-1,0.3333333333333333,0.6,0.6,0.4773801485482782,0.4777327935222672,0.5021514422327367,0.35508462806211805,0.2063904529126418,0.024771293684458462,0.12229552048616016,0.2709896956356364
22500586,2026-01-15,720,26,4,3,45,Jump Shot,3PT Field Goal,26,Above the Break 3,Left Side Center(LC),24+ ft.,-118,241,0,Missed Shot,1,0.6666666666666666,0.6,0.7,0.4777327935222672,0.47741065407956845,0.6043268499409149,0.6476481271671897,0.7790604591553685,0.12659405641864768,0.16991533364492245,0.30132766563310126
22500607,2026-01-18,721,1,1,11,42,Step Back Jump shot,3PT Field Goal,27,Above the Break 3,Right Side Center(RC),24+ ft.,102,251,0,Missed Shot,-1,0.3333333333333333,0.4,0.7,0.4756348661633493,0.47530864197530864,0.4756348661633493,0.4756348661633493,0.4756348661633493,0.0,0.0,0.0
22500607,2026-01-18,722,2,1,10,8,Step Back Jump shot,3PT Field Goal,28,Above the Break 3,Left Side Center(LC),24+ ft.,-175,221,0,Missed Shot,-2,0.3333333333333333,0.4,0.6,0.47530864197530864,0.47498286497601094,0.1426904598490048,0.1426904598490048,0.1426904598490048,0.33261818212630384,0.33261818212630384,0.33261818212630384
22500607,2026-01-18,723,3,1,9,28,Driving Floating Jump Shot,2PT Field Goal,11,In The Paint (Non-RA),Center(C),8-16 ft.,-50,107,0,Missed Shot,-3,0.0,0.2,0.5,0.47498286497601094,0.47465753424657536,0.1426904598490048,0.1426904598490048,0.1426904598490048,0.33229240512700614,0.33229240512700614,0.33229240512700614
22500607,2026-01-18,724,4,1,8,12,Driving Finger Roll Layup Shot,2PT Field Goal,3,Restricted Area,Center(C),Less Than 8 ft.,5,37,0,Missed Shot,-4,0.0,0.2,0.4,0.47465753424657536,0.47433264887063653,0.1426904598490048,0.1426904598490048,0.1426904598490048,0.33196707439757056,0.33196707439757056,0.33196707439757056
22500607,2026-01-18,725,5,1,7,38,Driving Layup Shot,2PT Field Goal,3,Restricted Area,Center(C),Less Than 8 ft.,12,34,0,Missed Shot,-5,0.0,0.0,0.3,0.47433264887063653,0.4740082079343365,0.1426904598490048,0.1426904598490048,0.1426904598490048,0.33164218902163173,0.33164218902163173,0.33164218902163173
22500607,2026-01-18,726,6,1,3,35,Step Back Jump shot,3PT Field Goal,26,Above the Break 3,Right Side Center(RC),24+ ft.,142,221,1,Made Shot,-6,0.0,0.0,0.2,0.4740082079343365,0.47436773752563227,0.1426904598490048,0.1426904598490048,0.1426904598490048,0.3313177480853317,0.3313177480853317,0.3313177480853317
22500607,2026-01-18,727,7,1,2,35,Step Back Jump shot,3PT Field Goal,27,Above the Break 3,Center(C),24+ ft.,-46,274,1,Made Shot,1,0.3333333333333333,0.2,0.3,0.47436773752563227,0.47472677595628415,0.38069098345015673,0.5644178552606107,0.7726910898496346,0.09367675407547554,0.09005011773497845,0.29832335232400237
22500607,2026-01-18,728,8,1,2,20,Running Layup Shot,2PT Field Goal,2,Restricted Area,Center(C),Less Than 8 ft.,-10,18,1,Made Shot,2,0.6666666666666666,0.4,0.3,0.47472677595628415,0.4750853242320819,0.5317294974645028,0.7316554200397813,0.8356905291490118,0.05700272150821867,0.2569286440834972,0.3609637531927276
22500607,2026-01-18,729,9,2,5,53,Running Pull-Up Jump Shot,2PT Field Goal,2,Restricted Area,Center(C),Less Than 8 ft.,-9,26,0,Missed Shot,3,1.0,0.6,0.4,0.4750853242320819,0.4747612551159618,0.6307246603179824,0.7983201333118053,0.8419904668420046,0.15563933608590047,0.3232348090797234,0.36690514260992274
22500607,2026-01-18,730,10,2,4,36,Pullup Jump shot,3PT Field Goal,29,Above the Break 3,Left Side Center(LC),24+ ft.,-167,241,0,Missed Shot,-1,0.6666666666666666,0.6,0.3,0.4747612551159618,0.47443762781186094,0.47815777608993604,0.40483918056324775,0.2126204599189348,0.0033965209739742486,0.06992207455271404,0.262140795197027
22500607,2026-01-18,731,11,2,3,31,Pullup Jump shot,2PT Field Goal,7,In The Paint (Non-RA),Center(C),Less Than 8 ft.,34,67,0,Missed Shot,-2,0.3333333333333333,0.6,0.3,0.47443762781186094,0.47411444141689374,0.3745921074129174,0.24753345343368893,0.1496834598497041,0.09984552039894357,0.226904174378172,0.32475416796215684
22500607,2026-01-18,732,12,2,2,4,Step Back Jump shot,3PT Field Goal,26,Above the Break 3,Left Side Center(LC),24+ ft.,-134,232,1,Made Shot,-3,0.0,0.4,0.3,0.47411444141689374,0.47447243022464264,0.3036182276384178,0.18462501871188458,0.14338975984901178,0.17049621377847596,0.28948942270500916,0.33072468156788193
22500607,2026-01-18,733,13,2,0,27,Pullup Jump shot,3PT Field Goal,26,Above the Break 3,Right Side Center(RC),24+ ft.,184,197,0,Missed Shot,1,0.3333333333333333,0.4,0.4,0.47447243022464264,0.4741496598639456,0.4676097510760233,0.5794709078089249,0.7727603898496347,0.006862679148619322,0.10499847758428221,0.29828795962499205
22500607,2026-01-18,734,14,2,0,2,Pullup Jump shot,3PT Field Goal,27,Above the Break 3,Center(C),24+ ft.,-12,270,1,Made Shot,-1,0.3333333333333333,0.2,0.4,0.4741496598639456,0.47450713800135963,0.3691802904039768,0.3174008803107894,0.2056974528490111,0.10496936945996876,0.1567487795531562,0.2684522070149345
22500607,2026-01-18,735,15,3,10,7,Driving Floating Jump Shot,2PT Field Goal,9,In The Paint (Non-RA),Center(C),8-16 ft.,36,88,1,Made Shot,1,0.6666666666666666,0.4,0.5,0.47450713800135963,0.4748641304347826,0.5122033566724139,0.6325754740740765,0.7789911591490111,0.03769621867105427,0.15806833607271692,0.30448402114765144
22500607,2026-01-18,736,16,3,8,38,Jump Shot,3PT Field Goal,28,Above the Break 3,Right Side Center(RC),24+ ft.,141,250,1,Made Shot,2,0.6666666666666666,0.6,0.6,0.4748641304347826,0.47522063815342835,0.6118224353288766,0.7586446009047276,0.8363205297790055,0.136958304894094,0.28378047046994503,0.3614563993442229
22500607,2026-01-18,737,17,3,8,7,Pullup Jump shot,3PT Field Goal,28,Above the Break 3,Center(C),24+ ft.,-39,283,0,Missed Shot,3,1.0,0.8,0.6,0.47522063815342835,0.47489823609226595,0.6813137827974762,0.8090721379297563,0.8420534668420048,0.20609314464404788,0.33385149977632794,0.3668328286885764
22500607,2026-01-18,738,18,3,7,22,Driving Floating Jump Shot,2PT Field Goal,11,In The Paint (Non-RA),Center(C),8-16 ft.,-20,114,1,Made Shot,-1,0.6666666666666666,0.6,0.5,0.47489823609226595,0.4752542372881356,0.5193500087529017,0.40924306239119324,0.2126267605483048,0.04445177266063577,0.06565517370107271,0.26227147554396113
22500607,2026-01-18,739,19,3,5,21,Pullup Jump shot,2PT Field Goal,14,Mid-Range,Left Side(L),8-16 ft.,-83,113,0,Missed Shot,1,0.6666666666666666,0.8,0.5,0.4752542372881356,0.4749322493224932,0.6165103613210324,0.6693115187376484,0.7796840899189348,0.14125612403289683,0.1940572814495128,0.3044298526307992
22500607,2026-01-18,740,20,3,3,25,Jump Shot,3PT Field Goal,26,Above the Break 3,Center(C),24+ ft.,0,263,0,Missed Shot,-1,0.3333333333333333,0.6,0.5,0.4749322493224932,0.4746106973595125,0.4742021752697422,0.3533388747190723,0.20638982285599777,0.0007300740527510508,0.1215933746034209,0.26854242646649545
22500607,2026-01-18,741,21,3,3,17,Fadeaway Jump Shot,2PT Field Goal,10,Mid-Range,Left Side(L),8-16 ft.,-108,1,0,Missed Shot,-2,0.3333333333333333,0.4,0.5,0.4746106973595125,0.4742895805142084,0.3746692410596022,0.22694982440736952,0.1490603961497041,0.0999414562999103,0.24766087295214298,0.32555030120980843
22500607,2026-01-18,742,22,4,5,38,Jump Shot,3PT Field Goal,27,Above the Break 3,Left Side Center(LC),24+ ft.,-150,231,0,Missed Shot,-3,0.0,0.2,0.5,0.4742895805142084,0.47396889790398916,0.30503671373628083,0.17639420545000473,0.14332745347907475,0.16925286677792756,0.29789537506420366,0.3309621270351336
22500607,2026-01-18,743,23,4,3,36,Driving Floating Jump Shot,2PT Field Goal,6,In The Paint (Non-RA),Center(C),Less Than 8 ft.,-11,60,0,Missed Shot,-4,0.0,0.2,0.4,0.47396889790398916,0.47364864864864864,0.256313787777952,0.1561719580538294,0.1427541592120118,0.21765511012603717,0.3177969398501598,0.3312147386919774
22500617,2026-01-20,744,1,1,11,21,Driving Floating Jump Shot,2PT Field Goal,11,Mid-Range,Left Side(L),8-16 ft.,-93,74,1,Made Shot,-5,0.0,0.0,0.4,0.4756348661633493,0.47599451303155005,0.4756348661633493,0.4756348661633493,0.4756348661633493,0.0,0.0,0.0
22500617,2026-01-20,745,2,1,9,46,Driving Floating Jump Shot,2PT Field Goal,9,Mid-Range,Right Side(R),8-16 ft.,96,0,1,Made Shot,1,0.3333333333333333,0.2,0.4,0.47599451303155005,0.47635366689513364,0.8426904598490048,0.8426904598490048,0.8426904598490048,0.36669594681745477,0.36669594681745477,0.36669594681745477
22500617,2026-01-20,746,3,1,9,15,Jump Shot,3PT Field Goal,25,Above the Break 3,Right Side Center(RC),24+ ft.,218,135,1,Made Shot,2,0.6666666666666666,0.4,0.4,0.47635366689513364,0.4767123287671233,0.8426904598490048,0.8426904598490048,0.8426904598490048,0.36633679295387117,0.36633679295387117,0.36633679295387117
22500617,2026-01-20,747,4,1,7,24,Driving Layup Shot,2PT Field Goal,4,In The Paint (Non-RA),Center(C),Less Than 8 ft.,37,29,1,Made Shot,3,1.0,0.6,0.4,0.4767123287671233,0.47707049965776865,0.8426904598490048,0.8426904598490048,0.8426904598490048,0.36597813108188154,0.36597813108188154,0.36597813108188154
22500617,2026-01-20,748,5,1,6,40,Jump Shot,3PT Field Goal,28,Above the Break 3,Right Side Center(RC),24+ ft.,200,197,1,Made Shot,4,1.0,0.8,0.5,0.47707049965776865,0.4774281805745554,0.8426904598490048,0.8426904598490048,0.8426904598490048,0.36561996019123616,0.36561996019123616,0.36561996019123616
22500617,2026-01-20,749,6,1,5,33,Driving Floating Jump Shot,2PT Field Goal,12,In The Paint (Non-RA),Center(C),8-16 ft.,51,110,1,Made Shot,5,1.0,1.0,0.5,0.4774281805745554,0.47778537252221465,0.8426904598490048,0.8426904598490048,0.8426904598490048,0.36526227927444943,0.36526227927444943,0.36526227927444943
22500617,2026-01-20,750,7,2,5,24,Step Back Jump shot,3PT Field Goal,26,Above the Break 3,Center(C),24+ ft.,-56,258,0,Missed Shot,6,1.0,1.0,0.6,0.47778537252221465,0.4774590163934426,0.8426904598490048,0.8426904598490048,0.8426904598490048,0.36490508732679017,0.36490508732679017,0.36490508732679017
22500617,2026-01-20,751,8,2,4,26,Step Back Jump shot,3PT Field Goal,25,Above the Break 3,Right Side Center(RC),24+ ft.,174,190,0,Missed Shot,-1,0.6666666666666666,0.8,0.6,0.4774590163934426,0.47713310580204776,0.6138439671340059,0.42200120256987866,0.2126903968489985,0.13638495074056328,0.05545781382356396,0.26476861954444414
22500617,2026-01-20,752,9,2,3,48,Driving Floating Jump Shot,2PT Field Goal,11,In The Paint (Non-RA),Center(C),8-16 ft.,47,100,0,Missed Shot,-2,0.3333333333333333,0.6,0.6,0.47713310580204776,0.4768076398362892,0.4638511261516249,0.254304855459312,0.14969045291900474,0.013281979650422882,0.2228282503427358,0.32744265288304303
22500617,2026-01-20,753,10,2,2,6,Pullup Jump shot,2PT Field Goal,11,In The Paint (Non-RA),Center(C),8-16 ft.,-5,111,1,Made Shot,-3,0.0,0.4,0.6,0.4768076398362892,0.47716428084526247,0.3634514366476744,0.18731865806339754,0.1433904591497048,0.11335620318861483,0.2894889817728917,0.33341718068658444
22500617,2026-01-20,754,11,2,1,25,Driving Floating Jump Shot,2PT Field Goal,6,In The Paint (Non-RA),Center(C),Less Than 8 ft.,-28,63,0,Missed Shot,1,0.3333333333333333,0.4,0.7,0.47716428084526247,0.4768392370572207,0.5114023919005581,0.5805829758872945,0.7727604598420117,0.03423811105529567,0.103418695042032,0.2955961789967492
22500617,2026-01-20,755,12,2,1,3,Driving Floating Jump Shot,2PT Field Goal,6,In The Paint (Non-RA),Center(C),Less Than 8 ft.,-55,31,0,Missed Shot,-1,0.3333333333333333,0.2,0.6,0.4768392370572207,0.4765146358066712,0.39855750006063184,0.3178364458761026,0.20569745984263485,0.07828173699658886,0.1590027911811181,0.2711417772145859
22500617,2026-01-20,756,13,2,0,52,Running Layup Shot,2PT Field Goal,1,Restricted Area,Center(C),Less Than 8 ft.,-9,13,1,Made Shot,-2,0.3333333333333333,0.2,0.5,0.4765146358066712,0.47687074829931975,0.3207200170396473,0.21274709115304044,0.1489911598483111,0.15579461876702388,0.2637675446536307,0.32752347595836007
22500617,2026-01-20,757,14,2,0,31,Pullup Jump shot,3PT Field Goal,26,Above the Break 3,Center(C),24+ ft.,-6,262,0,Missed Shot,1,0.3333333333333333,0.4,0.5,0.47687074829931975,0.47654656696125086,0.4788431896541581,0.5907156488746728,0.773320529848998,0.0019724413548383724,0.11384490057535301,0.29644978154967827
22500617,2026-01-20,758,15,3,7,18,Driving Floating Jump Shot,2PT Field Goal,11,In The Paint (Non-RA),Center(C),8-16 ft.,-6,110,1,Made Shot,-1,0.3333333333333333,0.4,0.4,0.47654656696125086,0.47690217391304346,0.3773087406525934,0.3218998138622594,0.20575346684899842,0.09923782630865746,0.15464675309899145,0.27079310011225244
22500617,2026-01-20,759,16,3,6,49,Running Jump Shot,3PT Field Goal,27,Above the Break 3,Left Side Center(LC),24+ ft.,-146,231,1,Made Shot,1,0.6666666666666666,0.4,0.4,0.47690217391304346,0.4772572980312288,0.5175892467428261,0.6343745369714857,0.7789967605490047,0.04068707282978268,0.15747236305844226,0.3020945866359612
22500617,2026-01-20,760,17,3,5,1,Fadeaway Jump Shot,2PT Field Goal,12,Mid-Range,Left Side(L),8-16 ft.,-109,67,1,Made Shot,2,0.6666666666666666,0.6,0.4,0.4772572980312288,0.47761194029850745,0.6154448133999363,0.7593641443806249,0.8363210899190048,0.1381875153687075,0.28210684634939615,0.359063791887776
22500617,2026-01-20,761,18,3,4,26,Jump Shot,3PT Field Goal,30,Above the Break 3,Left Side Center(LC),24+ ft.,-94,289,0,Missed Shot,3,1.0,0.8,0.5,0.47761194029850745,0.47728813559322036,0.683777469944798,0.8093599422508655,0.8420535228560047,0.2061655296462906,0.33174800195235804,0.3644415825574972
22500617,2026-01-20,762,19,3,3,44,Pullup Jump shot,2PT Field Goal,6,In The Paint (Non-RA),Center(C),Less Than 8 ft.,-15,62,1,Made Shot,-1,0.6666666666666666,0.6,0.5,0.47728813559322036,0.47764227642276424,0.5211866017353718,0.4093582253218404,0.21262676614970477,0.04389846614215143,0.06792991027137996,0.2646613694435156
22500617,2026-01-20,763,20,4,9,2,Jump Shot,3PT Field Goal,22,Left Corner 3,Left Side(L),24+ ft.,-225,-4,0,Missed Shot,1,0.6666666666666666,0.8,0.6,0.47764227642276424,0.47731888964116453,0.6177478282995192,0.6693575731849466,0.7796840904790747,0.140105551876755,0.19171529676218235,0.3020418140563105
22500617,2026-01-20,764,21,4,4,13,Pullup Jump shot,3PT Field Goal,25,Above the Break 3,Left Side Center(LC),24+ ft.,-224,116,0,Missed Shot,-1,0.3333333333333333,0.6,0.5,0.47731888964116453,0.4769959404600812,0.4751168092418154,0.3533573017089218,0.2063898229120118,0.00220208039934916,0.12396158793224271,0.27092906672915273
22500633,2026-01-22,765,1,1,11,10,Pullup Jump shot,3PT Field Goal,26,Above the Break 3,Right Side Center(RC),24+ ft.,145,225,0,Missed Shot,-2,0.3333333333333333,0.4,0.5,0.4756348661633493,0.47530864197530864,0.4756348661633493,0.4756348661633493,0.4756348661633493,0.0,0.0,0.0
22500633,2026-01-22,766,2,1,9,30,Driving Floating Jump Shot,2PT Field Goal,8,Mid-Range,Right Side(R),8-16 ft.,89,-2,1,Made Shot,-3,0.0,0.2,0.5,0.47530864197530864,0.4756682659355723,0.1426904598490048,0.1426904598490048,0.1426904598490048,0.33261818212630384,0.33261818212630384,0.33261818212630384
22500633,2026-01-22,767,3,1,8,59,Jump Shot,3PT Field Goal,26,Above the Break 3,Right Side Center(RC),24+ ft.,162,214,0,Missed Shot,1,0.3333333333333333,0.4,0.5,0.4756682659355723,0.47534246575342465,0.5544551657313577,0.6426904598490049,0.7790540962126411,0.07878689979578535,0.16702219391343254,0.3033858302770688
22500633,2026-01-22,768,4,1,8,36,Driving Floating Jump Shot,2PT Field Goal,14,In The Paint (Non-RA),Center(C),8-16 ft.,-61,129,1,Made Shot,-1,0.3333333333333333,0.2,0.5,0.47534246575342465,0.4757015742642026,0.3664347520864477,0.32217763933618426,0.20575352291206786,0.10890771366697694,0.15316482641724039,0.2695889428413568
22500633,2026-01-22,769,5,1,7,30,Driving Floating Jump Shot,2PT Field Goal,8,In The Paint (Non-RA),Right Side(R),8-16 ft.,60,56,0,Missed Shot,1,0.6666666666666666,0.4,0.5,0.4757015742642026,0.47537619699042405,0.5544551657313577,0.6426904598490049,0.7790540962126411,0.07875359146715505,0.16698888558480224,0.3033525219484385
22500633,2026-01-22,770,6,1,7,1,Driving Floating Bank Jump Shot,2PT Field Goal,7,In The Paint (Non-RA),Center(C),Less Than 8 ft.,-70,10,1,Made Shot,-1,0.3333333333333333,0.4,0.4,0.47537619699042405,0.47573479152426523,0.40596982229536444,0.33958667711379625,0.20632109615536787,0.06940637469505961,0.1357895198766278,0.2690551008350562
22500633,2026-01-22,771,7,1,4,33,Driving Floating Jump Shot,2PT Field Goal,10,In The Paint (Non-RA),Center(C),8-16 ft.,-6,100,1,Made Shot,1,0.6666666666666666,0.6,0.4,0.47573479152426523,0.4760928961748634,0.5544551657313577,0.6426904598490049,0.7790540962126411,0.07872037420709244,0.16695566832473963,0.30331930468837587
22500633,2026-01-22,772,8,1,4,5,Driving Layup Shot,2PT Field Goal,2,Restricted Area,Center(C),Less Than 8 ft.,10,19,0,Missed Shot,2,0.6666666666666666,0.6,0.5,0.4760928961748634,0.4757679180887372,0.6486860744963572,0.7628873905001836,0.8363268292126418,0.1725931783214938,0.2867944943253202,0.3602339330377784
22500633,2026-01-22,773,9,1,2,55,Pullup Jump shot,3PT Field Goal,25,Above the Break 3,Right Side Center(RC),24+ ft.,188,177,1,Made Shot,-1,0.6666666666666666,0.6,0.4,0.4757679180887372,0.4761255115961801,0.4876011656671142,0.39052520082485076,0.21205409054264107,0.011833247578377004,0.08524271726388644,0.2637138275460961
22500633,2026-01-22,774,10,1,2,3,Turnaround Fadeaway Bank Jump Shot,2PT Field Goal,5,In The Paint (Non-RA),Center(C),Less Than 8 ft.,-44,34,1,Made Shot,1,0.6666666666666666,0.6,0.5,0.4761255115961801,0.47648261758691207,0.5986074582261351,0.6618954943335646,0.7796268234859411,0.12248194662995504,0.18576998273738454,0.30350131188976104
22500633,2026-01-22,775,11,1,0,33,Pullup Jump shot,2PT Field Goal,20,Mid-Range,Center(C),16-24 ft.,-47,200,0,Missed Shot,2,0.6666666666666666,0.8,0.6,0.47648261758691207,0.476158038147139,0.6739609071374184,0.7703838494713764,0.8363840962183742,0.19747828955050634,0.2939012318844643,0.3599014786314621
22500633,2026-01-22,776,12,2,5,48,Fadeaway Jump Shot,2PT Field Goal,16,Mid-Range,Center(C),16-24 ft.,-49,156,1,Made Shot,-1,0.6666666666666666,0.6,0.6,0.476158038147139,0.4765146358066712,0.5113647149598679,0.39375201861400655,0.21205982347969848,0.03520667681272893,0.08240601953313242,0.2640982146674405
22500633,2026-01-22,777,13,2,1,33,Step Back Jump shot,3PT Field Goal,25,Above the Break 3,Left Side Center(LC),24+ ft.,-179,182,0,Missed Shot,1,0.6666666666666666,0.6,0.6,0.4765146358066712,0.47619047619047616,0.6121575408779414,0.6631196025931452,0.7796273962126417,0.1356429050712702,0.18660496678647398,0.30311276040597046
22500633,2026-01-22,778,14,2,0,55,Step Back Jump shot,3PT Field Goal,26,Above the Break 3,Center(C),24+ ft.,18,264,0,Missed Shot,-1,0.3333333333333333,0.6,0.6,0.47619047619047616,0.47586675730795375,0.4699394798497581,0.35086002140808437,0.20638415348531114,0.0062509963407180735,0.1253304547823918,0.269806322705165
22500633,2026-01-22,779,15,3,11,17,Step Back Jump shot,3PT Field Goal,28,Above the Break 3,Left Side Center(LC),24+ ft.,-131,248,0,Missed Shot,-2,0.3333333333333333,0.4,0.5,0.47586675730795375,0.47554347826086957,0.37109438360038904,0.22595794919118953,0.14905982921263486,0.1047723737075647,0.24990880811676422,0.32680692809531886
22500633,2026-01-22,780,16,3,6,15,Running Layup Shot,2PT Field Goal,4,In The Paint (Non-RA),Center(C),Less Than 8 ft.,13,48,0,Missed Shot,-3,0.0,0.2,0.5,0.47554347826086957,0.47522063815342835,0.30224634618249346,0.17599740194114954,0.1433273967853678,0.1732971320783761,0.29954607631972,0.33221608147550175
22500633,2026-01-22,781,17,3,5,42,Step Back Jump shot,3PT Field Goal,27,Above the Break 3,Left Side Center(LC),24+ ft.,-176,215,0,Missed Shot,-4,0.0,0.2,0.4,0.47522063815342835,0.47489823609226595,0.2542199745751331,0.1560132281027254,0.1427541535426411,0.22100066357829523,0.31920741005070297,0.33246648461078726
22500633,2026-01-22,782,18,3,5,3,Driving Floating Jump Shot,2PT Field Goal,20,Mid-Range,Left Side Center(LC),16-24 ft.,-124,159,0,Missed Shot,-5,0.0,0.0,0.3,0.47489823609226595,0.4745762711864407,0.22068310316094858,0.1480195657771923,0.14269682921836843,0.25421513293131737,0.32687867031507367,0.33220140687389754
22500633,2026-01-22,783,19,3,4,31,Driving Layup Shot,2PT Field Goal,3,Restricted Area,Center(C),Less Than 8 ft.,15,36,0,Missed Shot,-6,0.0,0.0,0.3,0.4745762711864407,0.4742547425474255,0.19724714673724505,0.14482210200055176,0.14269109678594116,0.27732912444919566,0.32975416918588896,0.3318851744004995
22500633,2026-01-22,784,20,3,3,55,Fadeaway Jump Shot,2PT Field Goal,16,Mid-Range,Center(C),16-24 ft.,-2,162,1,Made Shot,-7,0.0,0.0,0.2,0.4742547425474255,0.4746106973595125,0.18086146280140045,0.14354311667446712,0.14269052354269843,0.293393279746025,0.3307116258729584,0.3315642190047271
22500633,2026-01-22,785,21,3,1,35,Step Back Jump shot,3PT Field Goal,26,Above the Break 3,Left Side Center(LC),24+ ft.,-158,211,1,Made Shot,1,0.3333333333333333,0.2,0.2,0.4746106973595125,0.4749661705006766,0.37956871493545724,0.5630315271915135,0.772690466218374,0.09504198242405526,0.088420829832001,0.2980797688588615
22500633,2026-01-22,786,22,3,1,5,Running Pull-Up Jump Shot,3PT Field Goal,29,Above the Break 3,Left Side Center(LC),24+ ft.,-116,275,0,Missed Shot,2,0.6666666666666666,0.4,0.3,0.4749661705006766,0.4746450304259635,0.5185828841988125,0.7308268875239801,0.8356904604859416,0.04361671369813591,0.2558607170233035,0.36072428998526507
22500633,2026-01-22,787,23,3,0,1,Jump Shot,3PT Field Goal,39,Above the Break 3,Center(C),24+ ft.,-2,393,0,Missed Shot,-1,0.6666666666666666,0.4,0.2,0.4746450304259635,0.4743243243243243,0.40577104948528103,0.3779450302981986,0.21199045991269846,0.06887398094068248,0.09670000012776492,0.262654570513265
22500633,2026-01-22,788,24,4,5,56,Fadeaway Jump Shot,3PT Field Goal,27,Above the Break 3,Left Side Center(LC),24+ ft.,-145,230,1,Made Shot,-2,0.3333333333333333,0.4,0.2,0.4743243243243243,0.474679270762998,0.3268252661224139,0.23679228792935492,0.14962045985537417,0.1474990582019104,0.2375320363949694,0.32470386446895017
22500633,2026-01-22,789,25,4,4,9,Step Back Jump shot,3PT Field Goal,28,Above the Break 3,Left Side Center(LC),24+ ft.,-230,169,0,Missed Shot,1,0.3333333333333333,0.6,0.3,0.474679270762998,0.47435897435897434,0.4816144789483888,0.6003311911834719,0.7733834598496416,0.00693520818539084,0.1256519204204739,0.29870418908664365
22500633,2026-01-22,790,26,4,0,38,Driving Layup Shot,2PT Field Goal,3,Restricted Area,Center(C),Less Than 8 ft.,9,37,1,Made Shot,-1,0.3333333333333333,0.4,0.3,0.47435897435897434,0.47471341874578554,0.3799236357787054,0.3257467523518762,0.20575975984906847,0.09443533858026892,0.14861222200709812,0.26859921450990587
22500633,2026-01-22,791,27,4,0,23,Step Back Jump shot,3PT Field Goal,26,Above the Break 3,Center(C),24+ ft.,-44,263,0,Missed Shot,1,0.6666666666666666,0.4,0.4,0.47471341874578554,0.4743935309973046,0.5187667168667326,0.6359129768641218,0.7789973898490112,0.04405329812094705,0.1611995581183363,0.3042839711032257
22500648,2026-01-24,792,1,1,8,1,Jump Shot,3PT Field Goal,25,Above the Break 3,Center(C),24+ ft.,-23,258,0,Missed Shot,-1,0.3333333333333333,0.4,0.4,0.4756348661633493,0.47530864197530864,0.4756348661633493,0.4756348661633493,0.4756348661633493,0.0,0.0,0.0
22500648,2026-01-24,793,2,1,5,30,Step Back Jump shot,3PT Field Goal,27,Above the Break 3,Center(C),24+ ft.,-11,277,1,Made Shot,-2,0.3333333333333333,0.4,0.4,0.47530864197530864,0.4756682659355723,0.1426904598490048,0.1426904598490048,0.1426904598490048,0.33261818212630384,0.33261818212630384,0.33261818212630384
22500648,2026-01-24,794,3,1,4,7,Step Back Jump shot,3PT Field Goal,25,Above the Break 3,Left Side Center(LC),24+ ft.,-167,189,1,Made Shot,1,0.3333333333333333,0.4,0.5,0.4756682659355723,0.476027397260274,0.5544551657313577,0.6426904598490049,0.7790540962126411,0.07878689979578535,0.16702219391343254,0.3033858302770688
22500648,2026-01-24,795,4,2,6,52,Driving Floating Jump Shot,2PT Field Goal,6,In The Paint (Non-RA),Center(C),Less Than 8 ft.,-37,52,1,Made Shot,2,0.6666666666666666,0.6,0.5,0.476027397260274,0.47638603696098564,0.6860694552827946,0.7708955880541328,0.8363841535426986,0.21004205802252063,0.29486819079385884,0.3603567562824246
22500648,2026-01-24,796,5,2,3,50,Driving Floating Bank Jump Shot,2PT Field Goal,11,In The Paint (Non-RA),Center(C),8-16 ft.,33,113,0,Missed Shot,3,1.0,0.6,0.5,0.47638603696098564,0.47606019151846785,0.747901671850584,0.815104252952453,0.8420603968427041,0.27151563488959835,0.3387182159914674,0.3656743598817184
22500648,2026-01-24,797,6,2,3,5,Step Back Jump shot,3PT Field Goal,25,Above the Break 3,Right Side Center(RC),24+ ft.,87,237,0,Missed Shot,-1,0.6666666666666666,0.6,0.5,0.47606019151846785,0.47573479152426523,0.5296581133775469,0.40748192444648296,0.21262115915599786,0.05359792185907902,0.06857826707198489,0.26343903236247
22500648,2026-01-24,798,7,2,0,31,Jump Shot,3PT Field Goal,28,Above the Break 3,Left Side Center(LC),24+ ft.,-157,234,0,Missed Shot,-2,0.3333333333333333,0.6,0.5,0.47573479152426523,0.47540983606557374,0.3980888217254009,0.24795361774374164,0.14968346684201178,0.07764596979886434,0.2277811737805236,0.32605132468225345
22500648,2026-01-24,799,8,3,10,58,Driving Finger Roll Layup Shot,2PT Field Goal,2,Restricted Area,Center(C),Less Than 8 ft.,28,10,1,Made Shot,-3,0.0,0.4,0.4,0.47540983606557374,0.4757679180887372,0.31459307978173046,0.18469207529575277,0.14338975991893482,0.1608167562838433,0.290717760769821,0.3320200761466389
22500648,2026-01-24,800,9,3,10,27,Pullup Jump shot,3PT Field Goal,26,Above the Break 3,Center(C),24+ ft.,50,258,0,Missed Shot,1,0.3333333333333333,0.4,0.5,0.4757679180887372,0.47544338335607095,0.482714138262418,0.5797500111965759,0.772760396149704,0.006946220173680795,0.10398209310783868,0.29699247806096685
22500648,2026-01-24,801,10,3,5,28,Driving Layup Shot,2PT Field Goal,2,Restricted Area,Center(C),Less Than 8 ft.,27,12,1,Made Shot,-1,0.3333333333333333,0.2,0.4,0.47544338335607095,0.4758009543285617,0.37641758541951686,0.3174455188391887,0.20569745291201177,0.09902579793655408,0.15799786451688225,0.26974593044405915
22500648,2026-01-24,802,11,3,5,5,Jump Shot,3PT Field Goal,26,Above the Break 3,Left Side Center(LC),24+ ft.,-211,159,1,Made Shot,1,0.6666666666666666,0.4,0.5,0.4758009543285617,0.476158038147139,0.5203656235394625,0.6326255324648751,0.7789911592126348,0.0445646692109008,0.1568245781363134,0.30319020488407317
22500648,2026-01-24,803,12,4,8,30,Fadeaway Jump Shot,2PT Field Goal,15,Mid-Range,Right Side(R),8-16 ft.,114,107,0,Missed Shot,2,0.6666666666666666,0.6,0.6,0.476158038147139,0.4758339006126617,0.6190136686089305,0.7586697755740834,0.8363205297859411,0.1428556304617915,0.28251173742694446,0.3601624916388021
22500648,2026-01-24,804,13,4,3,17,Driving Layup Shot,2PT Field Goal,1,Restricted Area,Center(C),Less Than 8 ft.,9,13,1,Made Shot,-1,0.6666666666666666,0.6,0.5,0.4758339006126617,0.47619047619047616,0.47411106746231046,0.389075985384186,0.21205346684207416,0.0017228331503512107,0.0867579152284757,0.2637804337705875
22500648,2026-01-24,805,14,4,0,50,Driving Finger Roll Layup Shot,2PT Field Goal,3,Restricted Area,Center(C),Less Than 8 ft.,28,25,1,Made Shot,1,0.6666666666666666,0.6,0.5,0.47619047619047616,0.47654656696125086,0.5857667056069382,0.6612464965684592,0.7796267605483684,0.10957622941646206,0.18505602037798308,0.30343628435789227
22500648,2026-01-24,806,15,4,0,23,Step Back Jump shot,3PT Field Goal,27,Above the Break 3,Center(C),24+ ft.,85,265,0,Missed Shot,2,0.6666666666666666,0.8,0.5,0.47654656696125086,0.47622282608695654,0.6633701563880832,0.770113166773529,0.8363840899189416,0.1868235894268323,0.2935665998122782,0.3598375229576908
22500661,2026-01-26,807,1,1,10,32,Driving Layup Shot,2PT Field Goal,3,Restricted Area,Center(C),Less Than 8 ft.,38,-5,1,Made Shot,-1,0.6666666666666666,0.6,0.5,0.4756348661633493,0.47599451303155005,0.4756348661633493,0.4756348661633493,0.4756348661633493,0.0,0.0,0.0
22500661,2026-01-26,808,2,1,10,5,Turnaround Jump Shot,2PT Field Goal,6,In The Paint (Non-RA),Center(C),Less Than 8 ft.,56,29,0,Missed Shot,1,0.6666666666666666,0.6,0.6,0.47599451303155005,0.4756682659355723,0.8426904598490048,0.8426904598490048,0.8426904598490048,0.36669594681745477,0.36669594681745477,0.36669594681745477
22500661,2026-01-26,809,3,1,9,12,Step Back Jump shot,3PT Field Goal,24,Left Corner 3,Left Side(L),24+ ft.,-234,60,0,Missed Shot,-1,0.3333333333333333,0.6,0.6,0.4756682659355723,0.47534246575342465,0.43092575396665184,0.3426904598490048,0.2063268234853684,0.044742511968920484,0.1329778060865675,0.2693414424502039
22500661,2026-01-26,810,4,1,6,56,Driving Floating Jump Shot,2PT Field Goal,10,In The Paint (Non-RA),Center(C),8-16 ft.,34,97,1,Made Shot,-2,0.3333333333333333,0.4,0.5,0.47534246575342465,0.4757015742642026,0.29931146441521483,0.21448533164387662,0.1489967661553111,0.1760310013382098,0.26085713410954803,0.32634569959811355
22500661,2026-01-26,811,5,1,4,26,Jump Shot,3PT Field Goal,26,Above the Break 3,Center(C),24+ ft.,-69,259,1,Made Shot,1,0.3333333333333333,0.4,0.6,0.4757015742642026,0.47606019151846785,0.5138313994463202,0.6013111495041772,0.7733835291559354,0.03812982518211755,0.12560957523997457,0.2976819548917328
22500661,2026-01-26,812,6,1,2,48,Step Back Jump shot,3PT Field Goal,26,Above the Break 3,Left Side Center(LC),24+ ft.,-145,218,0,Missed Shot,2,0.6666666666666666,0.6,0.6,0.47606019151846785,0.47573479152426523,0.6324203650092948,0.7476371135832434,0.8357603905483117,0.15636017349082693,0.2715769220647755,0.3597001990298439
22500661,2026-01-26,813,7,1,2,40,Jump Shot,3PT Field Goal,23,Left Corner 3,Left Side(L),24+ ft.,-232,-8,1,Made Shot,-1,0.6666666666666666,0.4,0.5,0.47573479152426523,0.4760928961748634,0.46591183093602123,0.38317628980851903,0.2119968291553741,0.009822960588244,0.0925585017157462,0.26373796236889113
22500661,2026-01-26,814,8,1,0,22,Driving Floating Jump Shot,2PT Field Goal,2,Restricted Area,Center(C),Less Than 8 ft.,6,23,1,Made Shot,1,0.6666666666666666,0.6,0.6,0.4760928961748634,0.4764505119453925,0.5890896420170245,0.6593372539564704,0.7796211535420741,0.11299674584216113,0.18324435778160697,0.3035282573672107
22500661,2026-01-26,815,9,2,4,16,Pullup Jump shot,2PT Field Goal,6,In The Paint (Non-RA),Center(C),Less Than 8 ft.,-1,62,1,Made Shot,2,0.6666666666666666,0.8,0.6,0.4764505119453925,0.4768076398362892,0.6698240662628885,0.7694213221869466,0.8363835297859354,0.19337355431749598,0.2929708102415541,0.35993301784054293
22500661,2026-01-26,816,10,2,1,41,Step Back Jump shot,3PT Field Goal,28,Above the Break 3,Left Side Center(LC),24+ ft.,-194,209,0,Missed Shot,3,1.0,0.8,0.6,0.4768076398362892,0.47648261758691207,0.7238647196265853,0.8133943320448778,0.842059766848374,0.24705707979029606,0.33658669220858856,0.3652521270120848
22500661,2026-01-26,817,11,3,11,4,Step Back Jump shot,3PT Field Goal,27,Above the Break 3,Right Side Center(RC),24+ ft.,138,234,1,Made Shot,-1,0.6666666666666666,0.6,0.6,0.47648261758691207,0.4768392370572207,0.5444442577282689,0.41092980726320016,0.21262739048599846,0.0679616401413568,0.06555281032371191,0.2638552271009136
22500661,2026-01-26,818,12,3,10,31,Driving Finger Roll Layup Shot,2PT Field Goal,1,Restricted Area,Center(C),Less Than 8 ft.,-17,4,1,Made Shot,1,0.6666666666666666,0.8,0.6,0.4768392370572207,0.4771953710006807,0.6357229972925678,0.669997064883032,0.7796841529183747,0.15888376023534706,0.1931578278258113,0.302844915861154
22500661,2026-01-26,819,13,3,9,7,Step Back Jump shot,3PT Field Goal,24,Above the Break 3,Center(C),24+ ft.,-76,236,1,Made Shot,2,0.6666666666666666,0.8,0.7,0.4771953710006807,0.4775510204081633,0.6986847071685585,0.773614840280415,0.8363898291559984,0.22148933616787775,0.29641946927973434,0.35919445815531764
22500661,2026-01-26,820,14,3,8,2,Step Back Jump shot,3PT Field Goal,25,Above the Break 3,Right Side Center(RC),24+ ft.,130,218,1,Made Shot,3,1.0,0.8,0.8,0.4775510204081633,0.477906186267845,0.7423091054506075,0.8150604901586169,0.8420603967797047,0.2647580850424442,0.33750946975045365,0.3645093763715414
22500661,2026-01-26,821,15,3,6,48,Pullup Jump shot,2PT Field Goal,8,In The Paint (Non-RA),Center(C),8-16 ft.,9,87,0,Missed Shot,4,1.0,0.8,0.8,0.477906186267845,0.47758152173913043,0.7726291493032329,0.8316385164741502,0.8426274535420748,0.2947229630353879,0.35373233020630523,0.3647212672742298
22500661,2026-01-26,822,16,3,3,33,Driving Layup Shot,2PT Field Goal,0,Restricted Area,Center(C),Less Than 8 ft.,-1,3,1,Made Shot,-1,0.6666666666666666,0.8,0.7,0.47758152173913043,0.47793618465716226,0.5827460608247148,0.4182692386471806,0.21268415921831113,0.10516453908558437,0.05931228309194986,0.2648973625208193
22500661,2026-01-26,823,17,3,2,44,Step Back Jump shot,3PT Field Goal,25,Above the Break 3,Left Side Center(LC),24+ ft.,-184,179,0,Missed Shot,1,0.6666666666666666,0.8,0.8,0.47793618465716226,0.47761194029850745,0.6609894060981023,0.672922080740838,0.7796898297859354,0.18305322144094005,0.19498589608367578,0.3017536451287731
22500661,2026-01-26,824,18,3,0,55,Step Back Jump shot,3PT Field Goal,25,Above the Break 3,Right Side Center(RC),24+ ft.,205,146,1,Made Shot,-1,0.3333333333333333,0.6,0.7,0.47761194029850745,0.47796610169491527,0.5051371623476757,0.3547830535498694,0.20639039684269783,0.02752522204916824,0.12282888674863807,0.2712215434558096
22500661,2026-01-26,825,19,3,0,33,Running Pull-Up Jump Shot,3PT Field Goal,33,Above the Break 3,Center(C),24+ ft.,-72,331,0,Missed Shot,1,0.6666666666666666,0.6,0.7,0.47796610169491527,0.47764227642276424,0.6065683234801142,0.6475275174465971,0.779060453548374,0.12860222178519898,0.16956141575168182,0.3010943518534588
22500661,2026-01-26,826,20,4,6,35,Fadeaway Jump Shot,2PT Field Goal,14,In The Paint (Non-RA),Center(C),8-16 ft.,-52,130,1,Made Shot,-1,0.3333333333333333,0.4,0.6,0.47764227642276424,0.4779959377115775,0.4672461525083909,0.34462527456192826,0.20632745921894172,0.010396123914373334,0.13301700186083598,0.27131481720382256
22500661,2026-01-26,827,21,4,5,11,Jump Shot,2PT Field Goal,20,Mid-Range,Left Side Center(LC),16-24 ft.,-161,128,0,Missed Shot,1,0.6666666666666666,0.6,0.7,0.4779959377115775,0.4776725304465494,0.579969389135724,0.643464389019945,0.7790541597859983,0.10197345142414654,0.16546845130836746,0.30105822207442084
22500661,2026-01-26,828,22,4,4,18,Step Back Jump shot,2PT Field Goal,20,Mid-Range,Center(C),16-24 ft.,-33,207,0,Missed Shot,-1,0.3333333333333333,0.4,0.6,0.4776725304465494,0.47734956051386074,0.4487123972997863,0.3430000301959246,0.20632682984270417,0.0289601331467631,0.13467250025062477,0.2713457006038452
22500661,2026-01-26,829,23,4,3,42,Jump Shot,3PT Field Goal,26,Above the Break 3,Left Side Center(LC),24+ ft.,-188,180,1,Made Shot,-2,0.3333333333333333,0.4,0.5,0.47734956051386074,0.4777027027027027,0.3568699072944942,0.22281428777633977,0.14905409684837473,0.12047965321936654,0.25453527273752097,0.328295463665486
22500661,2026-01-26,830,24,4,3,6,Jump Shot,3PT Field Goal,24,Above the Break 3,Left Side Center(LC),24+ ft.,-196,153,1,Made Shot,1,0.3333333333333333,0.4,0.5,0.4777027027027027,0.47805536799459825,0.5026559728807947,0.5947399912816582,0.7733268235489417,0.024953270178091957,0.11703728857895551,0.29562412084623896
22500661,2026-01-26,831,25,4,1,17,Jump Shot,3PT Field Goal,33,Above the Break 3,Center(C),24+ ft.,-53,326,0,Missed Shot,2,0.6666666666666666,0.6,0.5,0.47805536799459825,0.4777327935222672,0.6046858659838161,0.7435102724639413,0.8357540962189984,0.12663049798921788,0.26545490446934306,0.3576987282244002
22500671,2026-01-28,832,1,1,11,9,Step Back Jump shot,3PT Field Goal,28,Above the Break 3,Right Side Center(RC),24+ ft.,203,193,0,Missed Shot,-1,0.6666666666666666,0.4,0.5,0.4756348661633493,0.47530864197530864,0.4756348661633493,0.4756348661633493,0.4756348661633493,0.0,0.0,0.0
22500671,2026-01-28,833,2,1,10,35,Driving Floating Jump Shot,2PT Field Goal,8,Mid-Range,Left Side(L),8-16 ft.,-89,-7,0,Missed Shot,-2,0.3333333333333333,0.4,0.4,0.47530864197530864,0.47498286497601094,0.1426904598490048,0.1426904598490048,0.1426904598490048,0.33261818212630384,0.33261818212630384,0.33261818212630384
22500671,2026-01-28,834,3,1,9,26,Floating Jump shot,2PT Field Goal,10,Mid-Range,Right Side(R),8-16 ft.,98,27,0,Missed Shot,-3,0.0,0.4,0.4,0.47498286497601094,0.47465753424657536,0.1426904598490048,0.1426904598490048,0.1426904598490048,0.33229240512700614,0.33229240512700614,0.33229240512700614
22500671,2026-01-28,835,4,1,7,58,Step Back Jump shot,3PT Field Goal,24,Left Corner 3,Left Side(L),24+ ft.,-234,82,0,Missed Shot,-4,0.0,0.2,0.3,0.47465753424657536,0.47433264887063653,0.1426904598490048,0.1426904598490048,0.1426904598490048,0.33196707439757056,0.33196707439757056,0.33196707439757056
22500671,2026-01-28,836,5,2,10,27,Fadeaway Jump Shot,2PT Field Goal,12,In The Paint (Non-RA),Left Side(L),8-16 ft.,-67,106,1,Made Shot,-5,0.0,0.0,0.3,0.47433264887063653,0.4746922024623803,0.1426904598490048,0.1426904598490048,0.1426904598490048,0.33164218902163173,0.33164218902163173,0.33164218902163173
22500671,2026-01-28,837,6,2,9,51,Step Back Jump shot,3PT Field Goal,25,Above the Break 3,Left Side Center(LC),24+ ft.,-201,150,0,Missed Shot,1,0.3333333333333333,0.2,0.3,0.4746922024623803,0.47436773752563227,0.39511554369019336,0.5670357556782967,0.7726967599120054,0.07957665877218695,0.09234355321591636,0.29800455744962506
22500671,2026-01-28,838,7,2,8,3,Step Back Jump shot,3PT Field Goal,25,Above the Break 3,Left Side Center(LC),24+ ft.,-162,200,1,Made Shot,-1,0.3333333333333333,0.2,0.3,0.47436773752563227,0.47472677595628415,0.30929082636981114,0.31138141801364716,0.20569052284906778,0.16507691115582113,0.1629863195119851,0.26867721467656447
22500671,2026-01-28,839,8,2,6,30,Driving Finger Roll Layup Shot,2PT Field Goal,0,Restricted Area,Center(C),Less Than 8 ft.,-7,6,1,Made Shot,1,0.6666666666666666,0.4,0.4,0.47472677595628415,0.4750853242320819,0.48367173399435304,0.6306899982927912,0.7789905234790111,0.008944958038068884,0.155963222336507,0.30426374752272695
22500671,2026-01-28,840,9,2,4,38,Step Back Jump shot,2PT Field Goal,16,Mid-Range,Right Side Center(RC),16-24 ft.,96,129,1,Made Shot,2,0.6666666666666666,0.6,0.4,0.4750853242320819,0.47544338335607095,0.597966200286503,0.7579736918679405,0.8363204667853048,0.12288087605442116,0.2828883676358586,0.3612351425532229
22500671,2026-01-28,841,10,2,1,29,Step Back Jump shot,3PT Field Goal,25,Above the Break 3,Left Side Center(LC),24+ ft.,-196,166,0,Missed Shot,3,1.0,0.8,0.4,0.47544338335607095,0.47511929107021134,0.6744707111191204,0.8088170809459656,0.8420534605483678,0.19902732776304943,0.33337369758989466,0.3666100771922969
22500671,2026-01-28,842,11,2,0,38,Cutting Layup Shot,2PT Field Goal,1,Restricted Area,Center(C),Less Than 8 ft.,-12,9,1,Made Shot,-1,0.6666666666666666,0.6,0.4,0.47511929107021134,0.47547683923705725,0.5102991967994706,0.40909919482957385,0.2126267598559984,0.03517990572925922,0.06602009624063748,0.2624925312142129
22500671,2026-01-28,843,12,2,0,2,Pullup Jump shot,2PT Field Goal,7,In The Paint (Non-RA),Center(C),Less Than 8 ft.,76,17,1,Made Shot,1,0.6666666666666666,0.8,0.5,0.47547683923705725,0.4758339006126617,0.6120280882911534,0.6692648659803841,0.7796840898553747,0.13655124905409616,0.1937880267433269,0.3042072506183175
22500671,2026-01-28,844,13,3,10,57,Step Back Jump shot,2PT Field Goal,17,Mid-Range,Left Side Center(LC),16-24 ft.,-114,127,0,Missed Shot,2,0.6666666666666666,0.8,0.6,0.4758339006126617,0.47551020408163264,0.6821980422440519,0.773321968090035,0.8363898228496984,0.20636414163139022,0.2974880674773733,0.36055592223703675
22500671,2026-01-28,845,14,3,9,47,Fadeaway Jump Shot,2PT Field Goal,10,In The Paint (Non-RA),Center(C),8-16 ft.,-21,100,1,Made Shot,-1,0.6666666666666666,0.6,0.6,0.47551020408163264,0.47586675730795375,0.5187622543501246,0.39494052387052886,0.21206039614901173,0.04325205026849194,0.08056968021110378,0.2634498079326209
22500671,2026-01-28,846,15,3,9,16,Turnaround Bank shot,2PT Field Goal,7,In The Paint (Non-RA),Center(C),Less Than 8 ft.,64,31,1,Made Shot,1,0.6666666666666666,0.6,0.7,0.47586675730795375,0.47622282608695654,0.6166043033510613,0.6635912066112997,0.7796274534790111,0.14073754604310756,0.18772444930334592,0.30376069617105733
22500671,2026-01-28,847,16,3,8,29,Fadeaway Jump Shot,2PT Field Goal,11,Mid-Range,Right Side(R),8-16 ft.,116,11,1,Made Shot,2,0.6666666666666666,0.8,0.7,0.47622282608695654,0.47657841140529533,0.6847536937231007,0.7710508739378619,0.8363841592120054,0.20853086763614415,0.29482804785090533,0.36016133312504883
22500671,2026-01-28,848,17,3,5,20,Step Back Jump shot,3PT Field Goal,26,Above the Break 3,Left Side Center(LC),24+ ft.,-188,180,1,Made Shot,3,1.0,0.8,0.8,0.47657841140529533,0.4769335142469471,0.7322927096424112,0.8140346439459363,0.8420598297853048,0.2557142982371159,0.33745623254064094,0.36548141838000947
22500671,2026-01-28,849,18,3,2,57,Step Back Jump shot,3PT Field Goal,27,Above the Break 3,Left Side Center(LC),24+ ft.,-224,160,0,Missed Shot,4,1.0,0.8,0.8,0.4769335142469471,0.4766101694915254,0.7654892600101357,0.8312281364415968,0.8426273968426345,0.28855574576318865,0.3542946221946497,0.36569388259568747
22500671,2026-01-28,850,19,3,1,19,Step Back Jump shot,3PT Field Goal,26,Above the Break 3,Left Side Center(LC),24+ ft.,-205,173,1,Made Shot,-1,0.6666666666666666,0.8,0.7,0.4766101694915254,0.47696476964769646,0.5783448714947654,0.4181055020964704,0.21268415354836778,0.10173470200324003,0.058504667395055,0.2639260159431576
22500671,2026-01-28,851,20,3,0,27,Driving Layup Shot,2PT Field Goal,2,Restricted Area,Center(C),Less Than 8 ft.,22,18,1,Made Shot,1,0.6666666666666666,0.8,0.7,0.47696476964769646,0.47731888964116453,0.6577390485913426,0.6728564837505326,0.7796898292189409,0.18077427894364612,0.19589171410283618,0.30272505957124446
22500688,2026-01-30,852,1,1,10,55,Pullup Jump shot,2PT Field Goal,9,In The Paint (Non-RA),Center(C),8-16 ft.,-2,95,1,Made Shot,2,0.6666666666666666,0.8,0.8,0.4756348661633493,0.47599451303155005,0.4756348661633493,0.4756348661633493,0.4756348661633493,0.0,0.0,0.0
22500688,2026-01-30,853,2,1,9,37,Pullup Jump shot,2PT Field Goal,18,Mid-Range,Left Side Center(LC),16-24 ft.,-71,173,1,Made Shot,3,1.0,0.8,0.8,0.47599451303155005,0.47635366689513364,0.8426904598490048,0.8426904598490048,0.8426904598490048,0.36669594681745477,0.36669594681745477,0.36669594681745477
22500688,2026-01-30,854,3,1,7,52,Jump Shot,3PT Field Goal,26,Above the Break 3,Left Side Center(LC),24+ ft.,-170,205,1,Made Shot,4,1.0,0.8,0.8,0.47635366689513364,0.4767123287671233,0.8426904598490048,0.8426904598490048,0.8426904598490048,0.36633679295387117,0.36633679295387117,0.36633679295387117
22500688,2026-01-30,855,4,1,7,29,Step Back Jump shot,3PT Field Goal,26,Above the Break 3,Right Side Center(RC),24+ ft.,174,204,1,Made Shot,5,1.0,1.0,0.9,0.4767123287671233,0.47707049965776865,0.8426904598490048,0.8426904598490048,0.8426904598490048,0.36597813108188154,0.36597813108188154,0.36597813108188154
22500688,2026-01-30,856,5,1,6,11,Jump Shot,3PT Field Goal,34,Above the Break 3,Right Side Center(RC),24+ ft.,192,288,0,Missed Shot,6,1.0,1.0,0.9,0.47707049965776865,0.47674418604651164,0.8426904598490048,0.8426904598490048,0.8426904598490048,0.36561996019123616,0.36561996019123616,0.36561996019123616
22500688,2026-01-30,857,6,1,3,52,Step Back Jump shot,3PT Field Goal,26,Above the Break 3,Center(C),24+ ft.,-45,262,1,Made Shot,-1,0.6666666666666666,0.8,0.8,0.47674418604651164,0.47710184552289814,0.5902653760078161,0.41834516401971283,0.21268415978600416,0.1135211899613045,0.05839902202679881,0.2640600262605075
22500688,2026-01-30,858,7,1,2,49,Driving Floating Bank Jump Shot,2PT Field Goal,8,In The Paint (Non-RA),Right Side(R),8-16 ft.,77,29,1,Made Shot,1,0.6666666666666666,0.8,0.8,0.47710184552289814,0.4774590163934426,0.6760900933281984,0.6739995016843625,0.7796903968489417,0.19898824780530022,0.19689765616146437,0.30258855132604356
22500688,2026-01-30,859,8,1,2,45,Jump Shot,3PT Field Goal,26,Above the Break 3,Left Side Center(LC),24+ ft.,-98,247,0,Missed Shot,2,0.6666666666666666,0.8,0.8,0.4774590163934426,0.47713310580204776,0.7305556784186553,0.7753801786843446,0.8363904592190048,0.2530966620252127,0.297921162290902,0.35893144282556216
22500688,2026-01-30,860,9,1,1,17,Running Jump Shot,3PT Field Goal,22,Left Corner 3,Left Side(L),24+ ft.,-228,-16,0,Missed Shot,-1,0.6666666666666666,0.6,0.8,0.47713310580204776,0.4768076398362892,0.5434073862280746,0.3955174005128383,0.21206045354270472,0.06627428042602684,0.08161570528920947,0.26507265225934307
22500688,2026-01-30,861,10,2,6,10,Turnaround Fadeaway shot,2PT Field Goal,13,In The Paint (Non-RA),Center(C),8-16 ft.,32,129,1,Made Shot,-2,0.3333333333333333,0.4,0.7,0.4768076398362892,0.47716428084526247,0.4181372046376344,0.24378145944800372,0.1496274591559418,0.058670435198654836,0.2330261803882855,0.3271801806803474
22500688,2026-01-30,862,11,2,2,59,Jump Shot,3PT Field Goal,25,Above the Break 3,Center(C),24+ ft.,-64,251,1,Made Shot,1,0.3333333333333333,0.6,0.7,0.47716428084526247,0.4775204359673024,0.5492055371883741,0.6031645437363033,0.7733841598420741,0.07204125634311159,0.12600026289104088,0.2962198789968116
22500688,2026-01-30,863,12,2,2,28,Pullup Jump shot,2PT Field Goal,17,Mid-Range,Right Side Center(RC),16-24 ft.,87,152,0,Missed Shot,2,0.6666666666666666,0.6,0.7,0.4775204359673024,0.4771953710006807,0.639027079360916,0.7468861215238101,0.8357598298489355,0.16150664339361354,0.26936568555650764,0.35823939388163306
22500688,2026-01-30,864,13,2,1,12,Pullup Jump shot,3PT Field Goal,24,Above the Break 3,Left Side Center(LC),24+ ft.,-212,130,1,Made Shot,-1,0.6666666666666666,0.4,0.6,0.4771953710006807,0.4775510204081633,0.48803618517619607,0.38436264238421236,0.2119973968483741,0.010840814175515356,0.09283272861646835,0.2651979741523066
22500688,2026-01-30,865,14,3,10,25,Jump Shot,3PT Field Goal,28,Above the Break 3,Left Side Center(LC),24+ ft.,-123,254,0,Missed Shot,1,0.6666666666666666,0.6,0.6,0.4775510204081633,0.4772263766145479,0.5954734162782735,0.6593611783470228,0.7796211535489985,0.11792239587011027,0.18181015793885952,0.30207013314083525
22500688,2026-01-30,866,15,3,9,41,Step Back Jump shot,2PT Field Goal,18,Mid-Range,Left Side(L),16-24 ft.,-185,-3,1,Made Shot,-1,0.3333333333333333,0.6,0.5,0.4772263766145479,0.47758152173913043,0.4587109749171905,0.3493579150895387,0.20638352921899844,0.018515401697357436,0.12786846152500925,0.2708428473955495
22500688,2026-01-30,867,16,3,9,8,Fadeaway Jump Shot,2PT Field Goal,14,Mid-Range,Left Side(L),8-16 ft.,-142,16,1,Made Shot,1,0.6666666666666666,0.6,0.6,0.47758152173913043,0.47793618465716226,0.5744543190423355,0.6453577597726314,0.7790597667860046,0.09687279730320503,0.167776238033501,0.3014782450468742
22500688,2026-01-30,868,17,3,8,13,Running Layup Shot,2PT Field Goal,3,Restricted Area,Center(C),Less Than 8 ft.,-37,-1,1,Made Shot,2,0.6666666666666666,0.6,0.6,0.47793618465716226,0.47829036635006783,0.6551934811812974,0.7637574306707269,0.8363273905427047,0.17725729652413513,0.2858212460135646,0.3583912058855424
22500688,2026-01-30,869,18,3,7,19,Running Jump Shot,3PT Field Goal,25,Above the Break 3,Right Side Center(RC),24+ ft.,181,184,1,Made Shot,3,1.0,0.8,0.6,0.47829036635006783,0.4786440677966102,0.7115737324499232,0.8111172563140496,0.8420541529183747,0.23328336609985534,0.3328268899639818,0.3637637865683069
22500688,2026-01-30,870,19,3,5,59,Step Back Jump shot,3PT Field Goal,26,Above the Break 3,Left Side Center(LC),24+ ft.,-92,252,0,Missed Shot,4,1.0,0.8,0.7,0.4786440677966102,0.47831978319783197,0.7509729088242019,0.8300611797368391,0.8426268291559418,0.2723288410275917,0.35141711194022895,0.3639827613593316
22500688,2026-01-30,871,20,3,1,8,Pullup Jump shot,3PT Field Goal,28,Above the Break 3,Right Side Center(RC),24+ ft.,199,201,0,Missed Shot,-1,0.6666666666666666,0.8,0.7,0.47831978319783197,0.4779959377115775,0.5682799243134887,0.4176387364675568,0.21268409677969846,0.08996014111565676,0.06068104673027519,0.2656356864181335
22500688,2026-01-30,872,21,3,0,0,Pullup Jump shot,3PT Field Goal,26,Above the Break 3,Center(C),24+ ft.,51,260,0,Missed Shot,-2,0.3333333333333333,0.6,0.6,0.4779959377115775,0.4776725304465494,0.4405011273762195,0.2526697686825726,0.14968982354207416,0.03749481033535801,0.22532616902900487,0.32830611416950334
22500708,2026-02-01,873,1,1,11,31,Running Layup Shot,2PT Field Goal,0,Restricted Area,Center(C),Less Than 8 ft.,-2,9,1,Made Shot,-3,0.0,0.4,0.5,0.4756348661633493,0.47599451303155005,0.4756348661633493,0.4756348661633493,0.4756348661633493,0.0,0.0,0.0
22500708,2026-02-01,874,2,1,11,3,Pullup Jump shot,3PT Field Goal,27,Above the Break 3,Right Side Center(RC),24+ ft.,88,261,0,Missed Shot,1,0.3333333333333333,0.4,0.6,0.47599451303155005,0.4756682659355723,0.8426904598490048,0.8426904598490048,0.8426904598490048,0.36669594681745477,0.36669594681745477,0.36669594681745477
22500708,2026-02-01,875,3,1,8,54,Driving Floating Jump Shot,2PT Field Goal,14,In The Paint (Non-RA),Center(C),8-16 ft.,72,127,0,Missed Shot,-1,0.3333333333333333,0.2,0.5,0.4756682659355723,0.47534246575342465,0.43092575396665184,0.3426904598490048,0.2063268234853684,0.044742511968920484,0.1329778060865675,0.2693414424502039
22500708,2026-02-01,876,4,1,7,6,Jump Shot,3PT Field Goal,24,Above the Break 3,Left Side Center(LC),24+ ft.,-120,216,0,Missed Shot,-2,0.3333333333333333,0.2,0.5,0.47534246575342465,0.4750171115674196,0.29931146441521483,0.21448533164387662,0.1489967661553111,0.1760310013382098,0.26085713410954803,0.32634569959811355
22500708,2026-02-01,877,5,1,5,30,Driving Floating Jump Shot,2PT Field Goal,4,In The Paint (Non-RA),Center(C),Less Than 8 ft.,-43,19,0,Missed Shot,-3,0.0,0.2,0.4,0.4750171115674196,0.4746922024623803,0.23747924784742563,0.17027666674555653,0.14332052285530544,0.23753786371999397,0.3047404448218631,0.33169658871211416
22500708,2026-02-01,878,6,1,4,59,Step Back Jump shot,3PT Field Goal,24,Above the Break 3,Left Side Center(LC),24+ ft.,-134,206,1,Made Shot,-4,0.0,0.2,0.3,0.4746922024623803,0.4750512645249487,0.20329772247927416,0.15355369942223468,0.1427534604790111,0.2713944799831062,0.32113850304014563,0.3319387419833692
22500708,2026-02-01,879,7,1,3,48,Step Back Jump shot,3PT Field Goal,25,Above the Break 3,Center(C),24+ ft.,-71,242,1,Made Shot,1,0.3333333333333333,0.2,0.3,0.4750512645249487,0.47540983606557374,0.42069173145180233,0.5687363437896256,0.7726973898559348,0.05435953307314639,0.09368507926467684,0.2976461253309861
22500708,2026-02-01,880,8,2,8,33,Step Back Jump shot,3PT Field Goal,25,Above the Break 3,Left Side Center(LC),24+ ft.,-183,176,1,Made Shot,2,0.6666666666666666,0.4,0.3,0.47540983606557374,0.4757679180887372,0.5586530584859297,0.7333785632375966,0.8356911591490748,0.08324322242035598,0.2579687271720229,0.360281323083501
22500708,2026-02-01,881,9,2,6,28,Step Back Jump shot,3PT Field Goal,25,Above the Break 3,Left Side Center(LC),24+ ft.,-181,174,0,Missed Shot,3,1.0,0.6,0.4,0.4757679180887372,0.47544338335607095,0.649077041576285,0.7990087125791139,0.8419905298420054,0.1733091234875478,0.3232407944903767,0.3662226117532682
22500708,2026-02-01,882,10,2,5,2,Running Pull-Up Jump Shot,3PT Field Goal,27,Above the Break 3,Right Side Center(RC),24+ ft.,127,240,0,Missed Shot,-1,0.6666666666666666,0.6,0.4,0.47544338335607095,0.47511929107021134,0.49077292494925134,0.4051145039376184,0.2126204662189348,0.015329541593180396,0.07032887941845256,0.2628229171371361
22500708,2026-02-01,883,11,2,3,56,Driving Layup Shot,2PT Field Goal,1,Restricted Area,Center(C),Less Than 8 ft.,6,15,1,Made Shot,-2,0.3333333333333333,0.6,0.4,0.47511929107021134,0.47547683923705725,0.38331270004030227,0.2476435654597717,0.1496834604797041,0.09180659102990907,0.22747572561043963,0.32543583059050724
22500708,2026-02-01,884,12,2,2,28,Step Back Jump shot,3PT Field Goal,26,Above the Break 3,Right Side Center(RC),24+ ft.,141,221,0,Missed Shot,1,0.3333333333333333,0.6,0.4,0.47547683923705725,0.47515316541865216,0.5239060172428294,0.6046866775668442,0.7733897599183117,0.04842917800577212,0.129209838329787,0.29791292068125447
22500708,2026-02-01,885,13,2,1,31,Driving Floating Bank Jump Shot,2PT Field Goal,6,In The Paint (Non-RA),Center(C),Less Than 8 ft.,-51,40,1,Made Shot,-1,0.3333333333333333,0.4,0.4,0.47515316541865216,0.47551020408163264,0.40793617817549727,0.3274842962519136,0.20576038985536785,0.06721698724315489,0.14766886916673855,0.26939277556328434
22500708,2026-02-01,886,14,2,0,31,Jump Shot,3PT Field Goal,29,Above the Break 3,Left Side Center(LC),24+ ft.,-124,268,0,Missed Shot,1,0.6666666666666666,0.4,0.5,0.47551020408163264,0.4751869476546567,0.5396385135720357,0.636610068918112,0.7789974528496983,0.0641283094904031,0.16109986483647937,0.3034872487680657
22500708,2026-02-01,887,15,3,11,44,Jump Shot,3PT Field Goal,25,Above the Break 3,Center(C),24+ ft.,38,251,0,Missed Shot,-1,0.3333333333333333,0.4,0.5,0.4751869476546567,0.4748641304347826,0.419740924341173,0.3402575079612993,0.2063211591490684,0.055446023313483694,0.1349294396933574,0.2688657885055883
22500708,2026-02-01,888,16,3,10,38,Fadeaway Jump Shot,2PT Field Goal,12,Mid-Range,Right Side(R),8-16 ft.,121,43,1,Made Shot,-2,0.3333333333333333,0.4,0.5,0.4748641304347826,0.47522063815342835,0.3362293084603335,0.22171715181218438,0.1490535297790111,0.1386348219744491,0.2531469786225982,0.3258106006557715
22500708,2026-02-01,889,17,3,7,8,Driving Floating Jump Shot,2PT Field Goal,11,In The Paint (Non-RA),Center(C),8-16 ft.,-28,115,1,Made Shot,1,0.3333333333333333,0.4,0.5,0.47522063815342835,0.4755766621438263,0.4886742731697222,0.5943012966579484,0.7733267668420056,0.013453635016293819,0.11908065850452004,0.2981061286885773
22500708,2026-02-01,890,18,3,4,45,Driving Finger Roll Layup Shot,2PT Field Goal,2,Restricted Area,Center(C),Less Than 8 ft.,21,8,0,Missed Shot,2,0.6666666666666666,0.6,0.5,0.4755766621438263,0.4752542372881356,0.5951267701644178,0.7433348201763466,0.8357540905483047,0.11955010802059152,0.26775815803252023,0.3601774284044784
22500708,2026-02-01,891,19,3,3,45,Step Back Jump shot,3PT Field Goal,25,Above the Break 3,Left Side Center(LC),24+ ft.,-123,227,1,Made Shot,-1,0.6666666666666666,0.4,0.4,0.4752542372881356,0.47560975609756095,0.4591744905289687,0.38294817921436014,0.2119968229189348,0.016079746759166902,0.09230605807377545,0.2632574143692008
22500708,2026-02-01,892,20,4,7,40,Driving Floating Jump Shot,2PT Field Goal,5,In The Paint (Non-RA),Center(C),Less Than 8 ft.,51,8,0,Missed Shot,1,0.6666666666666666,0.6,0.5,0.47560975609756095,0.4752877454299255,0.5743605807418946,0.6587935551775268,0.7796210961559977,0.0987508246443336,0.18318379907996585,0.3040113400584368
22500708,2026-02-01,893,21,4,6,28,Jump Shot,3PT Field Goal,27,Above the Break 3,Right Side Center(RC),24+ ft.,200,184,0,Missed Shot,-1,0.3333333333333333,0.6,0.5,0.4752877454299255,0.4749661705006766,0.4447561301456743,0.34913169457564547,0.20638352347970407,0.030531615284251246,0.12615605085428006,0.26890422195022146
22500708,2026-02-01,894,22,4,4,48,Step Back Jump shot,3PT Field Goal,24,Above the Break 3,Left Side Center(LC),24+ ft.,-229,92,1,Made Shot,-2,0.3333333333333333,0.4,0.4,0.4749661705006766,0.4753211629479378,0.35408578551068254,0.2252669531948982,0.14905976621207473,0.12088038498999404,0.24969921730577838,0.32590640428860185
22500708,2026-02-01,895,23,4,3,19,Pullup Jump shot,3PT Field Goal,28,Above the Break 3,Left Side Center(LC),24+ ft.,-223,176,0,Missed Shot,1,0.3333333333333333,0.4,0.5,0.4753211629479378,0.475,0.5007245209336086,0.5957210578390718,0.7733273904853117,0.025403357985670838,0.12039989489113401,0.29800622753737394
22500719,2026-02-03,896,1,1,11,15,Fadeaway Jump Shot,2PT Field Goal,10,In The Paint (Non-RA),Center(C),8-16 ft.,-40,94,1,Made Shot,-1,0.3333333333333333,0.4,0.4,0.4756348661633493,0.47599451303155005,0.4756348661633493,0.4756348661633493,0.4756348661633493,0.0,0.0,0.0
22500719,2026-02-03,897,2,1,8,50,Running Pull-Up Jump Shot,3PT Field Goal,26,Above the Break 3,Right Side Center(RC),24+ ft.,98,248,1,Made Shot,1,0.6666666666666666,0.4,0.5,0.47599451303155005,0.47635366689513364,0.8426904598490048,0.8426904598490048,0.8426904598490048,0.36669594681745477,0.36669594681745477,0.36669594681745477
22500719,2026-02-03,898,3,1,7,4,Pullup Jump shot,3PT Field Goal,24,Above the Break 3,Right Side Center(RC),24+ ft.,76,231,0,Missed Shot,2,0.6666666666666666,0.6,0.6,0.47635366689513364,0.476027397260274,0.8426904598490048,0.8426904598490048,0.8426904598490048,0.36633679295387117,0.36633679295387117,0.36633679295387117
22500719,2026-02-03,899,4,1,5,23,Running Pull-Up Jump Shot,3PT Field Goal,24,Above the Break 3,Center(C),24+ ft.,-29,243,1,Made Shot,-1,0.6666666666666666,0.6,0.5,0.476027397260274,0.47638603696098564,0.5230557566526577,0.3939725111310561,0.21205982921837416,0.0470283593923837,0.08205488612921791,0.2639675680418998
22500719,2026-02-03,900,5,1,2,50,Step Back Jump shot,3PT Field Goal,24,Above the Break 3,Center(C),24+ ft.,61,241,1,Made Shot,1,0.6666666666666666,0.6,0.5,0.47638603696098564,0.47674418604651164,0.6492439537297785,0.6702766667455564,0.7796841592189416,0.17285791676879286,0.19389062978457078,0.303298122257956
22500719,2026-02-03,901,6,2,7,5,Running Pull-Up Jump Shot,3PT Field Goal,24,Above the Break 3,Right Side Center(RC),24+ ft.,88,230,0,Missed Shot,2,0.6666666666666666,0.8,0.6,0.47674418604651164,0.4764183185235817,0.7190021687668222,0.774795212516318,0.8363903968483748,0.24225798272031057,0.29805102646980636,0.35964621080186315
22500719,2026-02-03,902,7,2,5,45,Pullup Jump shot,3PT Field Goal,35,Above the Break 3,Right Side Center(RC),24+ ft.,109,335,0,Missed Shot,-1,0.6666666666666666,0.6,0.5,0.4764183185235817,0.4760928961748634,0.5230557566526577,0.3939725111310561,0.21205982921837413,0.046637438129076,0.0824458073925256,0.26435848930520756
22500719,2026-02-03,903,8,2,3,14,Step Back Jump shot,3PT Field Goal,26,Above the Break 3,Right Side Center(RC),24+ ft.,147,224,0,Missed Shot,-2,0.3333333333333333,0.4,0.5,0.4760928961748634,0.4757679180887372,0.3987053793326355,0.24295585467188263,0.14962739054269786,0.07738751684222789,0.23313704150298076,0.32646550563216553
22500719,2026-02-03,904,9,2,2,10,Driving Floating Jump Shot,2PT Field Goal,5,In The Paint (Non-RA),Center(C),Less Than 8 ft.,-2,52,0,Missed Shot,-3,0.0,0.4,0.5,0.4757679180887372,0.47544338335607095,0.3172024200773691,0.18275716596552533,0.14338415285594172,0.1585654980113681,0.29301075212321187,0.33238376523279545
22500719,2026-02-03,905,10,2,1,35,Jump Shot,3PT Field Goal,23,Left Corner 3,Left Side(L),24+ ft.,-235,0,0,Missed Shot,-4,0.0,0.2,0.4,0.47544338335607095,0.47511929107021134,0.2626473376528481,0.15871083869519706,0.14275982914907417,0.21279604570322286,0.31673254466087386,0.3326835542069968
22500719,2026-02-03,906,11,3,9,40,Jump Shot,3PT Field Goal,26,Above the Break 3,Right Side Center(RC),24+ ft.,92,249,0,Missed Shot,-5,0.0,0.0,0.4,0.47511929107021134,0.47479564032697547,0.2256141792475148,0.14909760336669692,0.1426973967790055,0.24950511182269652,0.3260216877035144,0.33242189429120583
22500719,2026-02-03,907,12,3,8,8,Step Back Jump shot,3PT Field Goal,26,Above the Break 3,Left Side Center(LC),24+ ft.,-138,225,1,Made Shot,-6,0.0,0.0,0.3,0.47479564032697547,0.47515316541865216,0.20023523885243996,0.14525315600827232,0.14269115354200482,0.27456040147453553,0.32954248431870314,0.3321044867849706
22500719,2026-02-03,908,13,3,7,2,Fadeaway Jump Shot,2PT Field Goal,13,In The Paint (Non-RA),Center(C),8-16 ft.,59,116,1,Made Shot,1,0.3333333333333333,0.2,0.3,0.47515316541865216,0.47551020408163264,0.39567697028725946,0.5637225590642763,0.7726905292189348,0.0794761951313927,0.0885693936456241,0.2975373638002826
22500719,2026-02-03,909,14,3,6,34,Turnaround Jump Shot,2PT Field Goal,13,Mid-Range,Left Side(L),8-16 ft.,-103,81,0,Missed Shot,2,0.6666666666666666,0.4,0.4,0.47551020408163264,0.4751869476546567,0.531093050152921,0.7311044228157864,0.8356904667860041,0.05558284607128833,0.2555942187341537,0.3601802627043715
22500719,2026-02-03,910,15,3,5,12,Driving Floating Jump Shot,2PT Field Goal,12,In The Paint (Non-RA),Center(C),8-16 ft.,-26,125,0,Missed Shot,-1,0.6666666666666666,0.4,0.3,0.4751869476546567,0.4748641304347826,0.4137766058683622,0.3780550973261506,0.2119904605426985,0.06141034178629451,0.09713185032850608,0.2631964871119582
22500719,2026-02-03,911,16,3,4,6,Driving Finger Roll Layup Shot,2PT Field Goal,1,Restricted Area,Center(C),Less Than 8 ft.,17,1,1,Made Shot,-2,0.3333333333333333,0.4,0.2,0.4748641304347826,0.47522063815342835,0.3320628208419317,0.23683616320718726,0.1496204599183741,0.14280130959285087,0.23802796722759534,0.32524367051640846
22500719,2026-02-03,912,17,3,2,26,Driving Layup Shot,2PT Field Goal,2,Restricted Area,Center(C),Less Than 8 ft.,16,21,1,Made Shot,1,0.3333333333333333,0.6,0.3,0.47522063815342835,0.4755766621438263,0.48576189962543603,0.6003488973198082,0.7733834598559419,0.01054126147200768,0.12512825916637987,0.29816282170251357
22500719,2026-02-03,913,18,3,1,59,Step Back Jump shot,3PT Field Goal,25,Above the Break 3,Right Side Center(RC),24+ ft.,194,167,0,Missed Shot,2,0.6666666666666666,0.6,0.4,0.4755766621438263,0.4752542372881356,0.59309014594357,0.7457538598177085,0.8357597598496984,0.11751348379974369,0.27017719767388215,0.3601830977058721
22500740,2026-02-05,914,1,1,11,25,Pullup Jump shot,2PT Field Goal,10,In The Paint (Non-RA),Center(C),8-16 ft.,-42,92,1,Made Shot,-1,0.6666666666666666,0.4,0.4,0.4756348661633493,0.47599451303155005,0.4756348661633493,0.4756348661633493,0.4756348661633493,0.0,0.0,0.0
22500740,2026-02-05,915,2,1,8,31,Jump Shot,3PT Field Goal,28,Above the Break 3,Left Side Center(LC),24+ ft.,-134,257,0,Missed Shot,1,0.6666666666666666,0.6,0.5,0.47599451303155005,0.4756682659355723,0.8426904598490048,0.8426904598490048,0.8426904598490048,0.36669594681745477,0.36669594681745477,0.36669594681745477
22500740,2026-02-05,916,3,1,4,18,Step Back Jump shot,3PT Field Goal,26,Above the Break 3,Left Side Center(LC),24+ ft.,-210,156,0,Missed Shot,-1,0.3333333333333333,0.6,0.5,0.4756682659355723,0.47534246575342465,0.43092575396665184,0.3426904598490048,0.2063268234853684,0.044742511968920484,0.1329778060865675,0.2693414424502039
22500740,2026-02-05,917,4,1,3,52,Driving Layup Shot,2PT Field Goal,2,Restricted Area,Center(C),Less Than 8 ft.,11,17,1,Made Shot,-2,0.3333333333333333,0.4,0.5,0.47534246575342465,0.4757015742642026,0.29931146441521483,0.21448533164387662,0.1489967661553111,0.1760310013382098,0.26085713410954803,0.32634569959811355
22500740,2026-02-05,918,5,1,3,25,Step Back Jump shot,3PT Field Goal,26,Above the Break 3,Center(C),24+ ft.,-76,258,0,Missed Shot,1,0.3333333333333333,0.4,0.5,0.4757015742642026,0.47537619699042405,0.5138313994463202,0.6013111495041772,0.7733835291559354,0.03812982518211755,0.12560957523997457,0.2976819548917328
22500740,2026-02-05,919,6,1,2,56,Running Dunk Shot,2PT Field Goal,1,Restricted Area,Center(C),Less Than 8 ft.,-5,19,1,Made Shot,-1,0.3333333333333333,0.4,0.4,0.47537619699042405,0.47573479152426523,0.3799952811681061,0.32329181775395144,0.20575409048531115,0.09538091582231795,0.1520843792364726,0.26962210650511287
22500740,2026-02-05,920,7,2,7,53,Floating Jump shot,2PT Field Goal,12,In The Paint (Non-RA),Center(C),8-16 ft.,-48,114,0,Missed Shot,1,0.6666666666666666,0.4,0.5,0.47573479152426523,0.47540983606557374,0.5373119880163668,0.6362127270554825,0.7789973961559411,0.06157719649210158,0.16047793553121725,0.30326260463167587
22500740,2026-02-05,921,8,2,6,36,Step Back Jump shot,2PT Field Goal,15,Mid-Range,Center(C),8-16 ft.,32,156,0,Missed Shot,-1,0.3333333333333333,0.4,0.5,0.47540983606557374,0.4750853242320819,0.40830091277217545,0.33961341842433457,0.20632109621206843,0.06710892329339829,0.13579641764123918,0.26908873985350534
22500740,2026-02-05,922,9,2,5,59,Driving Floating Jump Shot,2PT Field Goal,16,Mid-Range,Center(C),16-24 ft.,-4,163,0,Missed Shot,-2,0.3333333333333333,0.4,0.4,0.4750853242320819,0.4747612551159618,0.3237431925969878,0.22138215924111843,0.14905352291263543,0.15134213163509408,0.25370316499096346,0.3260318013194464
22500740,2026-02-05,923,10,2,5,16,Jump Shot,3PT Field Goal,30,Above the Break 3,Center(C),24+ ft.,92,289,0,Missed Shot,-3,0.0,0.2,0.3,0.4747612551159618,0.47443762781186094,0.2671433655975913,0.17415475922630078,0.1433267661496411,0.2076178895183705,0.30060649588966104,0.33143448896632066
22500809,2026-02-20,924,1,1,11,43,Driving Layup Shot,2PT Field Goal,1,Restricted Area,Center(C),Less Than 8 ft.,4,15,0,Missed Shot,-4,0.0,0.2,0.3,0.4756348661633493,0.47530864197530864,0.4756348661633493,0.4756348661633493,0.4756348661633493,0.0,0.0,0.0
22500809,2026-02-20,925,2,1,10,49,Step Back Jump shot,3PT Field Goal,27,Above the Break 3,Left Side Center(LC),24+ ft.,-148,226,0,Missed Shot,-5,0.0,0.0,0.2,0.47530864197530864,0.47498286497601094,0.1426904598490048,0.1426904598490048,0.1426904598490048,0.33261818212630384,0.33261818212630384,0.33261818212630384
22500809,2026-02-20,926,3,1,8,35,Pullup Jump shot,2PT Field Goal,9,In The Paint (Non-RA),Center(C),8-16 ft.,16,95,1,Made Shot,-6,0.0,0.0,0.2,0.47498286497601094,0.47534246575342465,0.1426904598490048,0.1426904598490048,0.1426904598490048,0.33229240512700614,0.33229240512700614,0.33229240512700614
22500809,2026-02-20,927,4,1,5,30,Step Back Jump shot,3PT Field Goal,25,Above the Break 3,Left Side Center(LC),24+ ft.,-161,200,1,Made Shot,1,0.3333333333333333,0.2,0.3,0.47534246575342465,0.4757015742642026,0.4623251630453518,0.5914084085669534,0.7733210904796355,0.013017302708072831,0.11606594281352878,0.29797862472621084
22500809,2026-02-20,928,5,1,3,40,Step Back Jump shot,3PT Field Goal,26,Above the Break 3,Center(C),24+ ft.,-17,269,1,Made Shot,2,0.6666666666666666,0.4,0.3,0.4757015742642026,0.47606019151846785,0.6124891175671257,0.7461387357110736,0.8357597667796979,0.13678754330292303,0.27043716144687097,0.36005819251549526
22500809,2026-02-20,929,6,1,1,1,Running Pull-Up Jump Shot,3PT Field Goal,25,Above the Break 3,Left Side Center(LC),24+ ft.,-188,179,1,Made Shot,3,1.0,0.6,0.4,0.47606019151846785,0.4764183185235817,0.6955013934612078,0.8046691213427002,0.8419974529189354,0.21944120194273992,0.32860892982423234,0.3659372614004675
22500809,2026-02-20,930,7,1,0,38,Running Pull-Up Jump Shot,3PT Field Goal,28,Above the Break 3,Center(C),24+ ft.,-87,268,1,Made Shot,4,1.0,0.8,0.4,0.4764183185235817,0.476775956284153,0.7455457861307226,0.827575749997453,0.8426211597797046,0.26912746760714096,0.3511574314738713,0.36620284125612296
22500809,2026-02-20,931,8,1,0,15,Cutting Layup Shot,2PT Field Goal,1,Restricted Area,Center(C),Less Than 8 ft.,-5,18,1,Made Shot,5,1.0,1.0,0.5,0.476775956284153,0.47713310580204776,0.777304668796968,0.8366594586566514,0.8426835298483117,0.30052871251281504,0.3598835023724984,0.36590757356415876
22500809,2026-02-20,932,9,2,5,20,Jump Shot,3PT Field Goal,25,Above the Break 3,Center(C),24+ ft.,-1,251,1,Made Shot,6,1.0,1.0,0.6,0.47713310580204776,0.47748976807639837,0.7981203910788417,0.8402804324134245,0.8426897668489979,0.32098728527679393,0.3631473266113768,0.3655566610469501
22500809,2026-02-20,933,10,2,4,49,Driving Layup Shot,2PT Field Goal,2,Restricted Area,Center(C),Less Than 8 ft.,10,21,0,Missed Shot,7,1.0,1.0,0.7,0.47748976807639837,0.47716428084526247,0.8120536697620961,0.8417268280387076,0.8426903905490046,0.3345639016856978,0.3642370599623092,0.36520062247260626
22500809,2026-02-20,934,11,2,3,37,Step Back Jump shot,3PT Field Goal,25,Above the Break 3,Left Side Center(LC),24+ ft.,-147,204,0,Missed Shot,-1,0.6666666666666666,0.8,0.7,0.47716428084526247,0.4768392370572207,0.605407462914758,0.42226102294728196,0.2126904528560048,0.12824318206949553,0.054903257897980506,0.26447382798925767
22500809,2026-02-20,935,12,2,0,53,Step Back Jump shot,3PT Field Goal,28,Above the Break 3,Left Side Center(LC),24+ ft.,-188,215,0,Missed Shot,-2,0.3333333333333333,0.6,0.7,0.4768392370572207,0.4765146358066712,0.4637921648339,0.2545116491696213,0.1496904591490748,0.013047072223320688,0.22232758788759938,0.3271487779081459
22500809,2026-02-20,936,13,2,0,2,Pullup Jump shot,3PT Field Goal,27,Above the Break 3,Left Side Center(LC),24+ ft.,-188,202,0,Missed Shot,-3,0.0,0.4,0.7,0.4765146358066712,0.47619047619047616,0.36610960091672373,0.1874178099294182,0.1433904597790055,0.11040503488994746,0.289096825877253,0.3331241760276657
22500809,2026-02-20,937,14,3,10,41,Driving Floating Jump Shot,2PT Field Goal,11,In The Paint (Non-RA),Right Side(R),8-16 ft.,77,88,0,Missed Shot,-4,0.0,0.2,0.6,0.47619047619047616,0.47586675730795375,0.2984280992242235,0.16058121978386233,0.1427604598420048,0.1777623769662527,0.31560925640661386,0.33343001634847136
22500809,2026-02-20,938,15,3,9,23,Driving Layup Shot,2PT Field Goal,1,Restricted Area,Center(C),Less Than 8 ft.,-17,6,0,Missed Shot,-5,0.0,0.0,0.5,0.47586675730795375,0.47554347826086957,0.25138776903879595,0.14984673500778467,0.14269745984830481,0.2244789882691578,0.3260200223001691,0.33316929745964896
22500809,2026-02-20,939,16,3,4,47,Step Back Jump shot,3PT Field Goal,26,Above the Break 3,Left Side Center(LC),24+ ft.,-189,187,0,Missed Shot,-6,0.0,0.0,0.4,0.47554347826086957,0.47522063815342835,0.2186230236377093,0.14555296530211664,0.1426911598489348,0.25692045462316027,0.3299905129587529,0.33285231841193474
22500809,2026-02-20,940,17,3,3,42,Step Back Jump shot,3PT Field Goal,26,Above the Break 3,Center(C),24+ ft.,-43,262,1,Made Shot,-7,0.0,0.0,0.3,0.47522063815342835,0.4755766621438263,0.19576729822753053,0.14383546129258717,0.1426905298489978,0.2794533399258978,0.3313851768608412,0.3325301083044305
22500809,2026-02-20,941,18,3,2,11,Driving Layup Shot,2PT Field Goal,2,Restricted Area,Center(C),Less Than 8 ft.,21,21,0,Missed Shot,1,0.3333333333333333,0.2,0.3,0.4755766621438263,0.4752542372881356,0.39029678165111775,0.5631485324638748,0.772690466849004,0.08527988049270857,0.08757187032004843,0.2971138047051777
22500809,2026-02-20,942,19,3,1,59,Running Jump Shot,3PT Field Goal,23,Right Corner 3,Right Side(R),24+ ft.,232,38,0,Missed Shot,-1,0.3333333333333333,0.2,0.2,0.4752542372881356,0.4749322493224932,0.31589372616320127,0.31087367155875634,0.2056904605490047,0.15936051112493432,0.16438056572937926,0.2695637767391309
22500809,2026-02-20,943,20,4,8,32,Fadeaway Jump Shot,2PT Field Goal,13,In The Paint (Non-RA),Center(C),8-16 ft.,-67,119,0,Missed Shot,-2,0.3333333333333333,0.2,0.1,0.4749322493224932,0.4746106973595125,0.26387344890013875,0.20996374175911442,0.14899045991900478,0.21105880042235448,0.2649685075633788,0.32594178940348845
22500809,2026-02-20,944,21,4,7,16,Driving Layup Shot,2PT Field Goal,4,In The Paint (Non-RA),Center(C),Less Than 8 ft.,31,37,0,Missed Shot,-3,0.0,0.2,0.1,0.4746106973595125,0.4742895805142084,0.2274895206238588,0.1695997721692421,0.1433204598560048,0.2471211767356537,0.3050109251902704,0.3312902375035077
22500809,2026-02-20,945,22,4,5,11,Running Jump Shot,3PT Field Goal,25,Above the Break 3,Right Side Center(RC),24+ ft.,228,116,1,Made Shot,-4,0.0,0.2,0.1,0.4742895805142084,0.4746450304259635,0.20203558520104756,0.15345418470609068,0.1427534598497048,0.27225399531316086,0.3208353958081177,0.33153612066450355
22500809,2026-02-20,946,23,4,3,32,Pullup Jump shot,3PT Field Goal,25,Above the Break 3,Center(C),24+ ft.,10,250,1,Made Shot,1,0.3333333333333333,0.2,0.2,0.4746450304259635,0.475,0.39430722236483756,0.5669959505193496,0.7726967598490748,0.08033780806112595,0.09235092009338608,0.2980517294231113
22500809,2026-02-20,947,24,4,1,56,Driving Floating Jump Shot,2PT Field Goal,6,In The Paint (Non-RA),Center(C),Less Than 8 ft.,56,24,0,Missed Shot,2,0.6666666666666666,0.4,0.3,0.475,0.474679270762998,0.5288590187512823,0.7324126562335442,0.8356910898490117,0.053859018751282295,0.25741265623354426,0.36069108984901177
22500809,2026-02-20,948,25,4,1,30,Pullup Jump shot,2PT Field Goal,3,Restricted Area,Center(C),Less Than 8 ft.,-7,30,1,Made Shot,-1,0.6666666666666666,0.4,0.3,0.474679270762998,0.4750337381916329,0.4129862520332677,0.3785793383032254,0.2119905228490055,0.061693018729730265,0.09609993245977261,0.2626887479139925
22500823,2026-02-22,949,1,1,11,45,Step Back Jump shot,2PT Field Goal,17,Mid-Range,Left Side Center(LC),16-24 ft.,-109,137,0,Missed Shot,1,0.6666666666666666,0.6,0.4,0.4756348661633493,0.47530864197530864,0.4756348661633493,0.4756348661633493,0.4756348661633493,0.0,0.0,0.0
22500823,2026-02-22,950,2,1,8,56,Fadeaway Jump Shot,2PT Field Goal,12,Mid-Range,Left Side(L),8-16 ft.,-123,-13,1,Made Shot,-1,0.3333333333333333,0.6,0.4,0.47530864197530864,0.4756682659355723,0.1426904598490048,0.1426904598490048,0.1426904598490048,0.33261818212630384,0.33261818212630384,0.33261818212630384
22500823,2026-02-22,951,3,1,8,10,Step Back Jump shot,3PT Field Goal,26,Above the Break 3,Right Side Center(RC),24+ ft.,105,243,1,Made Shot,1,0.6666666666666666,0.6,0.4,0.4756682659355723,0.476027397260274,0.5544551657313577,0.6426904598490049,0.7790540962126411,0.07878689979578535,0.16702219391343254,0.3033858302770688
22500823,2026-02-22,952,4,1,6,38,Pullup Jump shot,2PT Field Goal,15,Mid-Range,Left Side(L),8-16 ft.,-98,126,0,Missed Shot,2,0.6666666666666666,0.6,0.5,0.476027397260274,0.4757015742642026,0.6860694552827946,0.7708955880541328,0.8363841535426986,0.21004205802252063,0.29486819079385884,0.3603567562824246
22500823,2026-02-22,953,5,1,4,12,Step Back Jump shot,3PT Field Goal,25,Above the Break 3,Left Side Center(LC),24+ ft.,-94,239,1,Made Shot,-1,0.6666666666666666,0.6,0.5,0.4757015742642026,0.47606019151846785,0.47154952025168934,0.38406977019383237,0.2119973905420741,0.004152054012513284,0.09163180407037025,0.26370418372212856
22500823,2026-02-22,954,6,1,3,15,Turnaround Jump Shot,2PT Field Goal,9,In The Paint (Non-RA),Center(C),8-16 ft.,-36,88,0,Missed Shot,1,0.6666666666666666,0.6,0.6,0.47606019151846785,0.47573479152426523,0.6053856385299033,0.662089101944058,0.7796268292126984,0.1293254470114355,0.18602891042559017,0.3035666376942306
22500823,2026-02-22,955,7,1,2,31,Fadeaway Jump Shot,2PT Field Goal,9,Mid-Range,Left Side(L),8-16 ft.,-91,19,0,Missed Shot,-1,0.3333333333333333,0.6,0.6,0.47573479152426523,0.47540983606557374,0.44806893168164286,0.3491681926425271,0.20638352354206846,0.027665859842622376,0.12656659888173816,0.2693512679821968
22500823,2026-02-22,956,8,1,1,57,Turnaround Fadeaway shot,2PT Field Goal,13,Mid-Range,Right Side(R),8-16 ft.,120,51,0,Missed Shot,-2,0.3333333333333333,0.4,0.5,0.47540983606557374,0.4750853242320819,0.34823351421083526,0.22507824399454887,0.14905976048593486,0.12717632185473848,0.25033159207102484,0.3263500755796389
22500823,2026-02-22,957,9,2,6,37,Driving Floating Jump Shot,2PT Field Goal,2,Restricted Area,Center(C),Less Than 8 ft.,11,26,1,Made Shot,-3,0.0,0.2,0.4,0.4750853242320819,0.47544338335607095,0.28279839340364177,0.17561315606719835,0.1433273898553741,0.19228693082844012,0.29947216816488353,0.33175793437670775
22500823,2026-02-22,958,10,2,6,6,Jump Shot,3PT Field Goal,28,Above the Break 3,Right Side Center(RC),24+ ft.,121,257,0,Missed Shot,1,0.3333333333333333,0.4,0.5,0.47544338335607095,0.47511929107021134,0.45782913510060863,0.5759644880358499,0.7727541534790685,0.017614248255462317,0.10052110467977893,0.29731077012299756
22500823,2026-02-22,959,11,2,4,55,Jump Shot,3PT Field Goal,26,Above the Break 3,Center(C),24+ ft.,-61,258,1,Made Shot,-1,0.3333333333333333,0.2,0.4,0.47511929107021134,0.47547683923705725,0.36053933651712444,0.31597280902026126,0.2056968291553054,0.1145799545530869,0.15914648204995008,0.26942246191490593
22500823,2026-02-22,960,12,2,4,35,Pullup Jump shot,3PT Field Goal,26,Above the Break 3,Left Side Center(LC),24+ ft.,-173,205,0,Missed Shot,1,0.6666666666666666,0.4,0.5,0.47547683923705725,0.47515316541865216,0.5081024789957292,0.632016655357196,0.7789910967853677,0.032625639758672,0.15653981612013873,0.30351425754831046
22500823,2026-02-22,961,13,2,3,13,Driving Finger Roll Layup Shot,2PT Field Goal,3,Restricted Area,Center(C),Less Than 8 ft.,15,37,1,Made Shot,-1,0.3333333333333333,0.4,0.4,0.47515316541865216,0.47551020408163264,0.39694024484289775,0.33841601225087414,0.20632052354206842,0.07821292057575441,0.136737153167778,0.26883264187658373
22500823,2026-02-22,962,14,2,0,46,Driving Floating Jump Shot,2PT Field Goal,8,In The Paint (Non-RA),Center(C),8-16 ft.,-29,85,0,Missed Shot,1,0.6666666666666666,0.6,0.4,0.47551020408163264,0.4751869476546567,0.5319736344942522,0.6409827113004982,0.7790534662183684,0.05646343041261953,0.16547250721886558,0.3035432621367357
22500823,2026-02-22,963,15,3,8,35,Pullup Jump shot,3PT Field Goal,26,Above the Break 3,Right Side Center(RC),24+ ft.,162,209,1,Made Shot,-1,0.3333333333333333,0.4,0.4,0.4751869476546567,0.47554347826086957,0.4143912109747537,0.3420065578716014,0.2063267604859354,0.06079573667990301,0.1331803897830553,0.2688601871687213
22500823,2026-02-22,964,16,3,6,59,Turnaround Fadeaway shot,2PT Field Goal,13,Mid-Range,Left Side(L),8-16 ft.,-121,60,0,Missed Shot,1,0.6666666666666666,0.6,0.4,0.47554347826086957,0.47522063815342835,0.5434939086352718,0.6424172216215375,0.7790540899126983,0.06795043037440224,0.1668737433606679,0.30351061165182874
22500823,2026-02-22,965,17,3,5,59,Driving Floating Jump Shot,2PT Field Goal,3,Restricted Area,Center(C),Less Than 8 ft.,5,37,1,Made Shot,-1,0.3333333333333333,0.4,0.4,0.47522063815342835,0.4755766621438263,0.4228519454005959,0.3425810357793566,0.2063268228553741,0.05236869275283246,0.13263960237407174,0.26889381529805423
22500823,2026-02-22,966,18,3,4,13,Pullup Jump shot,2PT Field Goal,10,In The Paint (Non-RA),Center(C),8-16 ft.,47,93,0,Missed Shot,1,0.6666666666666666,0.6,0.5,0.4755766621438263,0.4752542372881356,0.5490971846841483,0.6426467417720412,0.7790540961496417,0.07352052254032193,0.16707007962821485,0.3034774340058154
22500823,2026-02-22,967,19,3,3,21,Driving Floating Bank Jump Shot,2PT Field Goal,5,In The Paint (Non-RA),Center(C),Less Than 8 ft.,-40,42,0,Missed Shot,-1,0.3333333333333333,0.4,0.5,0.4752542372881356,0.4749322493224932,0.42697630393079766,0.3426729520041775,0.2063268234790685,0.04827793335733793,0.13258128528395807,0.2689274138090671
22500823,2026-02-22,968,20,3,2,5,Pullup Jump shot,3PT Field Goal,26,Above the Break 3,Right Side Center(RC),24+ ft.,134,223,0,Missed Shot,-2,0.3333333333333333,0.4,0.4,0.4749322493224932,0.4746106973595125,0.3415932234277339,0.2226834534128277,0.14905409621201116,0.13333902589475932,0.25224879590966554,0.32587815311048207
22500823,2026-02-22,969,21,4,6,3,Driving Floating Jump Shot,2PT Field Goal,8,In The Paint (Non-RA),Center(C),8-16 ft.,6,80,0,Missed Shot,-3,0.0,0.2,0.4,0.4746106973595125,0.4742895805142084,0.28187474362568266,0.17468765674681458,0.14332682348530543,0.19273595373382985,0.2999230406126979,0.3312838738742071
22500823,2026-02-22,970,22,4,5,38,Driving Layup Shot,2PT Field Goal,3,Restricted Area,Center(C),Less Than 8 ft.,-18,29,1,Made Shot,-4,0.0,0.2,0.3,0.4742895805142084,0.4746450304259635,0.24009612321704293,0.15548933852369362,0.14275409621263488,0.23419345729716545,0.31880024199051477,0.33153548430157354
22500840,2026-02-24,971,1,1,9,45,Pullup Jump shot,2PT Field Goal,12,In The Paint (Non-RA),Center(C),8-16 ft.,-47,111,0,Missed Shot,1,0.3333333333333333,0.2,0.4,0.4756348661633493,0.47530864197530864,0.4756348661633493,0.4756348661633493,0.4756348661633493,0.0,0.0,0.0
22500840,2026-02-24,972,2,1,8,14,Driving Floating Jump Shot,2PT Field Goal,15,Mid-Range,Center(C),8-16 ft.,37,148,0,Missed Shot,-1,0.3333333333333333,0.2,0.3,0.47530864197530864,0.47498286497601094,0.1426904598490048,0.1426904598490048,0.1426904598490048,0.33261818212630384,0.33261818212630384,0.33261818212630384
22500840,2026-02-24,973,3,1,7,58,Running Layup Shot,2PT Field Goal,2,Restricted Area,Center(C),Less Than 8 ft.,25,8,0,Missed Shot,-2,0.3333333333333333,0.2,0.3,0.47498286497601094,0.47465753424657536,0.1426904598490048,0.1426904598490048,0.1426904598490048,0.33229240512700614,0.33229240512700614,0.33229240512700614
22500840,2026-02-24,974,4,1,6,24,Driving Floating Bank Jump Shot,2PT Field Goal,6,In The Paint (Non-RA),Center(C),Less Than 8 ft.,54,36,1,Made Shot,-3,0.0,0.2,0.2,0.47465753424657536,0.4750171115674196,0.1426904598490048,0.1426904598490048,0.1426904598490048,0.33196707439757056,0.33196707439757056,0.33196707439757056
22500840,2026-02-24,975,5,1,5,12,Fadeaway Jump Shot,2PT Field Goal,13,Mid-Range,Right Side(R),8-16 ft.,131,21,1,Made Shot,1,0.3333333333333333,0.4,0.3,0.4750171115674196,0.47537619699042405,0.4190426114478994,0.5737249426076254,0.7727534661496349,0.05597450011952021,0.0987078310402058,0.2977363545822153
22500840,2026-02-24,976,6,1,4,47,Jump Shot,3PT Field Goal,26,Above the Break 3,Left Side Center(LC),24+ ft.,-185,193,0,Missed Shot,2,0.6666666666666666,0.4,0.3,0.47537619699042405,0.4750512645249487,0.5718131023790254,0.7367738740100134,0.8356973899183056,0.09643690538860133,0.2613976770195893,0.3603211929278815
22500840,2026-02-24,977,7,1,3,13,Driving Floating Jump Shot,2PT Field Goal,8,In The Paint (Non-RA),Center(C),8-16 ft.,1,89,1,Made Shot,-1,0.6666666666666666,0.4,0.3,0.4750512645249487,0.47540983606557374,0.42591108293437563,0.37885780127950414,0.21199052914907407,0.049140181590573095,0.09619346324544459,0.26306073537587465
22500840,2026-02-24,978,8,1,1,37,Step Back Jump shot,3PT Field Goal,25,Above the Break 3,Left Side Center(LC),24+ ft.,-115,227,1,Made Shot,1,0.6666666666666666,0.6,0.4,0.47540983606557374,0.4757679180887372,0.5621660809955976,0.6576141107586551,0.7796205235420111,0.08675624493002387,0.18220427469308131,0.3042106874764373
22500840,2026-02-24,979,9,2,3,36,Step Back Jump shot,3PT Field Goal,26,Above the Break 3,Right Side Center(RC),24+ ft.,98,243,0,Missed Shot,2,0.6666666666666666,0.8,0.5,0.4757679180887372,0.47544338335607095,0.6514716850045861,0.768732742919638,0.8363834667859349,0.17570376691584888,0.2929648248309008,0.3606155486971977
22500840,2026-02-24,980,10,2,0,1,Step Back Jump shot,3PT Field Goal,27,Above the Break 3,Right Side Center(RC),24+ ft.,115,255,0,Missed Shot,-1,0.6666666666666666,0.6,0.5,0.47544338335607095,0.47511929107021134,0.4924189665657492,0.3930088793207588,0.21205975991837406,0.016975583209678236,0.08243450403531216,0.2633836234376969
22500840,2026-02-24,981,11,3,8,38,Driving Floating Jump Shot,2PT Field Goal,7,In The Paint (Non-RA),Center(C),Less Than 8 ft.,50,50,0,Missed Shot,-2,0.3333333333333333,0.4,0.4,0.47511929107021134,0.47479564032697547,0.38445057471346544,0.24280207731294418,0.14962738984969848,0.0906687163567459,0.23231721375726716,0.32549190122051286
22500840,2026-02-24,982,12,3,7,54,Step Back Jump shot,3PT Field Goal,26,Above the Break 3,Left Side Center(LC),24+ ft.,-87,249,0,Missed Shot,-3,0.0,0.4,0.4,0.47479564032697547,0.47447243022464264,0.3104594948444426,0.18273258733755976,0.14338415284901174,0.1643361454825329,0.2920630529894157,0.33141148747796373
22500840,2026-02-24,983,13,3,7,1,Fadeaway Jump Shot,2PT Field Goal,13,Mid-Range,Left Side(L),8-16 ft.,-131,25,0,Missed Shot,-4,0.0,0.2,0.4,0.47447243022464264,0.4741496598639456,0.2594223647705436,0.15870690776041096,0.14275982914900487,0.21505006545409905,0.3157655224642317,0.33171260107563777
22500840,2026-02-24,984,14,3,6,30,Jump Shot,3PT Field Goal,27,Above the Break 3,Left Side Center(LC),24+ ft.,-152,230,0,Missed Shot,-5,0.0,0.0,0.4,0.4741496598639456,0.4738273283480625,0.22406017251271365,0.149096974522397,0.1426973967790048,0.25008948735123193,0.3250526853415486,0.3314522630849408
22500840,2026-02-24,985,15,3,5,23,Fadeaway Jump Shot,2PT Field Goal,16,Mid-Range,Left Side Center(LC),16-24 ft.,-103,132,0,Missed Shot,-6,0.0,0.0,0.3,0.4738273283480625,0.4735054347826087,0.19948256772719195,0.14525305539991987,0.1426911535420048,0.27434476062087054,0.3285742729481427,0.3311361748060577
22500840,2026-02-24,986,16,3,4,26,Fadeaway Jump Shot,2PT Field Goal,9,Mid-Range,Left Side(L),8-16 ft.,-98,11,0,Missed Shot,-7,0.0,0.0,0.2,0.4735054347826087,0.47318397827562797,0.18236366230727183,0.14371549641842943,0.1426905292183048,0.2911417724753369,0.32978993836417925,0.33081490556430393
22500840,2026-02-24,987,17,3,3,37,Running Layup Shot,2PT Field Goal,3,Restricted Area,Center(C),Less Than 8 ft.,-28,20,1,Made Shot,-8,0.0,0.0,0.2,0.47318397827562797,0.4735413839891452,0.17042201597946183,0.14310047421262462,0.1426904667859348,0.30276196229616614,0.33008350406300335,0.3304935114896932
22500840,2026-02-24,988,18,3,3,1,Driving Layup Shot,2PT Field Goal,4,In The Paint (Non-RA),Center(C),Less Than 8 ft.,-39,16,0,Missed Shot,1,0.3333333333333333,0.2,0.2,0.4735413839891452,0.4732203389830508,0.37257281357981165,0.5628545377076517,0.7726904605426979,0.10096857040933355,0.08931315371850651,0.29914907655355266
22500840,2026-02-24,989,19,3,0,35,Fadeaway Jump Shot,2PT Field Goal,7,In The Paint (Non-RA),Center(C),Less Than 8 ft.,-69,28,1,Made Shot,-1,0.3333333333333333,0.2,0.1,0.4732203389830508,0.4735772357723577,0.3034956212212274,0.31075607366838903,0.2056904599183741,0.1697247177618234,0.1624642653146618,0.26752987906467673
22500840,2026-02-24,990,20,4,5,52,Jump Shot,3PT Field Goal,32,Above the Break 3,Center(C),24+ ft.,-12,328,0,Missed Shot,1,0.6666666666666666,0.4,0.2,0.4735772357723577,0.4732566012186865,0.46543866999345607,0.6299167141497795,0.7789904598559416,0.008138565778901652,0.15633947837742174,0.3054132240835839
22500840,2026-02-24,991,21,4,4,22,Step Back Jump shot,2PT Field Goal,22,Mid-Range,Right Side Center(RC),16-24 ft.,148,168,1,Made Shot,-1,0.3333333333333333,0.4,0.2,0.4732566012186865,0.4736129905277402,0.36853688682124475,0.337580958355049,0.2063204598496985,0.10471971439744177,0.13567564286363754,0.266936141368988
22500840,2026-02-24,992,22,4,3,29,Fadeaway Jump Shot,3PT Field Goal,23,Right Corner 3,Right Side(R),24+ ft.,228,54,1,Made Shot,1,0.6666666666666666,0.6,0.3,0.4736129905277402,0.47396889790398916,0.5108624540865221,0.6406466605843195,0.7790534598490741,0.03724946355878189,0.16703367005657932,0.30544046932133395
22500840,2026-02-24,993,23,4,2,58,Step Back Jump shot,3PT Field Goal,25,Above the Break 3,Center(C),24+ ft.,-42,252,0,Missed Shot,2,0.6666666666666666,0.6,0.4,0.47396889790398916,0.47364864864864864,0.6104497926825284,0.7618729403563942,0.8363267598490116,0.13648089477853925,0.28790404245240503,0.36235786194502245
22500840,2026-02-24,994,24,4,1,6,Step Back Jump shot,3PT Field Goal,27,Above the Break 3,Left Side Center(LC),24+ ft.,-147,233,0,Missed Shot,-1,0.6666666666666666,0.6,0.4,0.47364864864864864,0.47332883187035785,0.4700835763573745,0.390363451790534,0.21205408984900548,0.0035650722912741184,0.08328519685811464,0.26159455879964316
22500855,2026-02-26,995,1,1,11,13,Fadeaway Jump Shot,2PT Field Goal,12,Mid-Range,Left Side(L),8-16 ft.,-99,82,1,Made Shot,-2,0.3333333333333333,0.4,0.4,0.4756348661633493,0.47599451303155005,0.4756348661633493,0.4756348661633493,0.4756348661633493,0.0,0.0,0.0
22500855,2026-02-26,996,2,1,9,10,Floating Jump shot,2PT Field Goal,7,In The Paint (Non-RA),Center(C),Less Than 8 ft.,-75,4,1,Made Shot,1,0.3333333333333333,0.6,0.5,0.47599451303155005,0.47635366689513364,0.8426904598490048,0.8426904598490048,0.8426904598490048,0.36669594681745477,0.36669594681745477,0.36669594681745477
22500855,2026-02-26,997,3,1,5,36,Step Back Jump shot,2PT Field Goal,15,Mid-Range,Center(C),8-16 ft.,-4,156,1,Made Shot,2,0.6666666666666666,0.6,0.6,0.47635366689513364,0.4767123287671233,0.8426904598490048,0.8426904598490048,0.8426904598490048,0.36633679295387117,0.36633679295387117,0.36633679295387117
22500855,2026-02-26,998,4,1,5,6,Step Back Jump shot,3PT Field Goal,25,Above the Break 3,Right Side Center(RC),24+ ft.,134,220,1,Made Shot,3,1.0,0.6,0.6,0.4767123287671233,0.47707049965776865,0.8426904598490048,0.8426904598490048,0.8426904598490048,0.36597813108188154,0.36597813108188154,0.36597813108188154
22500855,2026-02-26,999,5,1,3,30,Driving Floating Bank Jump Shot,2PT Field Goal,7,In The Paint (Non-RA),Center(C),Less Than 8 ft.,-56,42,1,Made Shot,4,1.0,0.8,0.7,0.47707049965776865,0.4774281805745554,0.8426904598490048,0.8426904598490048,0.8426904598490048,0.36561996019123616,0.36561996019123616,0.36561996019123616
22500855,2026-02-26,1000,6,1,3,2,Running Pull-Up Jump Shot,2PT Field Goal,7,In The Paint (Non-RA),Center(C),Less Than 8 ft.,-11,72,0,Missed Shot,5,1.0,1.0,0.7,0.4774281805745554,0.47710184552289814,0.8426904598490048,0.8426904598490048,0.8426904598490048,0.36526227927444943,0.36526227927444943,0.36526227927444943
22500855,2026-02-26,1001,7,1,2,18,Jump Shot,3PT Field Goal,22,Left Corner 3,Left Side(L),24+ ft.,-222,52,0,Missed Shot,-1,0.6666666666666666,0.8,0.7,0.47710184552289814,0.476775956284153,0.6046899362478528,0.4209630644373989,0.21268982984837478,0.1275880907249547,0.056138781085499245,0.2644120156745233
22500855,2026-02-26,1002,8,2,8,19,Pullup Jump shot,3PT Field Goal,26,Above the Break 3,Left Side Center(LC),24+ ft.,-129,226,0,Missed Shot,-2,0.3333333333333333,0.6,0.6,0.476775956284153,0.4764505119453925,0.45365142223350674,0.2537254996582282,0.14969039054899788,0.02312453405064624,0.22305045662592476,0.3270855657351551
22500855,2026-02-26,1003,9,2,6,43,Jump Shot,3PT Field Goal,25,Above the Break 3,Center(C),24+ ft.,-62,252,0,Missed Shot,-3,0.0,0.4,0.5,0.4764505119453925,0.4761255115961801,0.3546562593800271,0.18706078638620421,0.14339045285600474,0.12179425256536541,0.2893897255591883,0.33306005908938774
22500855,2026-02-26,1004,10,2,5,49,Driving Layup Shot,2PT Field Goal,2,Restricted Area,Center(C),Less Than 8 ft.,-21,19,0,Missed Shot,-4,0.0,0.2,0.5,0.4761255115961801,0.4758009543285617,0.2883925394065528,0.16043160978501364,0.14276045914907481,0.1877329721896273,0.31569390181116647,0.3333650524471053
22500855,2026-02-26,1005,11,2,5,9,Driving Floating Jump Shot,2PT Field Goal,5,In The Paint (Non-RA),Center(C),Less Than 8 ft.,-29,51,0,Missed Shot,-5,0.0,0.0,0.5,0.4758009543285617,0.47547683923705725,0.2434113070585042,0.14978580352971435,0.1426974597790055,0.23238964727005748,0.32601515079884735,0.3331034945495562
22500855,2026-02-26,1006,12,2,1,8,Step Back Jump shot,3PT Field Goal,26,Above the Break 3,Left Side Center(LC),24+ ft.,-150,218,1,Made Shot,-6,0.0,0.0,0.4,0.47547683923705725,0.4758339006126617,0.21258552649279,0.14552841875362865,0.1426911598420048,0.26289131274426725,0.3299484204834286,0.33278567939505244
22500855,2026-02-26,1007,13,2,0,46,Running Jump Shot,2PT Field Goal,11,In The Paint (Non-RA),Center(C),8-16 ft.,17,113,0,Missed Shot,1,0.3333333333333333,0.2,0.4,0.4758339006126617,0.47551020408163264,0.40427016868424737,0.5638326613914868,0.7726905298489348,0.07156373192841431,0.08799876077882512,0.29685662923627315
22500855,2026-02-26,1008,14,3,11,42,Driving Floating Jump Shot,2PT Field Goal,7,In The Paint (Non-RA),Center(C),Less Than 8 ft.,26,65,1,Made Shot,-1,0.3333333333333333,0.2,0.3,0.47551020408163264,0.47586675730795375,0.3250284912628395,0.3111456447121339,0.2056904668489411,0.15048171281879313,0.16436455936949873,0.26981973723269154
22500855,2026-02-26,1009,15,3,9,45,Jump Shot,3PT Field Goal,25,Above the Break 3,Left Side Center(LC),24+ ft.,-123,228,1,Made Shot,1,0.6666666666666666,0.4,0.3,0.47586675730795375,0.47622282608695654,0.4813875450177432,0.6300733899094035,0.7789904605490039,0.005520787709789476,0.1542066326014498,0.30312370324105015
22500855,2026-02-26,1010,16,3,4,45,Step Back Jump shot,3PT Field Goal,27,Above the Break 3,Left Side Center(LC),24+ ft.,-228,154,0,Missed Shot,2,0.6666666666666666,0.6,0.3,0.47622282608695654,0.47589952477936187,0.5902954665233897,0.7576437688508155,0.8363204599190046,0.11407264043643317,0.281420942763859,0.36009763383204807
22500855,2026-02-26,1011,17,3,2,0,Jump Shot,3PT Field Goal,27,Above the Break 3,Right Side Center(RC),24+ ft.,170,210,1,Made Shot,-1,0.6666666666666666,0.6,0.3,0.47589952477936187,0.4762550881953867,0.45556621975070516,0.38867162497740004,0.2120534598560047,0.020333305028656712,0.08722789980196183,0.26384606492335716
22500855,2026-02-26,1012,18,3,1,19,Step Back Jump shot,3PT Field Goal,26,Above the Break 3,Left Side Center(LC),24+ ft.,-205,164,0,Missed Shot,1,0.6666666666666666,0.6,0.4,0.4762550881953867,0.4759322033898305,0.5719742924781034,0.661082972700276,0.7796267598497046,0.09571920428271669,0.18482788450488935,0.30337167165431794
22500855,2026-02-26,1013,19,4,4,21,Turnaround Fadeaway Bank Jump Shot,2PT Field Goal,16,Mid-Range,Left Side Center(LC),16-24 ft.,-125,104,1,Made Shot,-1,0.3333333333333333,0.6,0.4,0.4759322033898305,0.47628726287262874,0.4429790851396786,0.3500474436153145,0.20638408984907478,0.0329531182501519,0.12588475977451602,0.2695481135407557
22500855,2026-02-26,1014,20,4,3,50,Step Back Jump shot,3PT Field Goal,26,Above the Break 3,Right Side Center(RC),24+ ft.,83,248,1,Made Shot,1,0.6666666666666666,0.6,0.5,0.47628726287262874,0.4766418415707515,0.5630293415814922,0.6456332614805298,0.7790598228490118,0.08674207870886347,0.16934599860790106,0.302772559976383
22500855,2026-02-26,1015,21,4,2,57,Step Back Jump shot,3PT Field Goal,25,Above the Break 3,Right Side Center(RC),24+ ft.,186,178,1,Made Shot,2,0.6666666666666666,0.6,0.6,0.4766418415707515,0.4769959404600812,0.6469946749041084,0.7638675818016147,0.8363273961490054,0.17035283333335693,0.2872257402308632,0.3596855545782539
22500866,2026-02-28,1016,1,1,8,26,Running Pull-Up Jump Shot,3PT Field Goal,25,Above the Break 3,Left Side Center(LC),24+ ft.,-181,176,0,Missed Shot,3,1.0,0.8,0.7,0.4756348661633493,0.47530864197530864,0.4756348661633493,0.4756348661633493,0.4756348661633493,0.0,0.0,0.0
22500866,2026-02-28,1017,2,1,7,17,Step Back Jump shot,3PT Field Goal,25,Above the Break 3,Right Side Center(RC),24+ ft.,98,236,0,Missed Shot,-1,0.6666666666666666,0.6,0.6,0.47530864197530864,0.47498286497601094,0.1426904598490048,0.1426904598490048,0.1426904598490048,0.33261818212630384,0.33261818212630384,0.33261818212630384
22500866,2026-02-28,1018,3,1,7,1,Driving Floating Jump Shot,2PT Field Goal,7,In The Paint (Non-RA),Center(C),Less Than 8 ft.,36,66,1,Made Shot,-2,0.3333333333333333,0.6,0.6,0.47498286497601094,0.47534246575342465,0.1426904598490048,0.1426904598490048,0.1426904598490048,0.33229240512700614,0.33229240512700614,0.33229240512700614
22500866,2026-02-28,1019,4,1,3,2,Step Back Jump shot,3PT Field Goal,23,Left Corner 3,Left Side(L),24+ ft.,-229,53,0,Missed Shot,1,0.3333333333333333,0.6,0.6,0.47534246575342465,0.4750171115674196,0.4623251630453518,0.5914084085669534,0.7733210904796355,0.013017302708072831,0.11606594281352878,0.29797862472621084
22500866,2026-02-28,1020,5,2,6,43,Driving Layup Shot,2PT Field Goal,3,Restricted Area,Center(C),Less Than 8 ft.,-32,-10,1,Made Shot,-1,0.3333333333333333,0.4,0.5,0.4750171115674196,0.47537619699042405,0.336136965968231,0.31510425295245303,0.2056967604790678,0.1388801455991886,0.15991285861496657,0.26932035108835184
22500866,2026-02-28,1021,6,2,5,36,Fadeaway Jump Shot,2PT Field Goal,13,Mid-Range,Left Side(L),8-16 ft.,-112,68,1,Made Shot,1,0.6666666666666666,0.4,0.6,0.47537619699042405,0.47573479152426523,0.5188038347723758,0.6349310030109835,0.7789968229126354,0.043427637781951745,0.15955480602055944,0.30362062592221134
22500866,2026-02-28,1022,7,2,5,10,Pullup Jump shot,2PT Field Goal,12,Mid-Range,Left Side(L),8-16 ft.,-98,77,0,Missed Shot,2,0.6666666666666666,0.6,0.6,0.47573479152426523,0.47540983606557374,0.6289255295661582,0.7600993667315958,0.8363211534796984,0.15319073804189298,0.2843645752073306,0.36058636195543314
22500866,2026-02-28,1023,8,2,4,32,Driving Floating Jump Shot,2PT Field Goal,5,In The Paint (Non-RA),Center(C),Less Than 8 ft.,-53,24,0,Missed Shot,-1,0.6666666666666666,0.6,0.6,0.47540983606557374,0.4750853242320819,0.4699638290807246,0.38904608891166104,0.21205346678530548,0.00544600698484915,0.0863637471539127,0.2633563692802683
22500866,2026-02-28,1024,9,2,3,8,Driving Floating Jump Shot,2PT Field Goal,7,In The Paint (Non-RA),Center(C),Less Than 8 ft.,-13,77,0,Missed Shot,-2,0.3333333333333333,0.4,0.5,0.4750853242320819,0.4747612551159618,0.36577557266337896,0.24113577697203456,0.1496267599183678,0.10930975156870293,0.23394954726004732,0.3254585643137141
22500866,2026-02-28,1025,10,2,1,0,Driving Layup Shot,2PT Field Goal,6,In The Paint (Non-RA),Center(C),Less Than 8 ft.,55,31,1,Made Shot,-3,0.0,0.4,0.4,0.4747612551159618,0.47511929107021134,0.29603578691261623,0.18205309852855883,0.14338408984969844,0.17872546820334556,0.29270815658740296,0.3313771652662634
22500866,2026-02-28,1026,11,3,11,43,Jump Shot,3PT Field Goal,27,Above the Break 3,Left Side Center(LC),24+ ft.,-179,205,1,Made Shot,1,0.3333333333333333,0.4,0.4,0.47511929107021134,0.47547683923705725,0.4647993415040673,0.5784770833884612,0.7727598229120116,0.010319949566144015,0.10335779231824982,0.2976405318418003
22500866,2026-02-28,1027,12,3,11,15,Step Back Jump shot,3PT Field Goal,25,Above the Break 3,Left Side Center(LC),24+ ft.,-235,110,1,Made Shot,2,0.6666666666666666,0.4,0.5,0.47547683923705725,0.4758339006126617,0.5804535383716125,0.7370117586910148,0.8356973961559349,0.10497669913455526,0.2615349194539575,0.3602205569188776
22500866,2026-02-28,1028,13,3,10,44,Step Back Jump shot,3PT Field Goal,27,Above the Break 3,Left Side Center(LC),24+ ft.,-113,252,0,Missed Shot,3,1.0,0.6,0.6,0.4758339006126617,0.47551020408163264,0.6602288072225326,0.8004200432002944,0.841991153479704,0.18439490660987096,0.3245861425876327,0.3661572528670423
22500866,2026-02-28,1029,14,3,8,12,Jump Shot,3PT Field Goal,32,Above the Break 3,Center(C),24+ ft.,-4,320,1,Made Shot,-1,0.6666666666666666,0.6,0.5,0.47551020408163264,0.47586675730795375,0.5034482719188085,0.4057796448026381,0.21262052921201177,0.02793806783717584,0.06973055927899452,0.2628896748696209
22500866,2026-02-28,1030,15,3,7,23,Jump Shot,3PT Field Goal,27,Above the Break 3,Right Side Center(RC),24+ ft.,211,184,1,Made Shot,1,0.6666666666666666,0.8,0.6,0.47586675730795375,0.47622282608695654,0.6059158873076327,0.6679268375264702,0.779683466785311,0.13004912999967894,0.19206008021851645,0.3038167094773572
22500866,2026-02-28,1031,16,3,7,8,Running Jump Shot,3PT Field Goal,26,Above the Break 3,Left Side Center(LC),24+ ft.,-183,196,0,Missed Shot,2,0.6666666666666666,0.8,0.6,0.47622282608695654,0.47589952477936187,0.6772870982841945,0.7727851235107182,0.8363897605426354,0.201064272197238,0.2965622974237616,0.3601669344556788
22500866,2026-02-28,1032,17,3,1,13,Driving Finger Roll Layup Shot,2PT Field Goal,5,In The Paint (Non-RA),Center(C),Less Than 8 ft.,44,27,1,Made Shot,-1,0.6666666666666666,0.6,0.5,0.47589952477936187,0.4762550881953867,0.516373343188559,0.39472816293946206,0.2120603899183678,0.040473818409197115,0.08117136183989981,0.2638391348609941
22500878,2026-03-01,1033,1,1,11,24,Jump Shot,3PT Field Goal,27,Above the Break 3,Left Side Center(LC),24+ ft.,-168,215,0,Missed Shot,1,0.6666666666666666,0.6,0.6,0.4756348661633493,0.47530864197530864,0.4756348661633493,0.4756348661633493,0.4756348661633493,0.0,0.0,0.0
22500878,2026-03-01,1034,2,1,7,31,Step Back Jump shot,2PT Field Goal,19,Mid-Range,Left Side Center(LC),16-24 ft.,-88,174,1,Made Shot,-1,0.3333333333333333,0.6,0.6,0.47530864197530864,0.4756682659355723,0.1426904598490048,0.1426904598490048,0.1426904598490048,0.33261818212630384,0.33261818212630384,0.33261818212630384
22500878,2026-03-01,1035,3,1,5,7,Driving Floating Jump Shot,2PT Field Goal,8,Mid-Range,Right Side(R),8-16 ft.,83,13,0,Missed Shot,1,0.6666666666666666,0.6,0.7,0.4756682659355723,0.47534246575342465,0.5544551657313577,0.6426904598490049,0.7790540962126411,0.07878689979578535,0.16702219391343254,0.3033858302770688
22500878,2026-03-01,1036,4,1,3,19,Pullup Jump shot,3PT Field Goal,25,Above the Break 3,Right Side Center(RC),24+ ft.,179,179,1,Made Shot,-1,0.3333333333333333,0.4,0.6,0.47534246575342465,0.4757015742642026,0.3664347520864477,0.32217763933618426,0.20575352291206786,0.10890771366697694,0.15316482641724039,0.2695889428413568
22500878,2026-03-01,1037,5,1,2,51,Step Back Jump shot,3PT Field Goal,25,Above the Break 3,Left Side Center(LC),24+ ft.,-210,148,1,Made Shot,1,0.6666666666666666,0.6,0.6,0.4757015742642026,0.47606019151846785,0.5544551657313577,0.6426904598490049,0.7790540962126411,0.07875359146715505,0.16698888558480224,0.3033525219484385
22500878,2026-03-01,1038,6,1,2,27,Step Back Jump shot,3PT Field Goal,22,Left Corner 3,Left Side(L),24+ ft.,-228,13,0,Missed Shot,2,0.6666666666666666,0.6,0.6,0.47606019151846785,0.47573479152426523,0.658394906136553,0.763931972943088,0.8363273962183686,0.1823347146180852,0.28787178142462017,0.36026720469990076
22500878,2026-03-01,1039,7,1,1,16,Driving Floating Bank Jump Shot,2PT Field Goal,4,In The Paint (Non-RA),Center(C),Less Than 8 ft.,20,35,1,Made Shot,-1,0.6666666666666666,0.6,0.6,0.47573479152426523,0.4760928961748634,0.4830550086510122,0.38965402260204124,0.21205352921207415,0.007320217126746964,0.086080768922224,0.2636812623121911
22500878,2026-03-01,1040,8,2,5,21,Step Back Jump shot,3PT Field Goal,25,Above the Break 3,Left Side Center(LC),24+ ft.,-194,172,0,Missed Shot,1,0.6666666666666666,0.6,0.6,0.4760928961748634,0.4757679180887372,0.6006283110262075,0.6619219687531934,0.7796268235426411,0.12453541485134412,0.18582907257833003,0.30353392736777773
22500878,2026-03-01,1041,9,2,1,32,Jump Shot,3PT Field Goal,29,Above the Break 3,Center(C),24+ ft.,-50,295,1,Made Shot,-1,0.3333333333333333,0.6,0.5,0.4757679180887372,0.4761255115961801,0.45484270563563484,0.3501787593809861,0.20638409048594109,0.02092521245310236,0.12558915870775111,0.2693838276027961
22500878,2026-03-01,1042,10,3,11,42,Fadeaway Jump Shot,2PT Field Goal,12,Mid-Range,Left Side(L),8-16 ft.,-119,46,0,Missed Shot,1,0.6666666666666666,0.6,0.6,0.4761255115961801,0.4758009543285617,0.5760897890537987,0.6457632653665344,0.7790598234853741,0.0999642774576186,0.16963775377035428,0.30293431188919395
22500878,2026-03-01,1043,11,3,6,11,Driving Floating Bank Jump Shot,2PT Field Goal,2,Restricted Area,Center(C),Less Than 8 ft.,-6,23,1,Made Shot,-1,0.3333333333333333,0.4,0.5,0.4758009543285617,0.476158038147139,0.4422904912973836,0.3438879281326551,0.2063273961553685,0.03351046303117805,0.13191302619590656,0.2694735581731932
22500878,2026-03-01,1044,12,3,5,38,Driving Floating Jump Shot,2PT Field Goal,13,In The Paint (Non-RA),Center(C),8-16 ft.,62,116,1,Made Shot,1,0.6666666666666666,0.6,0.6,0.476158038147139,0.4765146358066712,0.5648335587064418,0.6431820004657125,0.7790541534853683,0.08867552055930283,0.16702396231857353,0.30289611533822935
22500878,2026-03-01,1045,13,3,4,40,Running Layup Shot,2PT Field Goal,0,Restricted Area,Center(C),Less Than 8 ft.,-7,1,1,Made Shot,2,0.6666666666666666,0.6,0.6,0.4765146358066712,0.47687074829931975,0.6493605919931809,0.7628890844472926,0.8363268292126984,0.17284595618650966,0.28637444864062145,0.3598121934060272
22500878,2026-03-01,1046,14,3,3,38,Fadeaway Jump Shot,3PT Field Goal,25,Above the Break 3,Right Side Center(RC),24+ ft.,211,139,1,Made Shot,3,1.0,0.8,0.7,0.47687074829931975,0.4772263766145479,0.7079269964469908,0.8107702310132552,0.8420540967853747,0.231056248147671,0.33389948271393544,0.36518334848605494
22500878,2026-03-01,1047,15,3,3,7,Step Back Jump shot,3PT Field Goal,29,Above the Break 3,Left Side Center(LC),24+ ft.,-123,264,0,Missed Shot,4,1.0,0.8,0.7,0.4772263766145479,0.47690217391304346,0.7486321069186423,0.82992241972597,0.8426268235426417,0.27140573030409443,0.3526960431114221,0.3654004469280938
22500878,2026-03-01,1048,16,3,2,26,Fadeaway Jump Shot,2PT Field Goal,11,In The Paint (Non-RA),Center(C),8-16 ft.,-2,111,1,Made Shot,-1,0.6666666666666666,0.8,0.6,0.47690217391304346,0.4772572980312288,0.5659824724232154,0.41758280105349666,0.21268409621836787,0.08908029851017196,0.059319372859546804,0.2642180776946756
22500891,2026-03-03,1049,1,1,11,42,Step Back Jump shot,3PT Field Goal,27,Above the Break 3,Center(C),24+ ft.,-39,276,1,Made Shot,1,0.6666666666666666,0.8,0.7,0.4756348661633493,0.47599451303155005,0.4756348661633493,0.4756348661633493,0.4756348661633493,0.0,0.0,0.0
22500891,2026-03-03,1050,2,1,11,5,Step Back Jump shot,3PT Field Goal,26,Above the Break 3,Left Side Center(LC),24+ ft.,-159,216,0,Missed Shot,2,0.6666666666666666,0.8,0.7,0.47599451303155005,0.4756682659355723,0.8426904598490048,0.8426904598490048,0.8426904598490048,0.36669594681745477,0.36669594681745477,0.36669594681745477
22500891,2026-03-03,1051,3,1,9,16,Driving Floating Jump Shot,2PT Field Goal,13,In The Paint (Non-RA),Center(C),8-16 ft.,43,131,0,Missed Shot,-1,0.6666666666666666,0.6,0.7,0.4756682659355723,0.47534246575342465,0.43092575396665184,0.3426904598490048,0.2063268234853684,0.044742511968920484,0.1329778060865675,0.2693414424502039
22500891,2026-03-03,1052,4,1,8,54,Driving Floating Bank Jump Shot,2PT Field Goal,4,In The Paint (Non-RA),Center(C),Less Than 8 ft.,-37,19,0,Missed Shot,-2,0.3333333333333333,0.4,0.6,0.47534246575342465,0.4750171115674196,0.29931146441521483,0.21448533164387662,0.1489967661553111,0.1760310013382098,0.26085713410954803,0.32634569959811355
22500891,2026-03-03,1053,5,1,7,19,Driving Floating Jump Shot,2PT Field Goal,3,Restricted Area,Center(C),Less Than 8 ft.,25,24,0,Missed Shot,-3,0.0,0.4,0.6,0.4750171115674196,0.4746922024623803,0.23747924784742563,0.17027666674555653,0.14332052285530544,0.23753786371999397,0.3047404448218631,0.33169658871211416
22500891,2026-03-03,1054,6,1,4,32,Driving Floating Jump Shot,2PT Field Goal,13,In The Paint (Non-RA),Center(C),8-16 ft.,-66,120,1,Made Shot,-4,0.0,0.2,0.5,0.4746922024623803,0.4750512645249487,0.20329772247927416,0.15355369942223468,0.1427534604790111,0.2713944799831062,0.32113850304014563,0.3319387419833692
22500891,2026-03-03,1055,7,1,2,15,Pullup Jump shot,2PT Field Goal,13,In The Paint (Non-RA),Center(C),8-16 ft.,-45,132,1,Made Shot,1,0.3333333333333333,0.2,0.5,0.4750512645249487,0.47540983606557374,0.42069173145180233,0.5687363437896256,0.7726973898559348,0.05435953307314639,0.09368507926467684,0.2976461253309861
22500891,2026-03-03,1056,8,2,7,36,Running Pull-Up Jump Shot,3PT Field Goal,25,Above the Break 3,Right Side Center(RC),24+ ft.,151,205,1,Made Shot,2,0.6666666666666666,0.4,0.5,0.47540983606557374,0.4757679180887372,0.5586530584859297,0.7333785632375966,0.8356911591490748,0.08324322242035598,0.2579687271720229,0.360281323083501
22500891,2026-03-03,1057,9,2,5,53,Jump Shot,2PT Field Goal,16,Mid-Range,Right Side Center(RC),16-24 ft.,114,119,0,Missed Shot,3,1.0,0.6,0.5,0.4757679180887372,0.47544338335607095,0.649077041576285,0.7990087125791139,0.8419905298420054,0.1733091234875478,0.3232407944903767,0.3662226117532682
22500891,2026-03-03,1058,10,2,5,29,Jump Shot,3PT Field Goal,26,Above the Break 3,Left Side Center(LC),24+ ft.,-137,231,0,Missed Shot,-1,0.6666666666666666,0.6,0.5,0.47544338335607095,0.47511929107021134,0.49077292494925134,0.4051145039376184,0.2126204662189348,0.015329541593180396,0.07032887941845256,0.2628229171371361
22500891,2026-03-03,1059,11,2,3,52,Cutting Layup Shot,2PT Field Goal,2,Restricted Area,Center(C),Less Than 8 ft.,-2,21,1,Made Shot,-2,0.3333333333333333,0.6,0.4,0.47511929107021134,0.47547683923705725,0.38331270004030227,0.2476435654597717,0.1496834604797041,0.09180659102990907,0.22747572561043963,0.32543583059050724
22500891,2026-03-03,1060,12,2,2,44,Step Back Jump shot,3PT Field Goal,24,Left Corner 3,Left Side(L),24+ ft.,-227,87,0,Missed Shot,1,0.3333333333333333,0.6,0.4,0.47547683923705725,0.47515316541865216,0.5239060172428294,0.6046866775668442,0.7733897599183117,0.04842917800577212,0.129209838329787,0.29791292068125447
22500891,2026-03-03,1061,13,2,0,53,Pullup Jump shot,2PT Field Goal,16,Mid-Range,Right Side Center(RC),16-24 ft.,104,124,1,Made Shot,-1,0.3333333333333333,0.4,0.4,0.47515316541865216,0.47551020408163264,0.40793617817549727,0.3274842962519136,0.20576038985536785,0.06721698724315489,0.14766886916673855,0.26939277556328434
22500891,2026-03-03,1062,14,3,9,39,Jump Shot,3PT Field Goal,27,Above the Break 3,Center(C),24+ ft.,58,273,0,Missed Shot,1,0.6666666666666666,0.4,0.5,0.47551020408163264,0.4751869476546567,0.5396385135720357,0.636610068918112,0.7789974528496983,0.0641283094904031,0.16109986483647937,0.3034872487680657
22500891,2026-03-03,1063,15,3,8,49,Running Layup Shot,2PT Field Goal,1,Restricted Area,Center(C),Less Than 8 ft.,11,11,1,Made Shot,-1,0.3333333333333333,0.4,0.5,0.4751869476546567,0.47554347826086957,0.419740924341173,0.3402575079612993,0.2063211591490684,0.055446023313483694,0.1349294396933574,0.2688657885055883
22500891,2026-03-03,1064,16,3,5,12,Turnaround Fadeaway shot,3PT Field Goal,26,Above the Break 3,Right Side Center(RC),24+ ft.,212,153,0,Missed Shot,1,0.6666666666666666,0.6,0.6,0.47554347826086957,0.47522063815342835,0.547231052217526,0.6417176027842346,0.7790535297790118,0.07168757395665643,0.16617412452336505,0.3035100515181422
22500891,2026-03-03,1065,17,3,4,37,Driving Floating Jump Shot,2PT Field Goal,10,In The Paint (Non-RA),Center(C),8-16 ft.,-16,106,1,Made Shot,-1,0.3333333333333333,0.4,0.5,0.47522063815342835,0.4755766621438263,0.42546420759767656,0.342301188424726,0.20632676684200543,0.049756430555751796,0.13291944972870234,0.26889387131142295
22500891,2026-03-03,1066,18,4,8,6,Step Back Jump shot,3PT Field Goal,28,Above the Break 3,Center(C),24+ ft.,64,274,0,Missed Shot,1,0.6666666666666666,0.6,0.5,0.4755766621438263,0.4752542372881356,0.5509239408954927,0.6425348028590354,0.7790540905483048,0.07534727875166636,0.1669581407152091,0.30347742840447844
22500891,2026-03-03,1067,19,4,4,29,Driving Floating Jump Shot,2PT Field Goal,6,In The Paint (Non-RA),Center(C),Less Than 8 ft.,-2,63,1,Made Shot,-1,0.3333333333333333,0.4,0.4,0.4752542372881356,0.47560975609756095,0.4282541394087523,0.34262817644359067,0.20632682291893478,0.04700009787938331,0.13262606084454492,0.2689274143692008
22500891,2026-03-03,1068,20,4,3,55,Turnaround Fadeaway shot,2PT Field Goal,8,Mid-Range,Left Side(L),8-16 ft.,-83,33,0,Missed Shot,1,0.6666666666666666,0.6,0.5,0.47560975609756095,0.4752877454299255,0.5527269207596331,0.6426655547342037,0.7790540961559977,0.07711716466207219,0.16705579863664277,0.3034443400584368
22500891,2026-03-03,1069,21,4,3,25,Pullup Jump shot,3PT Field Goal,26,Above the Break 3,Right Side Center(RC),24+ ft.,88,246,0,Missed Shot,-1,0.3333333333333333,0.4,0.5,0.4752877454299255,0.4749661705006766,0.42961775088978527,0.3426804945047138,0.2063268234797041,0.04566999454014026,0.13260725092521175,0.2689609219502214
22500891,2026-03-03,1070,22,4,1,0,Step Back Jump shot,3PT Field Goal,26,Above the Break 3,Right Side Center(RC),24+ ft.,121,237,1,Made Shot,-2,0.3333333333333333,0.4,0.4,0.4749661705006766,0.4753211629479378,0.3434914580929206,0.22268647318354912,0.14905409621207472,0.131474712407756,0.25227969731712746,0.32591207428860186
22500906,2026-03-05,1071,1,1,11,26,Jump Shot,3PT Field Goal,26,Above the Break 3,Center(C),24+ ft.,-10,268,0,Missed Shot,1,0.3333333333333333,0.4,0.5,0.4756348661633493,0.47530864197530864,0.4756348661633493,0.4756348661633493,0.4756348661633493,0.0,0.0,0.0
22500906,2026-03-05,1072,2,1,6,3,Step Back Jump shot,3PT Field Goal,26,Above the Break 3,Right Side Center(RC),24+ ft.,206,166,0,Missed Shot,-1,0.3333333333333333,0.4,0.4,0.47530864197530864,0.47498286497601094,0.1426904598490048,0.1426904598490048,0.1426904598490048,0.33261818212630384,0.33261818212630384,0.33261818212630384
22500906,2026-03-05,1073,3,1,5,16,Pullup Jump shot,2PT Field Goal,13,Mid-Range,Left Side(L),8-16 ft.,-96,88,1,Made Shot,-2,0.3333333333333333,0.2,0.4,0.47498286497601094,0.47534246575342465,0.1426904598490048,0.1426904598490048,0.1426904598490048,0.33229240512700614,0.33229240512700614,0.33229240512700614
22500906,2026-03-05,1074,4,1,4,44,Driving Floating Jump Shot,2PT Field Goal,7,In The Paint (Non-RA),Center(C),Less Than 8 ft.,36,66,1,Made Shot,1,0.3333333333333333,0.4,0.4,0.47534246575342465,0.4757015742642026,0.4623251630453518,0.5914084085669534,0.7733210904796355,0.013017302708072831,0.11606594281352878,0.29797862472621084
22500906,2026-03-05,1075,5,1,2,16,Running Pull-Up Jump Shot,3PT Field Goal,27,Above the Break 3,Left Side Center(LC),24+ ft.,-107,251,0,Missed Shot,2,0.6666666666666666,0.6,0.5,0.4757015742642026,0.47537619699042405,0.6124891175671257,0.7461387357110736,0.8357597667796979,0.13678754330292303,0.27043716144687097,0.36005819251549526
22500906,2026-03-05,1076,6,2,7,31,Fadeaway Jump Shot,2PT Field Goal,14,Mid-Range,Right Side(R),8-16 ft.,105,98,1,Made Shot,-1,0.6666666666666666,0.4,0.4,0.47537619699042405,0.47573479152426523,0.44307630962001915,0.38032382551340826,0.21199115285593484,0.0322998873704049,0.09505237147701578,0.2633850441344892
22500906,2026-03-05,1077,7,2,7,1,Pullup Jump shot,2PT Field Goal,9,In The Paint (Non-RA),Right Side(R),8-16 ft.,71,69,1,Made Shot,1,0.6666666666666666,0.6,0.5,0.47573479152426523,0.4760928961748634,0.5789454196099162,0.6588847918328105,0.7796210967796415,0.10321062808565096,0.18315000030854522,0.3038863052553763
22500906,2026-03-05,1078,8,2,5,52,Pullup Jump shot,2PT Field Goal,11,Mid-Range,Right Side(R),8-16 ft.,91,78,0,Missed Shot,2,0.6666666666666666,0.8,0.5,0.4760928961748634,0.4757679180887372,0.6651698873666185,0.7693491774919909,0.8363835292183117,0.18907699119175514,0.29325628131712755,0.3602906330434483
22500906,2026-03-05,1079,9,2,5,31,Step Back Jump shot,3PT Field Goal,27,Above the Break 3,Right Side Center(RC),24+ ft.,88,264,0,Missed Shot,-1,0.6666666666666666,0.6,0.5,0.4757679180887372,0.47544338335607095,0.49883731745791166,0.39310737307725807,0.21205976054269776,0.02306939936917446,0.08266054501147913,0.26370815754603943
22500906,2026-03-05,1080,10,2,4,11,Pullup Jump shot,2PT Field Goal,12,In The Paint (Non-RA),Center(C),8-16 ft.,31,126,1,Made Shot,-2,0.3333333333333333,0.4,0.5,0.47544338335607095,0.4758009543285617,0.3875004145507258,0.24281782763770643,0.14962738985594173,0.08794296880534513,0.23262555571836452,0.32581599350012924
22500906,2026-03-05,1081,11,2,2,49,Jump Shot,3PT Field Goal,27,Above the Break 3,Right Side Center(RC),24+ ft.,107,251,1,Made Shot,1,0.3333333333333333,0.6,0.5,0.4758009543285617,0.476158038147139,0.5280269550932967,0.6027791516450136,0.7733841529120742,0.05222600076473499,0.12697819731645194,0.2975831985835125
22500906,2026-03-05,1082,12,2,0,32,Driving Layup Shot,2PT Field Goal,3,Restricted Area,Center(C),Less Than 8 ft.,-32,19,0,Missed Shot,2,0.6666666666666666,0.6,0.6,0.476158038147139,0.4758339006126617,0.6243302370688993,0.7467319743864105,0.8357598291559354,0.14817219892176037,0.2705739362392715,0.3596017910087964
22500906,2026-03-05,1083,13,3,11,7,Driving Floating Jump Shot,2PT Field Goal,13,Mid-Range,Left Side(L),8-16 ft.,-105,91,0,Missed Shot,-1,0.6666666666666666,0.4,0.6,0.4758339006126617,0.47551020408163264,0.4778102790837805,0.38430098508097454,0.2119973967790741,0.0019763784711188115,0.09153291553168713,0.2638365038335876
22500906,2026-03-05,1084,14,3,8,8,Driving Layup Shot,2PT Field Goal,4,In The Paint (Non-RA),Center(C),Less Than 8 ft.,38,17,0,Missed Shot,-2,0.3333333333333333,0.4,0.5,0.47551020408163264,0.4751869476546567,0.3762907203551304,0.23933369708279123,0.1496211535420055,0.09921948372650224,0.2361765069988414,0.32588905053962713
22500906,2026-03-05,1085,15,3,7,54,Putback Layup Shot,2PT Field Goal,0,Restricted Area,Center(C),Less Than 8 ft.,0,0,1,Made Shot,-3,0.0,0.4,0.4,0.4751869476546567,0.47554347826086957,0.305732097342134,0.1813475990872728,0.1433835292183048,0.16945485031252266,0.2938393485673839,0.33180341843635186
22500906,2026-03-05,1086,16,3,5,40,Running Layup Shot,2PT Field Goal,3,Restricted Area,Center(C),Less Than 8 ft.,31,20,1,Made Shot,1,0.3333333333333333,0.4,0.5,0.47554347826086957,0.47589952477936187,0.46758802707635744,0.5781537416116632,0.7727597667859354,0.00795545118451213,0.10261026335079365,0.2972162885250658
22500906,2026-03-05,1087,17,3,1,53,Driving Floating Jump Shot,2PT Field Goal,8,In The Paint (Non-RA),Center(C),8-16 ft.,33,80,1,Made Shot,2,0.6666666666666666,0.4,0.5,0.47589952477936187,0.4762550881953867,0.5804939764658474,0.7368758407246907,0.8356973905426979,0.10459445168648557,0.26097631594532883,0.359797865763336
22500906,2026-03-05,1088,18,3,1,5,Jump Shot,3PT Field Goal,30,Above the Break 3,Left Side Center(LC),24+ ft.,-121,280,1,Made Shot,3,1.0,0.6,0.5,0.4762550881953867,0.4766101694915254,0.6593363328597133,0.8003646231065689,0.8419911529183741,0.18308124466432657,0.32410953491118216,0.3657360647229874
22500906,2026-03-05,1089,19,3,0,16,Fadeaway Bank shot,3PT Field Goal,26,Above the Break 3,Left Side Center(LC),24+ ft.,-222,136,1,Made Shot,4,1.0,0.8,0.6,0.4766101694915254,0.47696476964769646,0.7144322899622362,0.8257601268971961,0.8426205291559417,0.23782212047071077,0.34914995740567073,0.36601035966441625
22500906,2026-03-05,1090,20,4,6,24,Fadeaway Jump Shot,2PT Field Goal,13,In The Paint (Non-RA),Center(C),8-16 ft.,-20,132,0,Missed Shot,5,1.0,1.0,0.7,0.47696476964769646,0.4766418415707515,0.7529536510239809,0.8359183269475079,0.8426834667796985,0.27598888137628447,0.35895355729981143,0.36571869713200206
22500906,2026-03-05,1091,21,4,5,21,Jump Shot,3PT Field Goal,26,Above the Break 3,Left Side Center(LC),24+ ft.,-197,173,0,Missed Shot,-1,0.6666666666666666,0.8,0.6,0.4766418415707515,0.476319350473613,0.569728494166404,0.41998160211513336,0.21268976054207417,0.09308665259565252,0.056660239455618155,0.26395208102867734
22500906,2026-03-05,1092,22,4,2,29,Driving Floating Jump Shot,2PT Field Goal,16,Mid-Range,Left Side Center(LC),16-24 ft.,-62,155,0,Missed Shot,-2,0.3333333333333333,0.6,0.5,0.476319350473613,0.4759972954699121,0.44154548778312314,0.25360691602373264,0.14969038991831174,0.034773862690489876,0.22271243444988037,0.3266289605553013
22500906,2026-03-05,1093,23,4,0,20,Jump Shot,3PT Field Goal,26,Above the Break 3,Center(C),24+ ft.,47,260,0,Missed Shot,-3,0.0,0.4,0.5,0.4759972954699121,0.4756756756756757,0.35185391160164414,0.18705704220182018,0.1433904528559355,0.12414338386826795,0.2889402532680919,0.3326068426139766
22500906,2026-03-05,1094,24,4,0,1,Pullup Jump shot,3PT Field Goal,30,Above the Break 3,Right Side Center(RC),24+ ft.,201,223,0,Missed Shot,-4,0.0,0.2,0.5,0.4756756756756757,0.475354490209318,0.28908769774936816,0.1604370927713988,0.14276045914969787,0.18658797792630755,0.31523858290427687,0.33291521652597783
22500914,2026-03-06,1095,1,1,10,35,Jump Shot,3PT Field Goal,26,Above the Break 3,Left Side Center(LC),24+ ft.,-197,181,1,Made Shot,-5,0.0,0.0,0.5,0.4756348661633493,0.47599451303155005,0.4756348661633493,0.4756348661633493,0.4756348661633493,0.0,0.0,0.0
22500914,2026-03-06,1096,2,1,10,1,Step Back Jump shot,2PT Field Goal,16,Mid-Range,Center(C),16-24 ft.,33,164,0,Missed Shot,1,0.3333333333333333,0.2,0.5,0.47599451303155005,0.4756682659355723,0.8426904598490048,0.8426904598490048,0.8426904598490048,0.36669594681745477,0.36669594681745477,0.36669594681745477
22500914,2026-03-06,1097,3,1,7,48,Jump Shot,3PT Field Goal,29,Above the Break 3,Left Side Center(LC),24+ ft.,-194,227,1,Made Shot,-1,0.3333333333333333,0.2,0.4,0.4756682659355723,0.476027397260274,0.43092575396665184,0.3426904598490048,0.2063268234853684,0.044742511968920484,0.1329778060865675,0.2693414424502039
22500914,2026-03-06,1098,4,1,6,41,Running Layup Shot,2PT Field Goal,0,Restricted Area,Center(C),Less Than 8 ft.,2,1,1,Made Shot,1,0.6666666666666666,0.4,0.4,0.476027397260274,0.47638603696098564,0.6189461676115618,0.6632032803618253,0.7796273967859417,0.14291877035128786,0.1871758831015513,0.30359999952566774
22500914,2026-03-06,1099,5,1,4,50,Driving Layup Shot,2PT Field Goal,4,In The Paint (Non-RA),Center(C),Less Than 8 ft.,-33,36,0,Missed Shot,2,0.6666666666666666,0.6,0.4,0.47638603696098564,0.47606019151846785,0.7072779055655463,0.7737249426076254,0.8363898297859984,0.23089186860456062,0.29733890564663973,0.36000379282501277
22500914,2026-03-06,1100,6,1,2,34,Running Pull-Up Jump Shot,3PT Field Goal,27,Above the Break 3,Center(C),24+ ft.,7,279,1,Made Shot,-1,0.6666666666666666,0.6,0.3,0.47606019151846785,0.4764183185235817,0.5036835722502886,0.39118706508663814,0.21205415348594114,0.027623380731820746,0.0848731264318297,0.2640060380325267
22500914,2026-03-06,1101,7,1,2,1,Pullup Jump shot,3PT Field Goal,29,Above the Break 3,Center(C),24+ ft.,-73,282,1,Made Shot,1,0.6666666666666666,0.6,0.4,0.4764183185235817,0.476775956284153,0.6189461676115618,0.6632032803618253,0.7796273967859417,0.14252784908798016,0.1867849618382436,0.30320907826236004
22500914,2026-03-06,1102,8,1,0,43,Fadeaway Jump Shot,2PT Field Goal,13,In The Paint (Non-RA),Center(C),8-16 ft.,-60,117,1,Made Shot,2,0.6666666666666666,0.8,0.5,0.476775956284153,0.47713310580204776,0.6920934483880454,0.7710723206898065,0.8363841592183747,0.21531749210389245,0.2942963644056535,0.35960820293422174
22500914,2026-03-06,1103,9,1,0,12,Step Back Jump shot,3PT Field Goal,30,Above the Break 3,Center(C),24+ ft.,22,305,1,Made Shot,3,1.0,0.8,0.6,0.47713310580204776,0.47748976807639837,0.7400363655970257,0.8140713840514899,0.8420598298426984,0.2629032597949779,0.33693827824944217,0.3649267240406507
22500914,2026-03-06,1104,10,2,7,21,Step Back Jump shot,3PT Field Goal,23,Left Corner 3,Left Side(L),24+ ft.,-235,-9,0,Missed Shot,4,1.0,0.8,0.7,0.47748976807639837,0.47716428084526247,0.7721275905526264,0.8312473321017246,0.8426273968489417,0.294637822476228,0.35375756402532627,0.36513762877254335
22500914,2026-03-06,1105,11,2,6,40,Turnaround Fadeaway shot,2PT Field Goal,13,In The Paint (Non-RA),Center(C),8-16 ft.,13,130,1,Made Shot,-1,0.6666666666666666,0.8,0.7,0.47716428084526247,0.4775204359673024,0.5778073865401236,0.4180698839545059,0.21268415348600414,0.10064310569486118,0.05909439689075657,0.2644801273592583
22500914,2026-03-06,1106,12,2,5,41,Jump Shot,3PT Field Goal,28,Above the Break 3,Center(C),24+ ft.,-83,270,1,Made Shot,1,0.6666666666666666,0.8,0.7,0.4775204359673024,0.4778761061946903,0.6588752857845359,0.6728529158661039,0.7796898292183747,0.1813548498172335,0.19533247989880143,0.3021693932510723
22500914,2026-03-06,1107,13,2,5,5,Pullup Jump shot,3PT Field Goal,31,Above the Break 3,Center(C),24+ ft.,82,307,0,Missed Shot,2,0.6666666666666666,0.8,0.8,0.4778761061946903,0.4775510204081633,0.7147938225308419,0.7747571519252241,0.8363903967859985,0.2369177163361516,0.2968810457305338,0.3585142905913082
22500914,2026-03-06,1108,14,2,4,37,Jump Shot,3PT Field Goal,28,Above the Break 3,Left Side Center(LC),24+ ft.,-153,246,0,Missed Shot,-1,0.6666666666666666,0.6,0.7,0.4775510204081633,0.4772263766145479,0.5414836284060713,0.39551459162575237,0.21206045354264172,0.06393260799790806,0.08203642878241091,0.2654905668655215
22500914,2026-03-06,1109,15,2,1,8,Step Back Jump shot,3PT Field Goal,26,Above the Break 3,Right Side Center(RC),24+ ft.,163,211,0,Missed Shot,-2,0.3333333333333333,0.4,0.6,0.4772263766145479,0.47690217391304346,0.4210287248909337,0.24381970535684416,0.14962745921836787,0.05619765172361424,0.23340667125770376,0.3275989173961801
22500914,2026-03-06,1110,16,3,10,58,Pullup Jump shot,2PT Field Goal,15,Mid-Range,Right Side(R),8-16 ft.,103,119,1,Made Shot,-3,0.0,0.4,0.6,0.47690217391304346,0.4772572980312288,0.33712892592207855,0.18314209290005026,0.1433841597859411,0.1397732479909649,0.2937600810129932,0.33351801412710236
22500914,2026-03-06,1111,17,3,10,28,Step Back Jump shot,3PT Field Goal,26,Above the Break 3,Right Side Center(RC),24+ ft.,87,252,0,Missed Shot,1,0.3333333333333333,0.4,0.6,0.4772572980312288,0.4769335142469471,0.48930310549457834,0.5788712830338159,0.7727598298426985,0.012045807463349545,0.10161398500258706,0.29550253181146974
22500914,2026-03-06,1112,18,3,9,13,Turnaround Fadeaway Bank Jump Shot,2PT Field Goal,8,In The Paint (Non-RA),Right Side(R),8-16 ft.,72,37,0,Missed Shot,-1,0.3333333333333333,0.2,0.5,0.4769335142469471,0.4766101694915254,0.3850768497264031,0.3171627441617446,0.20569739684837413,0.09185666452054397,0.15977077008520246,0.27123611739857295
22500914,2026-03-06,1113,19,3,8,41,Step Back Jump shot,3PT Field Goal,30,Above the Break 3,Left Side Center(LC),24+ ft.,-109,287,0,Missed Shot,-2,0.3333333333333333,0.2,0.4,0.4766101694915254,0.47628726287262874,0.3122423280376684,0.2124793663803138,0.14899115354894174,0.16436784145385702,0.2641308031112116,0.3276190159425837
22500914,2026-03-06,1114,20,3,7,15,Driving Floating Jump Shot,2PT Field Goal,5,In The Paint (Non-RA),Center(C),Less Than 8 ft.,37,42,0,Missed Shot,-3,0.0,0.2,0.3,0.47628726287262874,0.47596479350033855,0.2613187202943566,0.17060602131052266,0.1433205292189985,0.21496854257827214,0.3056812415621061,0.3329667336536303
22500914,2026-03-06,1115,21,3,5,51,Jump Shot,3PT Field Goal,24,Right Corner 3,Right Side(R),24+ ft.,235,62,0,Missed Shot,-4,0.0,0.2,0.3,0.47596479350033855,0.47564276048714477,0.22570182263092048,0.15385668424945104,0.14275346678600417,0.25026297086941807,0.3221081092508875,0.3332113267143344
22500914,2026-03-06,1116,22,3,3,42,Driving Layup Shot,2PT Field Goal,4,In The Paint (Non-RA),Center(C),Less Than 8 ft.,32,24,1,Made Shot,-5,0.0,0.0,0.2,0.47564276048714477,0.4759972954699121,0.2007844963267946,0.14715694957971756,0.14269676054270475,0.2748582641603502,0.32848581090742723,0.33294599994444
22500914,2026-03-06,1117,23,3,2,13,Pullup Jump shot,2PT Field Goal,8,In The Paint (Non-RA),Left Side(L),8-16 ft.,-42,71,1,Made Shot,1,0.3333333333333333,0.2,0.2,0.4759972954699121,0.47635135135135137,0.39343160695626644,0.5644770564754472,0.7726910899183748,0.08256568851364565,0.08847976100553512,0.29669379444846267
22500914,2026-03-06,1118,24,3,1,29,Driving Layup Shot,2PT Field Goal,3,Restricted Area,Center(C),Less Than 8 ft.,-16,35,1,Made Shot,2,0.6666666666666666,0.4,0.3,0.47635135135135137,0.47670492910195816,0.5282461598784549,0.7314050986170468,0.8356905228559417,0.05189480852710354,0.25505374726569546,0.3593391715045903
22500914,2026-03-06,1119,25,3,0,5,Step Back Bank Jump Shot,3PT Field Goal,29,Above the Break 3,Left Side Center(LC),24+ ft.,-199,214,1,Made Shot,3,1.0,0.6,0.4,0.47670492910195816,0.47705802968960864,0.6225975258204894,0.7981763153750161,0.8419904661496984,0.14589259671853128,0.32147138627305794,0.36528553704774025
22500922,2026-03-08,1120,1,1,11,7,Step Back Jump shot,3PT Field Goal,27,Above the Break 3,Left Side Center(LC),24+ ft.,-85,260,0,Missed Shot,4,1.0,0.8,0.5,0.4756348661633493,0.47530864197530864,0.4756348661633493,0.4756348661633493,0.4756348661633493,0.0,0.0,0.0
22500922,2026-03-08,1121,2,1,9,24,Driving Floating Jump Shot,2PT Field Goal,10,Mid-Range,Right Side(R),8-16 ft.,91,56,0,Missed Shot,-1,0.6666666666666666,0.8,0.4,0.47530864197530864,0.47498286497601094,0.1426904598490048,0.1426904598490048,0.1426904598490048,0.33261818212630384,0.33261818212630384,0.33261818212630384
22500922,2026-03-08,1122,3,1,8,57,Step Back Jump shot,3PT Field Goal,25,Above the Break 3,Left Side Center(LC),24+ ft.,-176,185,0,Missed Shot,-2,0.3333333333333333,0.6,0.4,0.47498286497601094,0.47465753424657536,0.1426904598490048,0.1426904598490048,0.1426904598490048,0.33229240512700614,0.33229240512700614,0.33229240512700614
22500922,2026-03-08,1123,4,1,8,1,Running Jump Shot,3PT Field Goal,26,Above the Break 3,Right Side Center(RC),24+ ft.,150,224,1,Made Shot,-3,0.0,0.4,0.4,0.47465753424657536,0.4750171115674196,0.1426904598490048,0.1426904598490048,0.1426904598490048,0.33196707439757056,0.33196707439757056,0.33196707439757056
22500922,2026-03-08,1124,5,1,6,1,Pullup Jump shot,2PT Field Goal,13,In The Paint (Non-RA),Center(C),8-16 ft.,62,125,0,Missed Shot,1,0.3333333333333333,0.4,0.5,0.4750171115674196,0.4746922024623803,0.4190426114478994,0.5737249426076254,0.7727534661496349,0.05597450011952021,0.0987078310402058,0.2977363545822153
22500922,2026-03-08,1125,6,1,5,25,Turnaround Jump Shot,2PT Field Goal,3,Restricted Area,Center(C),Less Than 8 ft.,37,11,1,Made Shot,-1,0.3333333333333333,0.2,0.5,0.4746922024623803,0.4750512645249487,0.31938801853783677,0.31242857818072156,0.20569108985530485,0.15530418392454354,0.16226362428165875,0.2690011126070755
22500922,2026-03-08,1126,7,1,3,53,Driving Floating Jump Shot,2PT Field Goal,14,Mid-Range,Center(C),8-16 ft.,-1,148,1,Made Shot,1,0.6666666666666666,0.4,0.6,0.4750512645249487,0.47540983606557374,0.4973112400147212,0.6318942385264676,0.7789910961496411,0.022259975489772488,0.15684297400151892,0.3039398316246924
22500922,2026-03-08,1127,8,1,3,22,Jump Shot,3PT Field Goal,27,Above the Break 3,Right Side Center(RC),24+ ft.,158,229,0,Missed Shot,2,0.6666666666666666,0.6,0.6,0.47540983606557374,0.4750853242320819,0.6102238444657473,0.7585795325056455,0.8363205292120117,0.13481400840017355,0.2831696964400717,0.360910693146438
22500922,2026-03-08,1128,9,2,1,22,Jump Shot,3PT Field Goal,28,Above the Break 3,Center(C),24+ ft.,67,278,0,Missed Shot,-1,0.6666666666666666,0.6,0.5,0.4750853242320819,0.4747612551159618,0.4613834781552536,0.3888037526565792,0.2120534605426348,0.013701846076828283,0.0862815715755027,0.2630318636894471
22500922,2026-03-08,1129,10,2,0,17,Step Back Jump shot,3PT Field Goal,26,Above the Break 3,Right Side Center(RC),24+ ft.,148,215,0,Missed Shot,-2,0.3333333333333333,0.4,0.4,0.4747612551159618,0.47443762781186094,0.36175521279702116,0.24109705654788985,0.1496267598559411,0.11300604231894062,0.23366419856807194,0.3251344952600207
22500922,2026-03-08,1130,11,3,10,48,Turnaround Fadeaway shot,2PT Field Goal,15,Mid-Range,Left Side(L),8-16 ft.,-156,31,1,Made Shot,-3,0.0,0.4,0.3,0.47443762781186094,0.47479564032697547,0.29412541244313783,0.18204690667156315,0.14338408984907416,0.1803122153687231,0.2923907211402978,0.3310535379627868
22500922,2026-03-08,1131,12,3,9,46,Pullup Jump shot,3PT Field Goal,26,Above the Break 3,Center(C),24+ ft.,-50,262,0,Missed Shot,1,0.3333333333333333,0.4,0.4,0.47479564032697547,0.47447243022464264,0.4620146453661013,0.5784496649147731,0.7727598228553054,0.012780994960874148,0.10365402458779766,0.29796418252832996
22500922,2026-03-08,1132,13,3,8,55,Fadeaway Jump Shot,3PT Field Goal,27,Above the Break 3,Left Side Center(LC),24+ ft.,-172,217,1,Made Shot,-1,0.3333333333333333,0.2,0.4,0.47447243022464264,0.4748299319727891,0.36487282183221087,0.3169897553059333,0.2056973961490678,0.10959960839243177,0.15748267491870932,0.26877503407557485
22500922,2026-03-08,1133,14,3,8,33,Step Back Jump shot,3PT Field Goal,27,Above the Break 3,Left Side Center(LC),24+ ft.,-183,207,0,Missed Shot,1,0.6666666666666666,0.4,0.5,0.4748299319727891,0.47450713800135963,0.5096205597457586,0.6324122947966067,0.7789911534790686,0.034790627772969485,0.15758236282381755,0.30416122150627944
22500922,2026-03-08,1134,15,3,4,9,Driving Layup Shot,2PT Field Goal,2,Restricted Area,Center(C),Less Than 8 ft.,-13,20,1,Made Shot,-1,0.3333333333333333,0.4,0.4,0.47450713800135963,0.4748641304347826,0.3987898503336977,0.3385784050737038,0.20632052921200542,0.07571728766766195,0.13592873292765584,0.2681866087893542
22500922,2026-03-08,1135,16,3,3,33,Step Back Jump shot,3PT Field Goal,24,Above the Break 3,Right Side Center(RC),24+ ft.,148,197,0,Missed Shot,1,0.6666666666666666,0.6,0.5,0.4748641304347826,0.4745417515274949,0.5325952827088554,0.6410459627109515,0.7790534667853053,0.05773115227407277,0.1661818322761689,0.3041893363505227
22500922,2026-03-08,1136,17,3,2,52,Jump Shot,3PT Field Goal,29,Above the Break 3,Left Side Center(LC),24+ ft.,-181,230,1,Made Shot,-1,0.3333333333333333,0.4,0.4,0.4745417515274949,0.47489823609226595,0.4152338092811031,0.3420325325684931,0.2063267605426348,0.0593079422463918,0.1325092189590018,0.2682149909848601
22500922,2026-03-08,1137,18,3,1,8,Fadeaway Jump Shot,2PT Field Goal,13,In The Paint (Non-RA),Center(C),8-16 ft.,-64,117,0,Missed Shot,1,0.6666666666666666,0.6,0.4,0.47489823609226595,0.4745762711864407,0.5437698184302159,0.6424273405442351,0.7790540899183678,0.06887158233794993,0.16752910445196917,0.30415585382610183
22500922,2026-03-08,1138,19,3,0,59,Fadeaway Jump Shot,3PT Field Goal,24,Left Corner 3,Left Side(L),24+ ft.,-241,53,0,Missed Shot,-1,0.3333333333333333,0.4,0.4,0.4745762711864407,0.4742547425474255,0.4232497543446746,0.3425851915221014,0.20632682285594106,0.05132651684176609,0.13199107966433932,0.26824944833049963
22500922,2026-03-08,1139,20,3,0,32,Step Back Jump shot,3PT Field Goal,26,Above the Break 3,Center(C),24+ ft.,-66,257,1,Made Shot,-2,0.3333333333333333,0.4,0.4,0.4742547425474255,0.4746106973595125,0.33898591452817506,0.2226483492214446,0.14905409614969842,0.13526882801925044,0.2516063933259809,0.32520064639772706
22500922,2026-03-08,1140,21,4,7,39,Step Back Jump shot,2PT Field Goal,12,Mid-Range,Right Side(R),8-16 ft.,115,48,1,Made Shot,1,0.3333333333333333,0.4,0.5,0.4746106973595125,0.4749661705006766,0.4902179495925699,0.5946736196884418,0.773326823479074,0.015607252233057423,0.12006292232892929,0.2987161261195615
22500922,2026-03-08,1141,22,4,3,0,Step Back Jump shot,3PT Field Goal,25,Above the Break 3,Right Side Center(RC),24+ ft.,136,214,0,Missed Shot,2,0.6666666666666666,0.6,0.5,0.4749661705006766,0.4746450304259635,0.5960187972954014,0.7434837244392534,0.8357540962120116,0.12105262679472484,0.2685175539385768,0.360787925711335
22500922,2026-03-08,1142,23,4,2,34,Driving Floating Bank Jump Shot,2PT Field Goal,4,In The Paint (Non-RA),Center(C),Less Than 8 ft.,-6,44,1,Made Shot,-1,0.6666666666666666,0.4,0.5,0.4746450304259635,0.475,0.45996710228339704,0.38300776505094825,0.21199682348530546,0.014677928142566465,0.09163726537501526,0.26264820694065805
22500922,2026-03-08,1143,24,4,1,55,Step Back Jump shot,3PT Field Goal,25,Above the Break 3,Left Side Center(LC),24+ ft.,-213,147,0,Missed Shot,1,0.6666666666666666,0.6,0.5,0.475,0.474679270762998,0.5748155421324057,0.6588173821238659,0.7796210962126349,0.09981554213240573,0.1838173821238659,0.3046210962126349
22500922,2026-03-08,1144,25,4,1,5,Jump Shot,3PT Field Goal,29,Above the Break 3,Left Side Center(LC),24+ ft.,-180,230,1,Made Shot,-1,0.3333333333333333,0.6,0.5,0.474679270762998,0.4750337381916329,0.44515317657172754,0.34914122867178315,0.2063835234853678,0.029526094191270447,0.12553804209121483,0.26829574727763017
22500946,2026-03-10,1145,1,1,11,42,Pullup Jump shot,2PT Field Goal,12,In The Paint (Non-RA),Center(C),8-16 ft.,-44,122,0,Missed Shot,1,0.6666666666666666,0.6,0.5,0.4756348661633493,0.47530864197530864,0.4756348661633493,0.4756348661633493,0.4756348661633493,0.0,0.0,0.0
22500946,2026-03-10,1146,2,1,10,40,Step Back Jump shot,2PT Field Goal,19,Mid-Range,Left Side Center(LC),16-24 ft.,-74,176,0,Missed Shot,-1,0.3333333333333333,0.4,0.5,0.47530864197530864,0.47498286497601094,0.1426904598490048,0.1426904598490048,0.1426904598490048,0.33261818212630384,0.33261818212630384,0.33261818212630384
22500946,2026-03-10,1147,3,1,9,29,Step Back Jump shot,2PT Field Goal,14,Mid-Range,Center(C),8-16 ft.,-22,147,0,Missed Shot,-2,0.3333333333333333,0.4,0.4,0.47498286497601094,0.47465753424657536,0.1426904598490048,0.1426904598490048,0.1426904598490048,0.33229240512700614,0.33229240512700614,0.33229240512700614
22500946,2026-03-10,1148,4,1,8,33,Step Back Jump shot,3PT Field Goal,25,Above the Break 3,Left Side Center(LC),24+ ft.,-137,218,0,Missed Shot,-3,0.0,0.2,0.4,0.47465753424657536,0.47433264887063653,0.1426904598490048,0.1426904598490048,0.1426904598490048,0.33196707439757056,0.33196707439757056,0.33196707439757056
22500946,2026-03-10,1149,5,1,6,38,Step Back Jump shot,2PT Field Goal,15,Mid-Range,Center(C),8-16 ft.,58,148,0,Missed Shot,-4,0.0,0.2,0.4,0.47433264887063653,0.4740082079343365,0.1426904598490048,0.1426904598490048,0.1426904598490048,0.33164218902163173,0.33164218902163173,0.33164218902163173
22500946,2026-03-10,1150,6,1,5,53,Driving Layup Shot,2PT Field Goal,2,Restricted Area,Center(C),Less Than 8 ft.,17,12,1,Made Shot,-5,0.0,0.0,0.3,0.4740082079343365,0.47436773752563227,0.1426904598490048,0.1426904598490048,0.1426904598490048,0.3313177480853317,0.3313177480853317,0.3313177480853317
22500946,2026-03-10,1151,7,1,3,52,Turnaround Hook Shot,2PT Field Goal,6,In The Paint (Non-RA),Center(C),Less Than 8 ft.,-20,57,0,Missed Shot,1,0.3333333333333333,0.2,0.3,0.47436773752563227,0.47404371584699456,0.38069098345015673,0.5644178552606107,0.7726910898496346,0.09367675407547554,0.09005011773497845,0.29832335232400237
22500946,2026-03-10,1152,8,1,3,46,Pullup Jump shot,3PT Field Goal,25,Above the Break 3,Right Side Center(RC),24+ ft.,114,226,0,Missed Shot,-1,0.3333333333333333,0.2,0.3,0.47404371584699456,0.4737201365187713,0.30288300474950397,0.31096616276065525,0.20569046614900544,0.1711607110974906,0.1630775530863393,0.2683532496979891
22500946,2026-03-10,1153,9,1,2,40,Driving Layup Shot,2PT Field Goal,1,Restricted Area,Center(C),Less Than 8 ft.,11,8,1,Made Shot,-2,0.3333333333333333,0.2,0.2,0.4737201365187713,0.4740791268758527,0.25188532662060253,0.20993452892211256,0.1489904599120048,0.22183480989816878,0.26378560759665876,0.32472967660676655
22500946,2026-03-10,1154,10,1,2,3,Step Back Jump shot,3PT Field Goal,25,Above the Break 3,Left Side Center(LC),24+ ft.,-223,118,0,Missed Shot,1,0.3333333333333333,0.4,0.3,0.4740791268758527,0.47375596455351054,0.4365799612916471,0.5896876374771369,0.7733204604796347,0.037499165584205574,0.11560851060128424,0.29924133360378197
22500946,2026-03-10,1155,11,2,6,6,Jump Shot,3PT Field Goal,27,Above the Break 3,Left Side Center(LC),24+ ft.,-113,256,1,Made Shot,-1,0.3333333333333333,0.4,0.2,0.47375596455351054,0.47411444141689374,0.3458502202393079,0.3214612053203251,0.20575345985531107,0.12790574431420265,0.15229475923318542,0.2680025046981995
22500946,2026-03-10,1156,12,2,3,43,Step Back Jump shot,3PT Field Goal,26,Above the Break 3,Left Side Center(LC),24+ ft.,-186,189,0,Missed Shot,1,0.6666666666666666,0.4,0.3,0.47411444141689374,0.47379169503063306,0.4979089908587523,0.6342118757514128,0.7789967598553678,0.023794549441858548,0.16009743433451906,0.304882318438474
22500946,2026-03-10,1157,13,2,2,10,Cutting Layup Shot,2PT Field Goal,3,Restricted Area,Center(C),Less Than 8 ft.,23,23,1,Made Shot,-1,0.3333333333333333,0.4,0.3,0.47379169503063306,0.4741496598639456,0.38984772453331384,0.33929407831037806,0.2063210898490684,0.08394397049731922,0.134497616720255,0.2674706051815646
22500946,2026-03-10,1158,14,2,1,39,Step Back Jump shot,3PT Field Goal,27,Above the Break 3,Left Side Center(LC),24+ ft.,-151,233,1,Made Shot,1,0.6666666666666666,0.6,0.4,0.4741496598639456,0.47450713800135963,0.5270296875926723,0.6413339341887152,0.7790535228490685,0.05288002772872674,0.16718427432476962,0.3049038629851229
22500946,2026-03-10,1159,15,2,1,14,Pullup Jump shot,3PT Field Goal,28,Above the Break 3,Left Side Center(LC),24+ ft.,-206,201,0,Missed Shot,2,0.6666666666666666,0.6,0.5,0.47450713800135963,0.4741847826086957,0.6223745702626204,0.7621481738931442,0.8363267661490117,0.1478674322612608,0.2876410358917845,0.36181962814765206
22500946,2026-03-10,1160,16,3,11,29,Driving Layup Shot,2PT Field Goal,1,Restricted Area,Center(C),Less Than 8 ft.,-13,14,1,Made Shot,-1,0.6666666666666666,0.6,0.5,0.4741847826086957,0.4745417515274949,0.47778287919134815,0.3904731463836386,0.21205409047900486,0.003598096582652477,0.08371163622505706,0.2621306921296908
22500946,2026-03-10,1161,17,3,9,13,Step Back Bank Jump Shot,3PT Field Goal,22,Left Corner 3,Left Side(L),24+ ft.,-222,58,1,Made Shot,1,0.6666666666666666,0.6,0.5,0.4745417515274949,0.47489823609226595,0.5876201749109053,0.6618036509984226,0.7796268229120049,0.11307842338341045,0.18726189947092775,0.30508507138451
22500946,2026-03-10,1162,18,3,8,37,Driving Floating Jump Shot,2PT Field Goal,11,Mid-Range,Left Side(L),8-16 ft.,-108,40,1,Made Shot,2,0.6666666666666666,0.8,0.6,0.47489823609226595,0.4752542372881356,0.6643196868612109,0.7703357549544454,0.8363840961553048,0.18942145076894495,0.29543751886217945,0.3614858600630389
22500946,2026-03-10,1163,19,3,8,11,Jump Shot,3PT Field Goal,28,Above the Break 3,Left Side Center(LC),24+ ft.,-200,200,0,Missed Shot,3,1.0,0.8,0.7,0.4752542372881356,0.4749322493224932,0.7179181993040387,0.8137485808744878,0.8420598234796346,0.24266396201590307,0.33849434358635216,0.366805586191499
22500946,2026-03-10,1164,20,3,4,0,Driving Layup Shot,2PT Field Goal,4,In The Paint (Non-RA),Center(C),Less Than 8 ft.,33,32,1,Made Shot,-1,0.6666666666666666,0.6,0.6,0.4749322493224932,0.4752877454299255,0.5451529441640269,0.4111136971916546,0.21262739621206778,0.0702206948415337,0.06381855213083865,0.26230485311042545
22500946,2026-03-10,1165,21,3,2,13,Pullup Jump shot,3PT Field Goal,29,Above the Break 3,Center(C),24+ ft.,59,287,0,Missed Shot,1,0.6666666666666666,0.8,0.7,0.4752877454299255,0.4749661705006766,0.6344854793238655,0.6700597576332068,0.779684153485311,0.15919773389393993,0.19477201220328128,0.3043964080553854
22500946,2026-03-10,1166,22,3,0,31,Step Back Jump shot,3PT Field Goal,25,Above the Break 3,Center(C),24+ ft.,-70,247,0,Missed Shot,-1,0.3333333333333333,0.6,0.6,0.4749661705006766,0.4746450304259635,0.4868645204053513,0.35363817757104876,0.2063898292126354,0.011898349904674699,0.12132799292962781,0.2685763412880412
22500946,2026-03-10,1167,23,4,6,30,Jump Shot,3PT Field Goal,26,Above the Break 3,Right Side Center(RC),24+ ft.,178,195,1,Made Shot,-2,0.3333333333333333,0.4,0.6,0.4746450304259635,0.475,0.383571916678826,0.2270695467151605,0.14906039678536787,0.0910731137471375,0.247575483710803,0.32558463364059564
22500946,2026-03-10,1168,24,4,5,5,Step Back Jump shot,2PT Field Goal,14,Mid-Range,Left Side(L),8-16 ft.,-88,119,1,Made Shot,1,0.3333333333333333,0.4,0.6,0.475,0.475354490209318,0.521345186447985,0.5964420948553898,0.7733274535426411,0.04634518644798502,0.12144209485538981,0.2983274535426411
22500960,2026-03-12,1169,1,1,10,40,Step Back Jump shot,2PT Field Goal,20,Mid-Range,Right Side Center(RC),16-24 ft.,100,174,0,Missed Shot,2,0.6666666666666666,0.6,0.6,0.4756348661633493,0.47530864197530864,0.4756348661633493,0.4756348661633493,0.4756348661633493,0.0,0.0,0.0
22500960,2026-03-12,1170,2,1,9,35,Driving Floating Bank Jump Shot,2PT Field Goal,4,In The Paint (Non-RA),Center(C),Less Than 8 ft.,33,31,0,Missed Shot,-1,0.6666666666666666,0.4,0.6,0.47530864197530864,0.47498286497601094,0.1426904598490048,0.1426904598490048,0.1426904598490048,0.33261818212630384,0.33261818212630384,0.33261818212630384
22500960,2026-03-12,1171,3,1,8,47,Fadeaway Jump Shot,2PT Field Goal,9,In The Paint (Non-RA),Right Side(R),8-16 ft.,56,75,1,Made Shot,-2,0.3333333333333333,0.4,0.5,0.47498286497601094,0.47534246575342465,0.1426904598490048,0.1426904598490048,0.1426904598490048,0.33229240512700614,0.33229240512700614,0.33229240512700614
22500960,2026-03-12,1172,4,1,7,9,Running Pull-Up Jump Shot,3PT Field Goal,27,Above the Break 3,Left Side Center(LC),24+ ft.,-192,193,0,Missed Shot,1,0.3333333333333333,0.6,0.5,0.47534246575342465,0.4750171115674196,0.4623251630453518,0.5914084085669534,0.7733210904796355,0.013017302708072831,0.11606594281352878,0.29797862472621084
22500960,2026-03-12,1173,5,1,6,18,Fadeaway Jump Shot,2PT Field Goal,11,In The Paint (Non-RA),Center(C),8-16 ft.,-54,105,0,Missed Shot,-1,0.3333333333333333,0.4,0.4,0.4750171115674196,0.4746922024623803,0.336136965968231,0.31510425295245303,0.2056967604790678,0.1388801455991886,0.15991285861496657,0.26932035108835184
22500960,2026-03-12,1174,6,1,5,25,Pullup Jump shot,3PT Field Goal,26,Above the Break 3,Left Side Center(LC),24+ ft.,-162,214,1,Made Shot,-2,0.3333333333333333,0.2,0.4,0.4746922024623803,0.4750512645249487,0.2663787509311872,0.2105857071816915,0.1489905228496348,0.20831345153119313,0.2641064952806888,0.32570167961274554
22500960,2026-03-12,1175,7,1,4,53,Jump Shot,3PT Field Goal,33,Above the Break 3,Left Side Center(LC),24+ ft.,-144,304,1,Made Shot,1,0.3333333333333333,0.4,0.4,0.4750512645249487,0.47540983606557374,0.4623251630453518,0.5914084085669535,0.7733210904796353,0.012726101479596907,0.11635714404200481,0.29826982595468654
22500960,2026-03-12,1176,8,1,3,49,Fadeaway Jump Shot,2PT Field Goal,11,Mid-Range,Left Side(L),8-16 ft.,-108,28,0,Missed Shot,2,0.6666666666666666,0.6,0.5,0.47540983606557374,0.4750853242320819,0.5866755403653741,0.7424250650261268,0.8357535291553118,0.11126570429980032,0.2670152289605531,0.360343693089738
22500960,2026-03-12,1177,9,1,1,53,Step Back Jump shot,3PT Field Goal,28,Above the Break 3,Left Side Center(LC),24+ ft.,-141,246,1,Made Shot,-1,0.6666666666666666,0.4,0.5,0.4750853242320819,0.47544338335607095,0.44533183273982874,0.38234832202556085,0.21199676054206779,0.029753491492253148,0.09273700220652104,0.2630885636900141
22500960,2026-03-12,1178,10,1,1,33,Jump Shot,3PT Field Goal,28,Above the Break 3,Left Side Center(LC),24+ ft.,-120,254,0,Missed Shot,1,0.6666666666666666,0.6,0.5,0.47544338335607095,0.47511929107021134,0.569552159104097,0.6586260292629134,0.7796210904859355,0.09410877574802601,0.1831826459068424,0.3041777071298646
22500960,2026-03-12,1179,11,1,1,4,Running Reverse Layup Shot,2PT Field Goal,3,Restricted Area,Center(C),Less Than 8 ft.,2,39,0,Missed Shot,-1,0.3333333333333333,0.6,0.4,0.47511929107021134,0.47479564032697547,0.43777116234013236,0.3490322243512103,0.2063835228553741,0.03734812873007898,0.12608706671900105,0.26873576821483725
22500960,2026-03-12,1180,12,2,5,28,Fadeaway Jump Shot,2PT Field Goal,12,In The Paint (Non-RA),Center(C),8-16 ft.,56,113,1,Made Shot,-2,0.3333333333333333,0.4,0.4,0.47479564032697547,0.47515316541865216,0.34746122913188193,0.22522197267154836,0.1490597661490685,0.12733441119509353,0.2495736676554271,0.32573587417790695
22500960,2026-03-12,1181,13,2,5,3,Driving Floating Jump Shot,2PT Field Goal,8,In The Paint (Non-RA),Right Side(R),8-16 ft.,70,41,1,Made Shot,1,0.3333333333333333,0.4,0.5,0.47515316541865216,0.47551020408163264,0.49811524383247335,0.5957092807236146,0.7733273904796354,0.022962078413821196,0.12055611530496246,0.29817422506098323
22500960,2026-03-12,1182,14,2,4,37,Step Back Jump shot,3PT Field Goal,28,Above the Break 3,Right Side Center(RC),24+ ft.,140,248,1,Made Shot,2,0.6666666666666666,0.6,0.5,0.47551020408163264,0.47586675730795375,0.6024991742090912,0.7438989826831044,0.8357541529120742,0.12698897012745852,0.26838877860147176,0.3602439488304416
22500960,2026-03-12,1183,15,2,4,13,Driving Layup Shot,2PT Field Goal,3,Restricted Area,Center(C),Less Than 8 ft.,-9,32,1,Made Shot,3,1.0,0.6,0.6,0.47586675730795375,0.47622282608695654,0.6750486068927468,0.803174028097883,0.8419968291553117,0.19918184958479307,0.3273072707899292,0.36613007184735796
22500960,2026-03-12,1184,16,2,2,52,Driving Floating Jump Shot,2PT Field Goal,12,In The Paint (Non-RA),Center(C),8-16 ft.,11,127,1,Made Shot,4,1.0,0.8,0.7,0.47622282608695654,0.47657841140529533,0.7255810687505428,0.8268839126068506,0.8426210967796355,0.2493582426635863,0.350661086519894,0.36639827069267894
22500960,2026-03-12,1185,17,2,0,6,Step Back Jump shot,3PT Field Goal,27,Above the Break 3,Right Side Center(RC),24+ ft.,151,233,0,Missed Shot,5,1.0,1.0,0.7,0.47657841140529533,0.4762550881953867,0.760831032038334,0.8363678450254612,0.842683523542068,0.2842526206330387,0.3597894336201659,0.36610511213677266
22500960,2026-03-12,1186,18,3,11,14,Jump Shot,3PT Field Goal,26,Above the Break 3,Right Side Center(RC),24+ ft.,112,242,1,Made Shot,-1,0.6666666666666666,0.8,0.6,0.4762550881953867,0.4766101694915254,0.5749564594078533,0.4201613424158546,0.2126897662183111,0.09870137121246664,0.05609374577953208,0.2635653219770756
22500960,2026-03-12,1187,19,3,9,50,Running Pull-Up Jump Shot,2PT Field Goal,6,In The Paint (Non-RA),Center(C),Less Than 8 ft.,-61,5,1,Made Shot,1,0.6666666666666666,0.8,0.7,0.4766101694915254,0.47696476964769646,0.6554076673812308,0.6736788302973338,0.7796903904859354,0.1787974978897054,0.19706866080580837,0.30308022099440995
22500960,2026-03-12,1188,20,3,8,33,Step Back Jump shot,2PT Field Goal,16,Mid-Range,Left Side Center(LC),16-24 ft.,-94,132,0,Missed Shot,2,0.6666666666666666,0.8,0.7,0.47696476964769646,0.4766418415707515,0.711656622716178,0.7750858108157903,0.8363904529126978,0.23469185306848156,0.29812104116809385,0.3594256832650013
22500960,2026-03-12,1189,21,3,7,3,Jump Shot,3PT Field Goal,27,Above the Break 3,Left Side Center(LC),24+ ft.,-186,197,1,Made Shot,-1,0.6666666666666666,0.6,0.7,0.4766418415707515,0.4769959404600812,0.5408304677955859,0.39564859606376274,0.21206045915537408,0.06418862622483434,0.08099324550698878,0.26458138241537743
22500960,2026-03-12,1190,22,3,6,31,Jump Shot,3PT Field Goal,25,Above the Break 3,Left Side Center(LC),24+ ft.,-130,222,1,Made Shot,1,0.6666666666666666,0.6,0.8,0.4769959404600812,0.47734956051386074,0.6314390744741221,0.6638737155145744,0.7796274597796415,0.15444313401404086,0.1868777750544932,0.30263151931956034
22500960,2026-03-12,1191,23,3,6,10,Step Back Jump shot,3PT Field Goal,27,Above the Break 3,Right Side Center(RC),24+ ft.,136,242,0,Missed Shot,2,0.6666666666666666,0.8,0.8,0.47734956051386074,0.47702702702702704,0.6948392784317787,0.7711637623039793,0.8363841598420685,0.217489717917918,0.2938142017901186,0.35903459932820775
22500960,2026-03-12,1192,24,3,3,22,Driving Floating Jump Shot,2PT Field Goal,7,In The Paint (Non-RA),Center(C),Less Than 8 ft.,62,35,0,Missed Shot,-1,0.6666666666666666,0.6,0.7,0.47702702702702704,0.47670492910195816,0.5291492855814356,0.39407978056564535,0.21205982984831115,0.05212225855440855,0.08294724646138169,0.26496719717871586
22500960,2026-03-12,1193,25,3,2,55,Step Back Jump shot,3PT Field Goal,25,Above the Break 3,Left Side Center(LC),24+ ft.,-86,245,0,Missed Shot,-2,0.3333333333333333,0.4,0.6,0.47670492910195816,0.47638326585695007,0.41318942212827525,0.24324618809320514,0.14962739684893545,0.06351550697368291,0.23345874100875302,0.3270775322530227
22500960,2026-03-12,1194,26,3,2,18,Driving Floating Jump Shot,2PT Field Goal,6,In The Paint (Non-RA),Center(C),Less Than 8 ft.,-61,5,0,Missed Shot,-3,0.0,0.4,0.5,0.47638326585695007,0.476062036412677,0.3320288492547506,0.182912751139892,0.14338415354899786,0.14435441660219944,0.2934705147170581,0.3329991123079522
22500960,2026-03-12,1195,27,3,2,11,Turnaround Fadeaway shot,2PT Field Goal,7,In The Paint (Non-RA),Center(C),Less Than 8 ft.,-76,4,1,Made Shot,-4,0.0,0.2,0.4,0.476062036412677,0.47641509433962265,0.27522199970119454,0.1587793763642728,0.1427598292190041,0.20084003671148248,0.3172826600484042,0.33330220719367293
22500960,2026-03-12,1196,28,4,4,56,Running Layup Shot,2PT Field Goal,1,Restricted Area,Center(C),Less Than 8 ft.,-13,3,1,Made Shot,1,0.3333333333333333,0.2,0.5,0.47641509433962265,0.4767676767676768,0.4454737253886291,0.5691260264625042,0.7726973967860047,0.03094136895099353,0.09271093212288156,0.29628230244638204
22500960,2026-03-12,1197,29,4,3,49,Jump Shot,3PT Field Goal,26,Above the Break 3,Center(C),24+ ft.,-9,269,1,Made Shot,2,0.6666666666666666,0.4,0.5,0.4767676767676768,0.4771197846567968,0.5646442274093901,0.7332646864955872,0.8356911535427047,0.08787655064171335,0.2564970097279104,0.35892347677502795
22500960,2026-03-12,1198,30,4,3,19,Step Back Jump shot,3PT Field Goal,26,Above the Break 3,Left Side Center(LC),24+ ft.,-150,216,1,Made Shot,3,1.0,0.6,0.5,0.4771197846567968,0.47747141896435774,0.6480607830757517,0.7989201505078269,0.8419905292183747,0.17094099841895488,0.32180036585103017,0.3648707445615779
22500960,2026-03-12,1199,31,4,2,56,Driving Layup Shot,2PT Field Goal,5,In The Paint (Non-RA),Center(C),Less Than 8 ft.,18,52,0,Missed Shot,4,1.0,0.8,0.6,0.47747141896435774,0.4771505376344086,0.7064510021847457,0.8251823361125639,0.8426204667859416,0.22897958322038792,0.3477109171482061,0.36514904782158386
22500974,2026-03-14,1200,1,1,11,12,Step Back Jump shot,3PT Field Goal,26,Above the Break 3,Left Side Center(LC),24+ ft.,-99,247,1,Made Shot,-1,0.6666666666666666,0.8,0.5,0.4756348661633493,0.47599451303155005,0.4756348661633493,0.4756348661633493,0.4756348661633493,0.0,0.0,0.0
22500974,2026-03-14,1201,2,1,10,55,Running Pull-Up Jump Shot,3PT Field Goal,28,Above the Break 3,Left Side Center(LC),24+ ft.,-162,235,0,Missed Shot,1,0.6666666666666666,0.8,0.5,0.47599451303155005,0.4756682659355723,0.8426904598490048,0.8426904598490048,0.8426904598490048,0.36669594681745477,0.36669594681745477,0.36669594681745477
22500974,2026-03-14,1202,3,1,8,1,Jump Shot,3PT Field Goal,27,Above the Break 3,Left Side Center(LC),24+ ft.,-113,248,1,Made Shot,-1,0.3333333333333333,0.6,0.5,0.4756682659355723,0.476027397260274,0.43092575396665184,0.3426904598490048,0.2063268234853684,0.044742511968920484,0.1329778060865675,0.2693414424502039
22500974,2026-03-14,1203,4,1,5,47,Fadeaway Jump Shot,3PT Field Goal,24,Right Corner 3,Right Side(R),24+ ft.,233,64,0,Missed Shot,1,0.6666666666666666,0.6,0.6,0.476027397260274,0.4757015742642026,0.6189461676115618,0.6632032803618253,0.7796273967859417,0.14291877035128786,0.1871758831015513,0.30359999952566774
22500974,2026-03-14,1204,5,1,4,32,Driving Floating Jump Shot,2PT Field Goal,8,In The Paint (Non-RA),Center(C),8-16 ft.,39,78,0,Missed Shot,-1,0.3333333333333333,0.4,0.6,0.4757015742642026,0.47537619699042405,0.43092575396665184,0.3426904598490048,0.20632682348536843,0.044775820297550784,0.1330111144151978,0.2693747507788342
22500974,2026-03-14,1205,6,1,4,16,Pullup Jump shot,2PT Field Goal,13,In The Paint (Non-RA),Center(C),8-16 ft.,59,126,1,Made Shot,-2,0.3333333333333333,0.4,0.6,0.47537619699042405,0.47573479152426523,0.3269860135614565,0.22144894675492138,0.1490535234796411,0.14839018342896754,0.25392725023550267,0.3263226735107829
22500974,2026-03-14,1206,7,1,2,23,Driving Layup Shot,2PT Field Goal,4,In The Paint (Non-RA),Center(C),Less Than 8 ft.,27,42,0,Missed Shot,1,0.3333333333333333,0.4,0.6,0.47573479152426523,0.47540983606557374,0.5023259110469974,0.5957268970959684,0.7733273904859355,0.026591119522732187,0.11999210557170314,0.29759259896167023
22500974,2026-03-14,1207,8,1,2,7,Jump Shot,3PT Field Goal,27,Above the Break 3,Left Side Center(LC),24+ ft.,-129,248,0,Missed Shot,-1,0.3333333333333333,0.4,0.5,0.47540983606557374,0.4750853242320819,0.38475260867180205,0.32345895094481614,0.20575409615536844,0.09065722739377169,0.1519508851207576,0.2696557399102053
22500974,2026-03-14,1208,9,1,0,23,Pullup Jump shot,2PT Field Goal,11,In The Paint (Non-RA),Center(C),8-16 ft.,-4,115,1,Made Shot,-2,0.3333333333333333,0.2,0.4,0.4750853242320819,0.47544338335607095,0.307691547181563,0.2149267286101001,0.14899682291206842,0.1673937770505189,0.2601585956219818,0.32608850132001344
22500974,2026-03-14,1209,10,1,0,2,Step Back Jump shot,3PT Field Goal,28,Above the Break 3,Left Side Center(LC),24+ ft.,-146,244,0,Missed Shot,1,0.3333333333333333,0.4,0.4,0.47544338335607095,0.47511929107021134,0.4749403119046672,0.5916837319413242,0.7733210967796353,0.0005030714514037693,0.11624034858525323,0.2978777134235644
22500974,2026-03-14,1210,11,2,5,46,Fadeaway Jump Shot,2PT Field Goal,13,In The Paint (Non-RA),Center(C),8-16 ft.,48,125,0,Missed Shot,-1,0.3333333333333333,0.4,0.4,0.47511929107021134,0.47479564032697547,0.3723679406776821,0.32225951750942533,0.2057535234853111,0.10275135039252925,0.152859773560786,0.2693657675849003
22500974,2026-03-14,1211,12,2,3,24,Step Back Jump shot,3PT Field Goal,27,Above the Break 3,Left Side Center(LC),24+ ft.,-180,205,1,Made Shot,-2,0.3333333333333333,0.2,0.3,0.47479564032697547,0.47515316541865216,0.30207477078223377,0.2145135637203234,0.14899676621206787,0.1727208695447417,0.26028207660665204,0.3257988741149076
22500974,2026-03-14,1212,13,2,2,52,Driving Floating Jump Shot,2PT Field Goal,16,Mid-Range,Left Side Center(LC),16-24 ft.,-132,104,0,Missed Shot,1,0.3333333333333333,0.4,0.4,0.47515316541865216,0.4748299319727891,0.4665358302598759,0.5914260249393073,0.7733210904859353,0.008617335158776274,0.11627285952065514,0.2981679250672832
22500974,2026-03-14,1213,14,2,0,2,Fadeaway Bank shot,3PT Field Goal,26,Above the Break 3,Right Side Center(RC),24+ ft.,233,136,0,Missed Shot,-1,0.3333333333333333,0.4,0.3,0.4748299319727891,0.47450713800135963,0.3684316979065595,0.32218287902495957,0.2057535229126411,0.10639823406622961,0.15264705294782954,0.269076409060148
22500974,2026-03-14,1214,15,3,10,46,Driving Floating Jump Shot,2PT Field Goal,15,In The Paint (Non-RA),Left Side(L),8-16 ft.,-77,132,0,Missed Shot,-2,0.3333333333333333,0.2,0.3,0.47450713800135963,0.4741847826086957,0.30024688133109856,0.21448713842583433,0.14899676615536786,0.17426025667026107,0.2600199995755253,0.32551037184599174
22500974,2026-03-14,1215,16,3,6,13,Pullup Jump shot,3PT Field Goal,25,Above the Break 3,Left Side Center(LC),24+ ft.,-145,214,0,Missed Shot,-3,0.0,0.2,0.3,0.4741847826086957,0.47386286490156143,0.2527544817984343,0.171409085025029,0.1433210904796411,0.22143030081026138,0.3027756975836667,0.3308636921290546
22500974,2026-03-14,1216,17,3,4,52,Pullup Jump shot,2PT Field Goal,10,In The Paint (Non-RA),Center(C),8-16 ft.,12,101,1,Made Shot,-4,0.0,0.2,0.2,0.47386286490156143,0.47421981004070557,0.21962517682440336,0.15417790251867794,0.14275352291206844,0.2542376880771581,0.31968496238288346,0.331109341989493
22500974,2026-03-14,1217,18,3,3,20,Running Pull-Up Jump Shot,2PT Field Goal,14,Mid-Range,Center(C),8-16 ft.,-10,145,1,Made Shot,1,0.3333333333333333,0.2,0.3,0.47421981004070557,0.4745762711864407,0.40698060763345784,0.5672855078882202,0.772696766155311,0.06723920240724773,0.09306569784751462,0.29847695611460545
22500974,2026-03-14,1218,19,3,2,29,Jump Shot,3PT Field Goal,25,Above the Break 3,Right Side Center(RC),24+ ft.,132,216,0,Missed Shot,2,0.6666666666666666,0.4,0.4,0.4745762711864407,0.4742547425474255,0.5379067652334799,0.7325284904201022,0.8356910904796353,0.06333049404703922,0.25795221923366146,0.3611148192931946
22500974,2026-03-14,1219,20,3,2,6,Driving Floating Jump Shot,2PT Field Goal,3,Restricted Area,Center(C),Less Than 8 ft.,-9,36,1,Made Shot,-1,0.6666666666666666,0.4,0.3,0.4742547425474255,0.4746106973595125,0.4192065685080417,0.37862566234943695,0.21199052291206782,0.05504817403938378,0.09562908019798855,0.2622642196353577
22500974,2026-03-14,1220,21,3,0,34,Jump Shot,3PT Field Goal,24,Above the Break 3,Left Side Center(LC),24+ ft.,-153,197,0,Missed Shot,1,0.6666666666666666,0.6,0.4,0.4746106973595125,0.4742895805142084,0.5463531890804062,0.6570645439106455,0.779620466155311,0.0717424917208937,0.182453846551133,0.3050097687957985
22500974,2026-03-14,1221,22,4,6,30,Jump Shot,3PT Field Goal,26,Above the Break 3,Left Side Center(LC),24+ ft.,-164,210,0,Missed Shot,-1,0.3333333333333333,0.6,0.4,0.4742895805142084,0.47396889790398916,0.4251866932658831,0.3484400921163164,0.2063834604796354,0.04910288724832529,0.125849488397892,0.267906120034573
22500974,2026-03-14,1222,23,4,2,33,Step Back Jump shot,3PT Field Goal,25,Above the Break 3,Center(C),24+ ft.,18,251,1,Made Shot,-2,0.3333333333333333,0.4,0.3,0.47396889790398916,0.4743243243243243,0.3404046749888595,0.2249903125387543,0.14905975991206785,0.13356422291512965,0.24897858536523487,0.32490913799192134
22500974,2026-03-14,1223,24,5,3,39,Step Back Jump shot,3PT Field Goal,26,Above the Break 3,Center(C),24+ ft.,-54,258,0,Missed Shot,1,0.3333333333333333,0.4,0.4,0.4743243243243243,0.47400405131667794,0.491131662535298,0.5956104011857053,0.773327389855311,0.016807338210973688,0.12128607686138099,0.2990030655309867
22500974,2026-03-14,1224,25,5,0,0,Step Back Jump shot,2PT Field Goal,17,Mid-Range,Left Side(L),16-24 ft.,-176,-16,1,Made Shot,-1,0.3333333333333333,0.4,0.4,0.47400405131667794,0.47435897435897434,0.38657927145358284,0.32385843630719363,0.2057541528496354,0.0874247798630951,0.1501456150094843,0.2682498984670425
22500974,2026-03-14,1225,26,5,2,51,Fadeaway Jump Shot,2PT Field Goal,8,In The Paint (Non-RA),Left Side(L),8-16 ft.,-76,35,0,Missed Shot,1,0.6666666666666666,0.4,0.5,0.47435897435897434,0.47403910991233983,0.5234309807254947,0.6351576504673294,0.7789968291490676,0.049072006366520315,0.16079867610835508,0.3046378547900933
22500989,2026-03-16,1226,1,1,11,27,Pullup Jump shot,2PT Field Goal,11,In The Paint (Non-RA),Center(C),8-16 ft.,50,103,0,Missed Shot,-1,0.3333333333333333,0.4,0.5,0.4756348661633493,0.47530864197530864,0.4756348661633493,0.4756348661633493,0.4756348661633493,0.0,0.0,0.0
22500989,2026-03-16,1227,2,1,10,58,Fadeaway Jump Shot,2PT Field Goal,9,In The Paint (Non-RA),Left Side(L),8-16 ft.,-72,56,1,Made Shot,-2,0.3333333333333333,0.4,0.4,0.47530864197530864,0.4756682659355723,0.1426904598490048,0.1426904598490048,0.1426904598490048,0.33261818212630384,0.33261818212630384,0.33261818212630384
22500989,2026-03-16,1228,3,1,9,8,Step Back Jump shot,3PT Field Goal,26,Above the Break 3,Left Side Center(LC),24+ ft.,-164,208,0,Missed Shot,1,0.3333333333333333,0.4,0.4,0.4756682659355723,0.47534246575342465,0.5544551657313577,0.6426904598490049,0.7790540962126411,0.07878689979578535,0.16702219391343254,0.3033858302770688
22500989,2026-03-16,1229,4,1,8,37,Jump Shot,3PT Field Goal,28,Above the Break 3,Right Side Center(RC),24+ ft.,199,198,1,Made Shot,-1,0.3333333333333333,0.4,0.4,0.47534246575342465,0.4757015742642026,0.3664347520864477,0.32217763933618426,0.20575352291206786,0.10890771366697694,0.15316482641724039,0.2695889428413568
22500989,2026-03-16,1230,5,1,7,59,Turnaround Fadeaway shot,2PT Field Goal,9,In The Paint (Non-RA),Center(C),8-16 ft.,-1,93,1,Made Shot,1,0.6666666666666666,0.4,0.4,0.4757015742642026,0.47606019151846785,0.5544551657313577,0.6426904598490049,0.7790540962126411,0.07875359146715505,0.16698888558480224,0.3033525219484385
22500989,2026-03-16,1231,6,1,7,15,Pullup Jump shot,2PT Field Goal,12,Mid-Range,Left Side(L),8-16 ft.,-91,92,1,Made Shot,2,0.6666666666666666,0.6,0.5,0.47606019151846785,0.4764183185235817,0.658394906136553,0.763931972943088,0.8363273962183686,0.1823347146180852,0.28787178142462017,0.36026720469990076
22500989,2026-03-16,1232,7,1,5,15,Pullup Jump shot,3PT Field Goal,24,Above the Break 3,Left Side Center(LC),24+ ft.,-113,221,1,Made Shot,3,1.0,0.8,0.6,0.4764183185235817,0.476775956284153,0.7210555322521641,0.8113814180136472,0.842054159212704,0.24463721372858244,0.3349630994900655,0.3656358406891223
22500989,2026-03-16,1233,8,1,4,37,Fadeaway Jump Shot,2PT Field Goal,16,Mid-Range,Center(C),16-24 ft.,-23,161,1,Made Shot,4,1.0,0.8,0.6,0.476775956284153,0.47713310580204776,0.7608208559267067,0.8301976716648438,0.8426268298426418,0.2840448996425537,0.35342171538069084,0.36585087355848883
22500989,2026-03-16,1234,9,1,1,10,Driving Finger Roll Layup Shot,2PT Field Goal,8,In The Paint (Non-RA),Right Side(R),8-16 ft.,61,53,1,Made Shot,5,1.0,1.0,0.7,0.47713310580204776,0.47748976807639837,0.7868842392880444,0.8376982601610172,0.8426840968489411,0.30975113348599664,0.36056515435896946,0.3655509910468933
22500989,2026-03-16,1235,10,1,0,29,Step Back Jump shot,3PT Field Goal,27,Above the Break 3,Left Side Center(LC),24+ ft.,-132,239,0,Missed Shot,6,1.0,1.0,0.7,0.47748976807639837,0.47716428084526247,0.8043301092359847,0.8406943653848176,0.8426898235490041,0.3268403411595863,0.3632045973084192,0.36520005547260576
22500989,2026-03-16,1236,11,2,7,4,Pullup Jump shot,3PT Field Goal,29,Above the Break 3,Center(C),24+ ft.,1,298,0,Missed Shot,-1,0.6666666666666666,0.8,0.7,0.47716428084526247,0.4768392370572207,0.6000683245714611,0.4218481028494715,0.21269039615600477,0.12290404372619862,0.05531617799579097,0.2644738846892577
22500989,2026-03-16,1237,12,2,5,35,Pullup Jump shot,2PT Field Goal,12,In The Paint (Non-RA),Center(C),8-16 ft.,-20,121,1,Made Shot,-2,0.3333333333333333,0.6,0.7,0.4768392370572207,0.4771953710006807,0.46008707854179504,0.2543464915224075,0.1496904534790748,0.016752158515425664,0.22249274553481319,0.3271487835781459
22500989,2026-03-16,1238,13,2,4,34,Fadeaway Jump Shot,2PT Field Goal,13,Mid-Range,Right Side(R),8-16 ft.,125,52,0,Missed Shot,1,0.3333333333333333,0.6,0.7,0.4771953710006807,0.47687074829931975,0.5764791084477943,0.6073587950820333,0.7733904592126355,0.09928373744711355,0.13016342408135256,0.2961950882119548
22500989,2026-03-16,1239,14,2,4,12,Jump Shot,2PT Field Goal,8,In The Paint (Non-RA),Center(C),8-16 ft.,1,87,1,Made Shot,-1,0.3333333333333333,0.4,0.7,0.47687074829931975,0.4772263766145479,0.4450692972113101,0.3285559229278132,0.2057604597853111,0.031801451088009636,0.14831482537150653,0.27111028851400865
22500989,2026-03-16,1240,15,2,3,18,Step Back Jump shot,3PT Field Goal,25,Above the Break 3,Center(C),24+ ft.,-44,255,0,Missed Shot,1,0.6666666666666666,0.4,0.7,0.4772263766145479,0.47690217391304346,0.5651701980226203,0.6370374731543842,0.778997459842641,0.08794382140807233,0.15981109653983627,0.3017710832280931
22500989,2026-03-16,1241,16,2,0,48,Layup Shot,2PT Field Goal,2,Restricted Area,Center(C),Less Than 8 ft.,-25,14,0,Missed Shot,-1,0.3333333333333333,0.4,0.6,0.47690217391304346,0.47657841140529533,0.43782168165588453,0.3404289466901763,0.20632115984836785,0.03908049225715893,0.13647322722286714,0.2705810140646756
22500989,2026-03-16,1242,17,3,11,47,Jump Shot,3PT Field Goal,24,Above the Break 3,Left Side Center(LC),24+ ft.,-186,167,0,Missed Shot,-2,0.3333333333333333,0.4,0.5,0.47657841140529533,0.4762550881953867,0.3489870917379284,0.22178580362863148,0.1490535298489411,0.12759131966736692,0.25479260777666385,0.32752488155635423
22500989,2026-03-16,1243,18,3,7,20,Step Back Jump shot,2PT Field Goal,17,Mid-Range,Left Side(L),16-24 ft.,-174,0,0,Missed Shot,-3,0.0,0.2,0.4,0.4762550881953867,0.4759322033898305,0.2869537937913951,0.17432858920776811,0.14332676684899842,0.18930129440399163,0.3019264989876186,0.3329283213463883
22500989,2026-03-16,1244,19,3,6,12,Step Back Jump shot,2PT Field Goal,16,Mid-Range,Left Side Center(LC),16-24 ft.,-98,136,1,Made Shot,-4,0.0,0.2,0.3,0.4759322033898305,0.47628726287262874,0.2436042025448282,0.15534571028801664,0.14275409054900418,0.2323280008450023,0.32058649310181386,0.3331781128408263
22500989,2026-03-16,1245,20,3,5,43,Running Layup Shot,2PT Field Goal,3,Restricted Area,Center(C),Less Than 8 ft.,-21,23,1,Made Shot,1,0.3333333333333333,0.2,0.3,0.47628726287262874,0.4766418415707515,0.42353518117267924,0.567752571360763,0.7726968229190048,0.052752081699949493,0.09146530848813422,0.29640956004637603
22500989,2026-03-16,1246,21,3,2,18,Step Back Jump shot,3PT Field Goal,24,Above the Break 3,Center(C),24+ ft.,26,247,1,Made Shot,2,0.6666666666666666,0.4,0.4,0.4766418415707515,0.4769959404600812,0.5493821809487658,0.7327153062674925,0.8356910961560047,0.07274033937801427,0.25607346469674097,0.35904925458525316
22500989,2026-03-16,1247,22,3,1,43,Fadeaway Jump Shot,3PT Field Goal,23,Left Corner 3,Left Side(L),24+ ft.,-227,47,0,Missed Shot,3,1.0,0.6,0.5,0.4769959404600812,0.4766734279918864,0.6374238399233249,0.7987003987066053,0.8419905234797047,0.16042789946324365,0.32170445824652405,0.3649945830196235
22500989,2026-03-16,1248,23,3,0,47,Step Back Jump shot,3PT Field Goal,26,Above the Break 3,Right Side Center(RC),24+ ft.,130,228,1,Made Shot,-1,0.6666666666666666,0.6,0.4,0.4766734279918864,0.47702702702702704,0.4889457736341457,0.4050944346996061,0.21262046621207475,0.012272345642259319,0.07157899329228029,0.26405296177981163
22500989,2026-03-16,1249,24,3,0,0,Fadeaway Jump Shot,3PT Field Goal,25,Above the Break 3,Right Side Center(RC),24+ ft.,228,107,0,Missed Shot,1,0.6666666666666666,0.8,0.5,0.47702702702702704,0.47670492910195816,0.5950982320967554,0.6676520499740037,0.7796834604853118,0.11807120506972835,0.1906250229469767,0.30265643345828475
22500989,2026-03-16,1250,25,4,4,39,Step Back Jump shot,3PT Field Goal,25,Above the Break 3,Right Side Center(RC),24+ ft.,126,227,0,Missed Shot,-1,0.3333333333333333,0.6,0.4,0.47670492910195816,0.47638326585695007,0.4593498935885809,0.3526750958103463,0.20638975991263547,0.017355035513377248,0.12402983329161188,0.2703151691893227
22500989,2026-03-16,1251,26,4,2,49,Driving Floating Jump Shot,2PT Field Goal,12,In The Paint (Non-RA),Center(C),8-16 ft.,-61,113,0,Missed Shot,-2,0.3333333333333333,0.4,0.4,0.47638326585695007,0.476062036412677,0.3643393218970849,0.2266843142193561,0.14906038985536788,0.11204394395986517,0.24969895163759398,0.32732287600158216
22500989,2026-03-16,1252,27,4,2,38,Turnaround Fadeaway shot,2PT Field Goal,6,In The Paint (Non-RA),Center(C),Less Than 8 ft.,58,25,1,Made Shot,-3,0.0,0.2,0.4,0.476062036412677,0.47641509433962265,0.29783842052362003,0.17628800159487568,0.1433274528496411,0.178223615889057,0.29977403481780135,0.3327345835630359
22501007,2026-03-18,1253,1,1,11,13,Pullup Jump shot,2PT Field Goal,10,In The Paint (Non-RA),Center(C),8-16 ft.,-22,101,0,Missed Shot,1,0.3333333333333333,0.4,0.5,0.4756348661633493,0.47530864197530864,0.4756348661633493,0.4756348661633493,0.4756348661633493,0.0,0.0,0.0
22501007,2026-03-18,1254,2,1,8,33,Step Back Jump shot,3PT Field Goal,25,Above the Break 3,Center(C),24+ ft.,25,255,0,Missed Shot,-1,0.3333333333333333,0.2,0.5,0.47530864197530864,0.47498286497601094,0.1426904598490048,0.1426904598490048,0.1426904598490048,0.33261818212630384,0.33261818212630384,0.33261818212630384
22501007,2026-03-18,1255,3,1,5,56,Fadeaway Jump Shot,2PT Field Goal,16,Mid-Range,Center(C),16-24 ft.,6,166,0,Missed Shot,-2,0.3333333333333333,0.2,0.4,0.47498286497601094,0.47465753424657536,0.1426904598490048,0.1426904598490048,0.1426904598490048,0.33229240512700614,0.33229240512700614,0.33229240512700614
22501007,2026-03-18,1256,4,1,4,57,Jump Shot,3PT Field Goal,28,Above the Break 3,Left Side Center(LC),24+ ft.,-114,264,1,Made Shot,-3,0.0,0.2,0.3,0.47465753424657536,0.4750171115674196,0.1426904598490048,0.1426904598490048,0.1426904598490048,0.33196707439757056,0.33196707439757056,0.33196707439757056
22501007,2026-03-18,1257,5,1,4,15,Step Back Jump shot,3PT Field Goal,24,Above the Break 3,Left Side Center(LC),24+ ft.,-169,180,0,Missed Shot,1,0.3333333333333333,0.4,0.3,0.4750171115674196,0.4746922024623803,0.4190426114478994,0.5737249426076254,0.7727534661496349,0.05597450011952021,0.0987078310402058,0.2977363545822153
22501007,2026-03-18,1258,6,1,2,55,Driving Floating Jump Shot,2PT Field Goal,9,In The Paint (Non-RA),Right Side(R),8-16 ft.,62,67,1,Made Shot,-1,0.3333333333333333,0.2,0.3,0.4746922024623803,0.4750512645249487,0.31938801853783677,0.31242857818072156,0.20569108985530485,0.15530418392454354,0.16226362428165875,0.2690011126070755
22501007,2026-03-18,1259,7,1,1,11,Running Pull-Up Jump Shot,3PT Field Goal,26,Above the Break 3,Left Side Center(LC),24+ ft.,-186,182,1,Made Shot,1,0.6666666666666666,0.4,0.3,0.4750512645249487,0.47540983606557374,0.4973112400147212,0.6318942385264676,0.7789910961496411,0.022259975489772488,0.15684297400151892,0.3039398316246924
22501007,2026-03-18,1260,8,1,0,29,Step Back Jump shot,3PT Field Goal,24,Above the Break 3,Right Side Center(RC),24+ ft.,135,208,0,Missed Shot,2,0.6666666666666666,0.6,0.4,0.47540983606557374,0.4750853242320819,0.6102238444657473,0.7585795325056455,0.8363205292120117,0.13481400840017355,0.2831696964400717,0.360910693146438
22501007,2026-03-18,1261,9,1,0,10,Jump Shot,3PT Field Goal,25,Above the Break 3,Right Side Center(RC),24+ ft.,240,97,1,Made Shot,-1,0.6666666666666666,0.6,0.4,0.4750853242320819,0.47544338335607095,0.4613834781552536,0.3888037526565792,0.2120534605426348,0.013701846076828283,0.0862815715755027,0.2630318636894471
22501007,2026-03-18,1262,10,2,5,10,Running Finger Roll Layup Shot,2PT Field Goal,0,Restricted Area,Center(C),Less Than 8 ft.,1,8,1,Made Shot,1,0.6666666666666666,0.6,0.5,0.47544338335607095,0.4758009543285617,0.5805858169985418,0.661207185897638,0.779626760485941,0.10514243364247089,0.1857638025415671,0.3041833771298701
22501007,2026-03-18,1263,11,2,3,17,Step Back Jump shot,3PT Field Goal,26,Above the Break 3,Right Side Center(RC),24+ ft.,162,204,0,Missed Shot,2,0.6666666666666666,0.8,0.5,0.4758009543285617,0.47547683923705725,0.6615029176697258,0.7701085694061696,0.8363840899183741,0.18570196334116412,0.2943076150776079,0.3605831355898124
22501007,2026-03-18,1264,12,2,2,38,Step Back Jump shot,3PT Field Goal,24,Right Corner 3,Right Side(R),24+ ft.,232,77,0,Missed Shot,-1,0.6666666666666666,0.6,0.5,0.47547683923705725,0.47515316541865216,0.5027195136116228,0.393641913515864,0.2120598228496985,0.027242674374565568,0.08183492572119327,0.26341701638735876
22501007,2026-03-18,1265,13,2,0,29,Step Back Jump shot,3PT Field Goal,23,Left Corner 3,Left Side(L),24+ ft.,-221,85,0,Missed Shot,-2,0.3333333333333333,0.4,0.5,0.47515316541865216,0.4748299319727891,0.39319483494988305,0.24306851511331964,0.14962739614901174,0.0819583304687691,0.2320846503053325,0.3255257692696404
22501007,2026-03-18,1266,14,2,0,17,Running Finger Roll Layup Shot,2PT Field Goal,1,Restricted Area,Center(C),Less Than 8 ft.,2,14,1,Made Shot,-3,0.0,0.4,0.5,0.4748299319727891,0.4751869476546567,0.31730826495259773,0.1828412777765828,0.14338415347900488,0.15752166702019138,0.29198865419620634,0.3314457784937842
22501007,2026-03-18,1267,15,3,10,3,Step Back Jump shot,2PT Field Goal,16,Mid-Range,Center(C),16-24 ft.,-2,162,0,Missed Shot,1,0.3333333333333333,0.4,0.5,0.4751869476546567,0.4748641304347826,0.4759992019708983,0.5787518497843853,0.772759829212011,0.0008122543162416007,0.10356490212972863,0.29757288155735434
22501007,2026-03-18,1268,16,3,9,36,Jump Shot,3PT Field Goal,26,Above the Break 3,Left Side Center(LC),24+ ft.,-94,243,1,Made Shot,-1,0.3333333333333333,0.2,0.5,0.4748641304347826,0.47522063815342835,0.37552959368913263,0.317114734892444,0.20569739678530485,0.09933453674564996,0.15774939554233858,0.26916673364947774
22501007,2026-03-18,1269,17,3,8,47,Jump Shot,3PT Field Goal,25,Above the Break 3,Right Side Center(RC),24+ ft.,212,138,0,Missed Shot,1,0.6666666666666666,0.4,0.5,0.47522063815342835,0.47489823609226595,0.5161451602732238,0.6324603053062716,0.7789911535426348,0.040924522119795415,0.15723966715284327,0.30377051538920646
22501007,2026-03-18,1270,18,3,2,45,Running Pull-Up Jump Shot,3PT Field Goal,25,Above the Break 3,Right Side Center(RC),24+ ft.,134,212,0,Missed Shot,-1,0.3333333333333333,0.4,0.4,0.47489823609226595,0.4745762711864407,0.4038475115485342,0.3385983475468116,0.2063205292183678,0.07105072454373174,0.13629988854545433,0.26857770687389815
22501007,2026-03-18,1271,19,3,1,45,Pullup Jump shot,3PT Field Goal,25,Above the Break 3,Left Side Center(LC),24+ ft.,-190,176,1,Made Shot,-2,0.3333333333333333,0.4,0.4,0.4745762711864407,0.4749322493224932,0.32537260643609556,0.22105360685051448,0.14905346678594109,0.14920366475034513,0.2535226643359262,0.32552280440049963
22501007,2026-03-18,1272,20,3,0,15,Driving Finger Roll Layup Shot,2PT Field Goal,1,Restricted Area,Center(C),Less Than 8 ft.,-9,16,1,Made Shot,1,0.3333333333333333,0.4,0.4,0.4749322493224932,0.4752877454299255,0.48074506990254307,0.5940357289020631,0.7733267605426983,0.005812820580049838,0.1191034795795699,0.2983945112202051
22501007,2026-03-18,1273,21,3,0,0,Step Back Jump shot,3PT Field Goal,26,Above the Break 3,Left Side Center(LC),24+ ft.,-164,211,0,Missed Shot,2,0.6666666666666666,0.6,0.4,0.4752877454299255,0.4749661705006766,0.5894153974035876,0.7432285691106206,0.8357540899183742,0.11412765197366209,0.2679408236806951,0.36046634448844866
22501007,2026-03-18,1274,22,4,5,3,Turnaround Fadeaway shot,2PT Field Goal,13,In The Paint (Non-RA),Center(C),8-16 ft.,58,125,1,Made Shot,-1,0.6666666666666666,0.4,0.4,0.4749661705006766,0.4753211629479378,0.4553230193940705,0.3829057019689345,0.21199682285594174,0.019643151106606083,0.0920604685317421,0.26296934764473484
22501007,2026-03-18,1275,23,4,3,14,Step Back Jump shot,3PT Field Goal,26,Above the Break 3,Right Side Center(RC),24+ ft.,104,239,1,Made Shot,1,0.6666666666666666,0.6,0.5,0.4753211629479378,0.4756756756756757,0.5715787054233763,0.6587765571822937,0.7796210961496985,0.0962575424754385,0.18345539423435586,0.30429993320176074
22501007,2026-03-18,1276,24,4,1,56,Step Back Jump shot,3PT Field Goal,28,Above the Break 3,Left Side Center(LC),24+ ft.,-165,233,0,Missed Shot,2,0.6666666666666666,0.8,0.6,0.4756756756756757,0.475354490209318,0.6529344978123304,0.769124898859971,0.836383523479074,0.17725882213665467,0.29344922318429534,0.36070784780339826
22501007,2026-03-18,1277,25,4,0,58,Step Back Jump shot,3PT Field Goal,24,Above the Break 3,Left Side Center(LC),24+ ft.,-134,211,1,Made Shot,-1,0.6666666666666666,0.6,0.5,0.475354490209318,0.4757085020242915,0.49983195484962434,0.3932642353475959,0.21205976621201172,0.024477464640306312,0.08209025486172211,0.2632947239973063
22501010,2026-03-19,1278,1,1,11,0,Jump Shot,3PT Field Goal,28,Above the Break 3,Left Side Center(LC),24+ ft.,-125,259,0,Missed Shot,1,0.6666666666666666,0.6,0.6,0.4756348661633493,0.47530864197530864,0.4756348661633493,0.4756348661633493,0.4756348661633493,0.0,0.0,0.0
22501010,2026-03-19,1279,2,1,9,46,Step Back Jump shot,3PT Field Goal,28,Above the Break 3,Left Side Center(LC),24+ ft.,-180,220,0,Missed Shot,-1,0.3333333333333333,0.6,0.5,0.47530864197530864,0.47498286497601094,0.1426904598490048,0.1426904598490048,0.1426904598490048,0.33261818212630384,0.33261818212630384,0.33261818212630384
22501010,2026-03-19,1280,3,1,8,13,Running Layup Shot,2PT Field Goal,1,Restricted Area,Center(C),Less Than 8 ft.,11,6,1,Made Shot,-2,0.3333333333333333,0.4,0.5,0.47498286497601094,0.47534246575342465,0.1426904598490048,0.1426904598490048,0.1426904598490048,0.33229240512700614,0.33229240512700614,0.33229240512700614
22501010,2026-03-19,1281,4,1,7,43,Fadeaway Jump Shot,2PT Field Goal,14,In The Paint (Non-RA),Center(C),8-16 ft.,65,130,0,Missed Shot,1,0.3333333333333333,0.4,0.6,0.47534246575342465,0.4750171115674196,0.4623251630453518,0.5914084085669534,0.7733210904796355,0.013017302708072831,0.11606594281352878,0.29797862472621084
22501010,2026-03-19,1282,5,1,7,9,Step Back Jump shot,3PT Field Goal,26,Above the Break 3,Left Side Center(LC),24+ ft.,-94,253,1,Made Shot,-1,0.3333333333333333,0.4,0.5,0.4750171115674196,0.47537619699042405,0.336136965968231,0.31510425295245303,0.2056967604790678,0.1388801455991886,0.15991285861496657,0.26932035108835184
22501010,2026-03-19,1283,6,1,6,40,Step Back Jump shot,3PT Field Goal,26,Above the Break 3,Right Side Center(RC),24+ ft.,87,248,1,Made Shot,1,0.6666666666666666,0.4,0.5,0.47537619699042405,0.47573479152426523,0.5188038347723758,0.6349310030109835,0.7789968229126354,0.043427637781951745,0.15955480602055944,0.30362062592221134
22501010,2026-03-19,1284,7,1,1,0,Pullup Jump shot,3PT Field Goal,26,Above the Break 3,Center(C),24+ ft.,48,258,0,Missed Shot,2,0.6666666666666666,0.6,0.6,0.47573479152426523,0.47540983606557374,0.6289255295661582,0.7600993667315958,0.8363211534796984,0.15319073804189298,0.2843645752073306,0.36058636195543314
22501010,2026-03-19,1285,8,2,4,39,Running Finger Roll Layup Shot,2PT Field Goal,2,Restricted Area,Center(C),Less Than 8 ft.,-26,12,1,Made Shot,-1,0.6666666666666666,0.6,0.5,0.47540983606557374,0.4757679180887372,0.4699638290807246,0.38904608891166104,0.21205346678530548,0.00544600698484915,0.0863637471539127,0.2633563692802683
22501010,2026-03-19,1286,9,2,4,10,Jump Shot,3PT Field Goal,29,Above the Break 3,Left Side Center(LC),24+ ft.,-196,223,1,Made Shot,1,0.6666666666666666,0.6,0.5,0.4757679180887372,0.4761255115961801,0.5886222395441907,0.6614112086789579,0.7796267662183678,0.11285432145545349,0.18564329059022067,0.3038588481296306
22501010,2026-03-19,1287,10,2,3,34,Pullup Jump shot,2PT Field Goal,9,In The Paint (Non-RA),Center(C),8-16 ft.,31,94,0,Missed Shot,2,0.6666666666666666,0.8,0.6,0.4761255115961801,0.4758009543285617,0.6680478140552015,0.7702072796182065,0.8363840905426985,0.19192230245902142,0.29408176802202635,0.36025857894651836
22501010,2026-03-19,1288,11,2,2,38,Driving Layup Shot,2PT Field Goal,2,Restricted Area,Center(C),Less Than 8 ft.,-15,17,0,Missed Shot,-1,0.6666666666666666,0.6,0.5,0.4758009543285617,0.47547683923705725,0.5058591803235095,0.3936577036718707,0.21205982285594172,0.03005822599494784,0.08214325065669098,0.26374113147261996
22501010,2026-03-19,1289,12,2,2,28,Driving Floating Jump Shot,2PT Field Goal,7,In The Paint (Non-RA),Center(C),Less Than 8 ft.,-23,71,1,Made Shot,-2,0.3333333333333333,0.4,0.5,0.47547683923705725,0.4758339006126617,0.39471079748283744,0.24307104131574847,0.14962739614907417,0.08076604175421981,0.23240579792130878,0.3258494430879831
22501010,2026-03-19,1290,13,2,0,47,Jump Shot,3PT Field Goal,26,Above the Break 3,Left Side Center(LC),24+ ft.,-180,199,0,Missed Shot,1,0.3333333333333333,0.6,0.6,0.4758339006126617,0.47551020408163264,0.5309909894697864,0.6028487285036721,0.7733841534796353,0.055157088857124725,0.12701482789101043,0.2975502528669736
22501010,2026-03-19,1291,14,2,0,15,Fadeaway Jump Shot,2PT Field Goal,7,In The Paint (Non-RA),Center(C),Less Than 8 ft.,-54,55,1,Made Shot,-1,0.3333333333333333,0.4,0.5,0.47551020408163264,0.47586675730795375,0.4133611264816286,0.3267519144565173,0.20575982921201108,0.06214907760000404,0.14875828962511534,0.26975037486962156
22501010,2026-03-19,1292,15,3,10,32,Step Back Jump shot,3PT Field Goal,25,Above the Break 3,Left Side Center(LC),24+ ft.,-123,221,1,Made Shot,1,0.6666666666666666,0.4,0.6,0.47586675730795375,0.47622282608695654,0.5430394346986496,0.6363158726714326,0.7789973967853112,0.06717267739069582,0.1604491153634789,0.30313063947735747
22501010,2026-03-19,1293,16,3,9,31,Step Back Jump shot,3PT Field Goal,25,Above the Break 3,Left Side Center(LC),24+ ft.,-169,185,1,Made Shot,2,0.6666666666666666,0.6,0.6,0.47622282608695654,0.47657841140529533,0.6333635615920142,0.7601407579339341,0.8363211535426354,0.1571407355050577,0.28391793184697756,0.3600983274556788
22501010,2026-03-19,1294,17,3,9,5,Pullup Jump shot,3PT Field Goal,27,Above the Break 3,Center(C),24+ ft.,26,272,1,Made Shot,3,1.0,0.8,0.6,0.47657841140529533,0.4769335142469471,0.6963710233292395,0.8096706003558818,0.842053529218368,0.21979261192394417,0.33309218895058645,0.3654751178130726
22501010,2026-03-19,1295,18,3,8,50,Running Pull-Up Jump Shot,3PT Field Goal,22,Left Corner 3,Left Side(L),24+ ft.,-222,15,0,Missed Shot,4,1.0,0.8,0.7,0.4769335142469471,0.4766101694915254,0.7403692074871207,0.8294825194554174,0.8426267667859411,0.2634356932401736,0.3525490052084703,0.365693252538994
22501010,2026-03-19,1296,19,3,7,48,Driving Finger Roll Layup Shot,2PT Field Goal,1,Restricted Area,Center(C),Less Than 8 ft.,-13,4,1,Made Shot,-1,0.6666666666666666,0.8,0.6,0.4766101694915254,0.47696476964769646,0.5607731264952671,0.41740725537397333,0.2126840905426984,0.08416295700374171,0.059202914117552075,0.263926078948827
22501010,2026-03-19,1297,20,3,4,44,Fadeaway Jump Shot,3PT Field Goal,23,Left Corner 3,Left Side(L),24+ ft.,-229,30,0,Missed Shot,1,0.6666666666666666,0.8,0.6,0.47696476964769646,0.4766418415707515,0.6454448429034387,0.6725771850730498,0.7796898229183742,0.16848007325574227,0.1956124154253533,0.3027250532706777
22501010,2026-03-19,1298,21,3,2,42,Fadeaway Jump Shot,2PT Field Goal,17,Mid-Range,Right Side Center(RC),16-24 ft.,104,137,0,Missed Shot,-1,0.3333333333333333,0.6,0.6,0.4766418415707515,0.476319350473613,0.49449808414739427,0.3546451464429231,0.20639039615594174,0.017856242576642756,0.1219966951278284,0.2702514454148098
22501010,2026-03-19,1299,22,3,2,15,Driving Floating Jump Shot,2PT Field Goal,7,In The Paint (Non-RA),Center(C),Less Than 8 ft.,44,64,1,Made Shot,-2,0.3333333333333333,0.4,0.6,0.476319350473613,0.4766734279918864,0.38889681370502993,0.22747233392726018,0.14906045347969848,0.08742253676858308,0.24884701654635283,0.3272588969939145
22501010,2026-03-19,1300,23,3,0,59,Jump Shot,3PT Field Goal,25,Above the Break 3,Right Side Center(RC),24+ ft.,85,245,1,Made Shot,1,0.3333333333333333,0.4,0.6,0.4766734279918864,0.47702702702702704,0.5250881559258673,0.5966032101296889,0.773327459212074,0.04841472793398094,0.11992978213780248,0.29665403122018763
22501010,2026-03-19,1301,24,3,0,3,Step Back Jump shot,3PT Field Goal,27,Above the Break 3,Center(C),24+ ft.,-23,271,0,Missed Shot,2,0.6666666666666666,0.6,0.7,0.47702702702702704,0.47670492910195816,0.6203949313733789,0.7442555600651795,0.8357541597853118,0.14336790434635183,0.2672285330381524,0.3587271327582847
22501010,2026-03-19,1302,25,4,6,35,Step Back Jump shot,3PT Field Goal,25,Above the Break 3,Left Side Center(LC),24+ ft.,-115,226,0,Missed Shot,-1,0.6666666666666666,0.4,0.6,0.47670492910195816,0.47638326585695007,0.4770561288917826,0.3833164998338794,0.21199682984263546,0.0003511997898244523,0.09338842926807878,0.2647080992593227
22501010,2026-03-19,1303,26,4,4,31,Running Pull-Up Jump Shot,2PT Field Goal,10,In The Paint (Non-RA),Right Side(R),8-16 ft.,64,84,1,Made Shot,-2,0.3333333333333333,0.4,0.5,0.47638326585695007,0.47673634524612274,0.3767329741554849,0.23894087582669937,0.14962109684836786,0.09965029170146517,0.2374423900302507,0.32676216900858224
22501010,2026-03-19,1304,27,4,3,54,Driving Floating Jump Shot,2PT Field Goal,3,Restricted Area,Center(C),Less Than 8 ft.,-31,19,1,Made Shot,1,0.3333333333333333,0.6,0.5,0.47673634524612274,0.477088948787062,0.516533343595734,0.6011906262563969,0.773383523548941,0.03979699834961126,0.12445428101027411,0.2966471783028183
22501010,2026-03-19,1305,28,4,3,40,Putback Layup Shot,2PT Field Goal,1,Restricted Area,Center(C),Less Than 8 ft.,6,9,1,Made Shot,2,0.6666666666666666,0.6,0.5,0.477088948787062,0.47744107744107744,0.6143869086606415,0.7460905264145719,0.8357597662189984,0.1372979598735795,0.26900157762750987,0.3586708174319364
22501010,2026-03-19,1306,29,4,1,59,Jump Shot,3PT Field Goal,24,Above the Break 3,Left Side Center(LC),24+ ft.,-180,166,1,Made Shot,3,1.0,0.6,0.6,0.47744107744107744,0.477792732166891,0.6828811246588695,0.8040504864756493,0.8419973904860041,0.20544004721779208,0.3266094090345718,0.36455631304492664
22501010,2026-03-19,1307,30,4,1,1,Fadeaway Jump Shot,3PT Field Goal,24,Above the Break 3,Left Side Center(LC),24+ ft.,-229,94,1,Made Shot,4,1.0,0.8,0.6,0.477792732166891,0.4781439139206456,0.7308254689786124,0.8272344704997294,0.8426211529127048,0.25303273681172145,0.3494417383328384,0.3648284207458138
22501024,2026-03-21,1308,1,1,11,5,Running Layup Shot,2PT Field Goal,2,Restricted Area,Center(C),Less Than 8 ft.,-20,16,1,Made Shot,5,1.0,1.0,0.7,0.4756348661633493,0.47599451303155005,0.4756348661633493,0.4756348661633493,0.4756348661633493,0.0,0.0,0.0
22501024,2026-03-21,1309,2,1,10,27,Step Back Jump shot,3PT Field Goal,25,Above the Break 3,Left Side Center(LC),24+ ft.,-141,218,0,Missed Shot,6,1.0,1.0,0.8,0.47599451303155005,0.4756682659355723,0.8426904598490048,0.8426904598490048,0.8426904598490048,0.36669594681745477,0.36669594681745477,0.36669594681745477
22501024,2026-03-21,1310,3,1,9,53,Step Back Jump shot,2PT Field Goal,11,Mid-Range,Left Side(L),8-16 ft.,-89,71,0,Missed Shot,-1,0.6666666666666666,0.8,0.7,0.4756682659355723,0.47534246575342465,0.43092575396665184,0.3426904598490048,0.2063268234853684,0.044742511968920484,0.1329778060865675,0.2693414424502039
22501024,2026-03-21,1311,4,1,8,35,Pullup Jump shot,2PT Field Goal,11,Mid-Range,Right Side(R),8-16 ft.,105,43,0,Missed Shot,-2,0.3333333333333333,0.6,0.6,0.47534246575342465,0.4750171115674196,0.29931146441521483,0.21448533164387662,0.1489967661553111,0.1760310013382098,0.26085713410954803,0.32634569959811355
22501024,2026-03-21,1312,5,1,8,30,Driving Layup Shot,2PT Field Goal,3,Restricted Area,Center(C),Less Than 8 ft.,28,11,1,Made Shot,-3,0.0,0.4,0.6,0.4750171115674196,0.47537619699042405,0.23747924784742563,0.17027666674555653,0.14332052285530544,0.23753786371999397,0.3047404448218631,0.33169658871211416
22501024,2026-03-21,1313,6,1,7,22,Pullup Jump shot,3PT Field Goal,25,Above the Break 3,Right Side Center(RC),24+ ft.,85,237,1,Made Shot,1,0.3333333333333333,0.4,0.7,0.47537619699042405,0.47573479152426523,0.4557228063204627,0.5778989952515265,0.7727597605420118,0.019653390669961357,0.1025227982611025,0.29738356355158774
22501024,2026-03-21,1314,7,1,6,19,Step Back Jump shot,3PT Field Goal,25,Above the Break 3,Left Side Center(LC),24+ ft.,-114,233,1,Made Shot,2,0.6666666666666666,0.4,0.7,0.47573479152426523,0.4760928961748634,0.5872920979726087,0.7374273019542679,0.8356974528559977,0.1115573064483435,0.26169251043000263,0.3599626613317325
22501024,2026-03-21,1315,8,1,4,56,Driving Finger Roll Layup Shot,2PT Field Goal,3,Restricted Area,Center(C),Less Than 8 ft.,29,15,1,Made Shot,3,1.0,0.6,0.7,0.4760928961748634,0.4764505119453925,0.6707878399162792,0.8006888444022568,0.8419911597790748,0.19469494374141583,0.32459594822739346,0.3658982636042114
22501024,2026-03-21,1316,9,1,3,27,Fadeaway Jump Shot,2PT Field Goal,15,Mid-Range,Center(C),8-16 ft.,25,155,1,Made Shot,4,1.0,0.8,0.7,0.4764505119453925,0.4768076398362892,0.7255134483164034,0.8259063402083571,0.8426205298483054,0.2490629363710109,0.34945582826296456,0.36617001790291287
22501024,2026-03-21,1317,10,1,2,40,Fadeaway Jump Shot,2PT Field Goal,11,In The Paint (Non-RA),Center(C),8-16 ft.,42,110,1,Made Shot,5,1.0,1.0,0.7,0.4768076398362892,0.47716428084526247,0.7621447572195572,0.8359794525987201,0.8426834668489978,0.285337117383268,0.3591718127624309,0.36587582701270854
22501024,2026-03-21,1318,11,1,0,0,Driving Layup Shot,2PT Field Goal,4,In The Paint (Non-RA),Center(C),Less Than 8 ft.,-26,38,0,Missed Shot,6,1.0,1.0,0.7,0.47716428084526247,0.4768392370572207,0.7870108742689093,0.8400064792132369,0.8426897605490047,0.3098465934236468,0.36284219836797443,0.3655254797037422
22501024,2026-03-21,1319,12,2,6,15,Pullup Jump shot,3PT Field Goal,26,Above the Break 3,Left Side Center(LC),24+ ft.,-136,231,0,Missed Shot,-1,0.6666666666666666,0.8,0.6,0.4768392370572207,0.4765146358066712,0.5898155541421266,0.4215993183264123,0.21269038991270478,0.11297631708490591,0.05523991873080841,0.2641488471445159
22501024,2026-03-21,1320,13,2,4,45,Turnaround Jump Shot,2PT Field Goal,13,In The Paint (Non-RA),Center(C),8-16 ft.,42,125,1,Made Shot,-2,0.3333333333333333,0.6,0.6,0.4765146358066712,0.47687074829931975,0.45379533087885904,0.2542511956043657,0.1496904528553118,0.022719304927812156,0.22226344020230548,0.3268241829513594
22501024,2026-03-21,1321,14,2,3,59,Pullup Jump shot,2PT Field Goal,8,In The Paint (Non-RA),Left Side(L),8-16 ft.,-78,31,1,Made Shot,1,0.3333333333333333,0.6,0.7,0.47687074829931975,0.4772263766145479,0.5716053188853033,0.6073171235364831,0.7733904591496978,0.09473457058598356,0.1304463752371634,0.2965197108503781
22501024,2026-03-21,1322,15,2,1,48,Step Back Jump shot,3PT Field Goal,25,Above the Break 3,Left Side Center(LC),24+ ft.,-108,236,1,Made Shot,2,0.6666666666666666,0.6,0.8,0.4772263766145479,0.47758152173913043,0.6534861961764535,0.748541504420307,0.8357604597790746,0.17625981956190562,0.27131512780575906,0.35853408316452673
22501024,2026-03-21,1323,16,2,0,55,Driving Reverse Layup Shot,2PT Field Goal,1,Restricted Area,Center(C),Less Than 8 ft.,15,6,0,Missed Shot,3,1.0,0.6,0.8,0.47758152173913043,0.4772572980312288,0.7105182384067448,0.8050309383325935,0.8419974598420117,0.23293671666761434,0.3274494165934631,0.36441593810288125
22501024,2026-03-21,1324,17,2,0,3,Jump Shot,3PT Field Goal,26,Above the Break 3,Left Side Center(LC),24+ ft.,-164,214,0,Missed Shot,-1,0.6666666666666666,0.6,0.7,0.4772572980312288,0.4769335142469471,0.53960189975787,0.40762648055852535,0.21262115984830543,0.06234460172664119,0.06963081747270344,0.26463613818292336
22501024,2026-03-21,1325,18,3,11,15,Jump Shot,3PT Field Goal,25,Above the Break 3,Left Side Center(LC),24+ ft.,-194,163,0,Missed Shot,-2,0.3333333333333333,0.6,0.6,0.4769335142469471,0.4766101694915254,0.42025082075668063,0.24866484082341125,0.14968352984893485,0.056682693490266445,0.22826867342353582,0.32724998439801223
22501024,2026-03-21,1326,19,3,10,49,Fadeaway Jump Shot,2PT Field Goal,12,In The Paint (Non-RA),Center(C),8-16 ft.,-53,108,0,Missed Shot,-3,0.0,0.4,0.5,0.4766101694915254,0.47628726287262874,0.3368468963998361,0.18508020786926468,0.14338976684899782,0.1397632730916893,0.29152996162226075,0.3332204026425276
22501024,2026-03-21,1327,20,3,8,55,Turnaround Fadeaway shot,2PT Field Goal,13,Mid-Range,Left Side(L),8-16 ft.,-132,20,0,Missed Shot,-4,0.0,0.2,0.4,0.47628726287262874,0.47596479350033855,0.2785334945990838,0.15964635835798843,0.1427603905490041,0.19775376827354496,0.31664090451464033,0.33352687232362466
22501024,2026-03-21,1328,21,3,8,26,Jump Shot,3PT Field Goal,22,Right Corner 3,Right Side(R),24+ ft.,224,24,0,Missed Shot,-5,0.0,0.0,0.3,0.47596479350033855,0.47564276048714477,0.23774804053594334,0.149472819140739,0.14269745291900474,0.2382167529643952,0.32649197435959953,0.3332673405813338
22501024,2026-03-21,1329,22,3,6,50,Step Back Jump shot,2PT Field Goal,9,Mid-Range,Left Side(L),8-16 ft.,-91,34,1,Made Shot,-6,0.0,0.0,0.3,0.47564276048714477,0.4759972954699121,0.20921482922269374,0.145403403547801,0.1426911591560048,0.266427931264451,0.33023935693934375,0.33295160133114
22501024,2026-03-21,1330,23,3,4,36,Turnaround Jump Shot,2PT Field Goal,12,In The Paint (Non-RA),Center(C),8-16 ft.,-5,121,0,Missed Shot,1,0.3333333333333333,0.2,0.4,0.4759972954699121,0.4756756756756757,0.39933185076383865,0.5637756380645315,0.7726905297797049,0.07666544470607345,0.08777834259461936,0.2966932343097928
22501024,2026-03-21,1331,24,3,3,34,Step Back Jump shot,3PT Field Goal,25,Above the Break 3,Left Side Center(LC),24+ ft.,-170,184,0,Missed Shot,-1,0.3333333333333333,0.2,0.3,0.4756756756756757,0.475354490209318,0.3223183558605506,0.3111245309574281,0.2056904668420748,0.15335731981512513,0.1645511447182476,0.2699852088336009
22501024,2026-03-21,1332,25,3,3,2,Turnaround Jump Shot,2PT Field Goal,6,In The Paint (Non-RA),Center(C),Less Than 8 ft.,66,13,0,Missed Shot,-2,0.3333333333333333,0.2,0.2,0.475354490209318,0.4750337381916329,0.2684196610787708,0.21006408826392814,0.1489904605483118,0.20693482913054723,0.2652904019453899,0.3263640296610062
22501024,2026-03-21,1333,26,3,0,37,Jump Shot,3PT Field Goal,27,Above the Break 3,Center(C),24+ ft.,20,271,0,Missed Shot,-3,0.0,0.2,0.1,0.4750337381916329,0.47471341874578554,0.2306958416868009,0.16963991121042277,0.1433204599189355,0.244337896504832,0.30539382698121015,0.3317132782726974
22501024,2026-03-21,1334,27,4,6,5,Jump Shot,3PT Field Goal,25,Above the Break 3,Left Side Center(LC),24+ ft.,-110,227,0,Missed Shot,-4,0.0,0.2,0.1,0.47471341874578554,0.4743935309973046,0.20429174845640174,0.15347024039284377,0.14275345985599788,0.2704216702893838,0.3212431783529418,0.3319599588897877
22501024,2026-03-21,1335,28,4,2,57,Step Back Jump shot,3PT Field Goal,23,Left Corner 3,Left Side(L),24+ ft.,-230,10,0,Missed Shot,-5,0.0,0.0,0.1,0.4743935309973046,0.4740740740740741,0.1858101474045173,0.1470023720664239,0.14269675984970412,0.2885833835927873,0.32739115893088067,0.33169677114760043
22501024,2026-03-21,1336,29,4,1,32,Pullup Jump shot,2PT Field Goal,7,In The Paint (Non-RA),Center(C),Less Than 8 ft.,7,74,1,Made Shot,-6,0.0,0.0,0.1,0.4740740740740741,0.47442799461641993,0.17287364607621944,0.14441522473595378,0.14269108984907472,0.3012004279978546,0.3296588493381203,0.33138298422499934
22501024,2026-03-21,1337,30,4,1,4,Step Back Jump shot,3PT Field Goal,25,Above the Break 3,Left Side Center(LC),24+ ft.,-162,199,0,Missed Shot,1,0.3333333333333333,0.2,0.2,0.47442799461641993,0.4741089441829186,0.3738251606574395,0.563380365804992,0.7726905228490117,0.10060283395898045,0.08895237118857202,0.2982625282325918
22501038,2026-03-23,1338,1,1,11,40,Step Back Jump shot,3PT Field Goal,28,Above the Break 3,Left Side Center(LC),24+ ft.,-191,205,0,Missed Shot,-1,0.3333333333333333,0.2,0.2,0.4756348661633493,0.47530864197530864,0.4756348661633493,0.4756348661633493,0.4756348661633493,0.0,0.0,0.0
22501038,2026-03-23,1339,2,1,11,28,Driving Floating Bank Jump Shot,2PT Field Goal,7,In The Paint (Non-RA),Center(C),Less Than 8 ft.,-70,30,1,Made Shot,-2,0.3333333333333333,0.2,0.2,0.47530864197530864,0.4756682659355723,0.1426904598490048,0.1426904598490048,0.1426904598490048,0.33261818212630384,0.33261818212630384,0.33261818212630384
22501038,2026-03-23,1340,3,1,9,57,Jump Shot,3PT Field Goal,27,Above the Break 3,Right Side Center(RC),24+ ft.,97,261,1,Made Shot,1,0.3333333333333333,0.4,0.2,0.4756682659355723,0.476027397260274,0.5544551657313577,0.6426904598490049,0.7790540962126411,0.07878689979578535,0.16702219391343254,0.3033858302770688
22501038,2026-03-23,1341,4,1,9,23,Pullup Jump shot,3PT Field Goal,28,Above the Break 3,Right Side Center(RC),24+ ft.,191,205,0,Missed Shot,2,0.6666666666666666,0.6,0.3,0.476027397260274,0.4757015742642026,0.6860694552827946,0.7708955880541328,0.8363841535426986,0.21004205802252063,0.29486819079385884,0.3603567562824246
22501038,2026-03-23,1342,5,1,9,6,Running Pull-Up Jump Shot,3PT Field Goal,27,Above the Break 3,Left Side Center(LC),24+ ft.,-154,224,0,Missed Shot,-1,0.6666666666666666,0.4,0.3,0.4757015742642026,0.47537619699042405,0.47154952025168934,0.38406977019383237,0.2119973905420741,0.004152054012513284,0.09163180407037025,0.26370418372212856
22501038,2026-03-23,1343,6,1,8,25,Jump Shot,3PT Field Goal,27,Above the Break 3,Left Side Center(LC),24+ ft.,-108,258,0,Missed Shot,-2,0.3333333333333333,0.4,0.3,0.47537619699042405,0.4750512645249487,0.35296055468871484,0.2377438061147662,0.1496205291496978,0.1224156423017092,0.23763239087565785,0.32575566784072624
22501038,2026-03-23,1344,7,1,6,12,Cutting Layup Shot,2PT Field Goal,3,Restricted Area,Center(C),Less Than 8 ft.,-38,10,1,Made Shot,-3,0.0,0.4,0.3,0.4750512645249487,0.47540983606557374,0.28146856516083646,0.1804772344778847,0.1433834605420055,0.19358269936411227,0.29457403004706406,0.33166780398294327
22501038,2026-03-23,1345,8,1,3,47,Driving Layup Shot,2PT Field Goal,4,In The Paint (Non-RA),Center(C),Less Than 8 ft.,40,14,0,Missed Shot,1,0.3333333333333333,0.4,0.4,0.47540983606557374,0.4750853242320819,0.46494522549548467,0.5784572201090148,0.7727598228559411,0.010464610570089072,0.10304738404344105,0.2973499867903674
22501038,2026-03-23,1346,9,1,2,45,Pullup Jump shot,3PT Field Goal,30,Above the Break 3,Left Side Center(LC),24+ ft.,-211,225,1,Made Shot,-1,0.3333333333333333,0.2,0.4,0.4750853242320819,0.47544338335607095,0.3623546534800916,0.3168257011207246,0.2056973904790741,0.11273067075199028,0.15825962311135727,0.2693879337530078
22501038,2026-03-23,1347,10,1,0,47,Step Back Jump shot,3PT Field Goal,27,Above the Break 3,Left Side Center(LC),24+ ft.,-165,224,0,Missed Shot,1,0.6666666666666666,0.4,0.4,0.47544338335607095,0.47511929107021134,0.5125149030905687,0.6324272894204559,0.7789911534853056,0.03707151973449774,0.15698390606438495,0.3035477701292346
22501038,2026-03-23,1348,11,1,0,44,Driving Layup Shot,2PT Field Goal,4,In The Paint (Non-RA),Center(C),Less Than 8 ft.,38,16,1,Made Shot,-1,0.3333333333333333,0.4,0.4,0.47511929107021134,0.47547683923705725,0.3983424818049404,0.33855437686927015,0.2063205291553678,0.07677680926527092,0.1365649142009412,0.26879876191484353
22501038,2026-03-23,1349,12,2,6,38,Driving Floating Jump Shot,2PT Field Goal,11,In The Paint (Non-RA),Right Side(R),8-16 ft.,75,88,0,Missed Shot,1,0.6666666666666666,0.6,0.5,0.47547683923705725,0.47515316541865216,0.5343359096353733,0.6410487141892008,0.7790534667853684,0.058859070398316005,0.1655718749521436,0.3035766275483111
22501038,2026-03-23,1350,13,2,5,20,Driving Floating Jump Shot,2PT Field Goal,11,Mid-Range,Left Side(L),8-16 ft.,-89,78,0,Missed Shot,-1,0.3333333333333333,0.4,0.4,0.47515316541865216,0.4748299319727891,0.41519318604432975,0.34202874486246954,0.20632676054206842,0.0599599793743224,0.13312442055618262,0.2688264048765837
22501038,2026-03-23,1351,14,2,2,29,Fadeaway Jump Shot,2PT Field Goal,10,Mid-Range,Left Side(L),8-16 ft.,-105,-1,0,Missed Shot,-2,0.3333333333333333,0.4,0.3,0.4748299319727891,0.47450713800135963,0.3326425431761362,0.22242497120705268,0.14905408991830543,0.14218738879665294,0.25240496076573643,0.3257758420544837
22501038,2026-03-23,1352,15,2,1,12,Pullup Jump shot,3PT Field Goal,30,Above the Break 3,Left Side Center(LC),24+ ft.,-161,263,0,Missed Shot,-3,0.0,0.2,0.3,0.47450713800135963,0.4741847826086957,0.2752677893596228,0.17458413597045974,0.14332682285593482,0.1992393486417368,0.2999230020308999,0.3311803151454248
22501038,2026-03-23,1353,16,3,10,17,Pullup Jump shot,2PT Field Goal,15,In The Paint (Non-RA),Center(C),8-16 ft.,76,132,1,Made Shot,-4,0.0,0.2,0.3,0.4741847826086957,0.4745417515274949,0.2353048640604624,0.15544790975022033,0.1427540961496978,0.2388799185482333,0.31873687285847535,0.33143068645899787
22501038,2026-03-23,1354,17,3,8,32,Pullup Jump shot,2PT Field Goal,13,Mid-Range,Left Side(L),8-16 ft.,-85,106,0,Missed Shot,1,0.3333333333333333,0.2,0.4,0.4745417515274949,0.47421981004070557,0.41812811804765165,0.5677936169106237,0.7726968234790741,0.05641363347984324,0.0932518653831288,0.2981550719515792
22501038,2026-03-23,1355,18,3,8,23,Running Layup Shot,2PT Field Goal,4,In The Paint (Non-RA),Center(C),Less Than 8 ft.,39,-9,1,Made Shot,-1,0.3333333333333333,0.2,0.3,0.47421981004070557,0.4745762711864407,0.33530414675794173,0.31273167885434505,0.2056910962120117,0.13891566328276383,0.16148813118636052,0.26852871382869387
22501038,2026-03-23,1356,19,3,7,46,Step Back Jump shot,2PT Field Goal,9,In The Paint (Non-RA),Center(C),8-16 ft.,-18,96,1,Made Shot,1,0.6666666666666666,0.4,0.4,0.4745762711864407,0.4749322493224932,0.4877683154106888,0.6307069693022365,0.7789905234853054,0.013192044224248134,0.15613069811579577,0.3044142522988647
22501038,2026-03-23,1357,20,3,7,18,Step Back Jump shot,3PT Field Goal,26,Above the Break 3,Left Side Center(LC),24+ ft.,-164,209,0,Missed Shot,2,0.6666666666666666,0.6,0.4,0.4749322493224932,0.4746106973595125,0.594366468859996,0.7578970671264722,0.8363204662126347,0.11943421953750277,0.282964817803979,0.36138821689014144
22501038,2026-03-23,1358,21,3,2,18,Step Back Jump shot,3PT Field Goal,26,Above the Break 3,Left Side Center(LC),24+ ft.,-224,139,0,Missed Shot,-1,0.6666666666666666,0.6,0.4,0.4746106973595125,0.4742895805142084,0.458755459058629,0.38877309870143084,0.21205346048536777,0.01585523830088348,0.08583759865808166,0.26255723687414473
22501038,2026-03-23,1359,22,3,1,19,Driving Floating Jump Shot,2PT Field Goal,14,Mid-Range,Left Side(L),8-16 ft.,-147,16,0,Missed Shot,-2,0.3333333333333333,0.4,0.3,0.4742895805142084,0.47396889790398916,0.3638829686586135,0.24112351474060548,0.1496267599126411,0.11040661185559486,0.2331660657736029,0.32466282060156726
22501038,2026-03-23,1360,23,3,1,7,Running Layup Shot,2PT Field Goal,3,Restricted Area,Center(C),Less Than 8 ft.,36,-3,1,Made Shot,-3,0.0,0.4,0.3,0.47396889790398916,0.4743243243243243,0.2974992611740503,0.18206368170174592,0.14338408985536844,0.17646963672993887,0.29190521620224325,0.3305848080486207
22501038,2026-03-23,1361,24,3,0,32,Step Back Jump shot,3PT Field Goal,27,Above the Break 3,Center(C),24+ ft.,-16,278,1,Made Shot,1,0.3333333333333333,0.4,0.4,0.4743243243243243,0.474679270762998,0.461101396631633,0.578439748869026,0.7727598228496411,0.013222927692691289,0.10411542454470174,0.29843549852531676
22501038,2026-03-23,1362,25,4,6,43,Driving Floating Jump Shot,2PT Field Goal,9,Mid-Range,Left Side(L),8-16 ft.,-97,12,0,Missed Shot,2,0.6666666666666666,0.4,0.5,0.474679270762998,0.47435897435897434,0.5756000513901146,0.7369901755016413,0.8356973961490684,0.10092078062711662,0.26231090473864327,0.36101812538607037
22501038,2026-03-23,1363,26,4,5,57,Pullup Jump shot,2PT Field Goal,15,Mid-Range,Left Side(L),8-16 ft.,-147,37,1,Made Shot,-1,0.6666666666666666,0.4,0.5,0.47435897435897434,0.47471341874578554,0.445709754747699,0.3804103460699121,0.21199115347901115,0.02864921961127531,0.09394862828906225,0.2623678208799632
22501038,2026-03-23,1364,27,4,3,34,Step Back Jump shot,3PT Field Goal,26,Above the Break 3,Left Side Center(LC),24+ ft.,-221,155,0,Missed Shot,1,0.6666666666666666,0.6,0.5,0.47471341874578554,0.4743935309973046,0.5648151472733952,0.6577784143498593,0.7796205292120053,0.09010172852760967,0.18306499560407374,0.30490711046621977
22501038,2026-03-23,1365,28,4,0,12,Pullup Jump shot,2PT Field Goal,13,In The Paint (Non-RA),Left Side(L),8-16 ft.,-71,115,0,Missed Shot,-1,0.3333333333333333,0.6,0.5,0.4743935309973046,0.4740740740740741,0.4381694188560806,0.34872564164377917,0.20638346678530484,0.03622411214122401,0.1256678893535254,0.26801006421199974
22501038,2026-03-23,1366,29,4,0,1,Turnaround Fadeaway shot,3PT Field Goal,33,Above the Break 3,Left Side Center(LC),24+ ft.,-214,252,0,Missed Shot,-2,0.3333333333333333,0.4,0.4,0.4740740740740741,0.4737550471063257,0.3495216534761008,0.22510453256602378,0.1490597605426348,0.12455242059797328,0.2489695415080503,0.3250143135314393
22501052,2026-03-25,1367,1,1,10,56,Step Back Jump shot,3PT Field Goal,27,Above the Break 3,Center(C),24+ ft.,-48,266,1,Made Shot,-3,0.0,0.2,0.3,0.4756348661633493,0.47599451303155005,0.4756348661633493,0.4756348661633493,0.4756348661633493,0.0,0.0,0.0
22501052,2026-03-25,1368,2,1,10,31,Jump Shot,3PT Field Goal,27,Above the Break 3,Center(C),24+ ft.,-6,274,0,Missed Shot,1,0.3333333333333333,0.4,0.4,0.47599451303155005,0.4756682659355723,0.8426904598490048,0.8426904598490048,0.8426904598490048,0.36669594681745477,0.36669594681745477,0.36669594681745477
22501052,2026-03-25,1369,3,1,8,55,Turnaround Fadeaway shot,2PT Field Goal,14,Mid-Range,Right Side(R),8-16 ft.,142,0,0,Missed Shot,-1,0.3333333333333333,0.2,0.4,0.4756682659355723,0.47534246575342465,0.43092575396665184,0.3426904598490048,0.2063268234853684,0.044742511968920484,0.1329778060865675,0.2693414424502039
22501052,2026-03-25,1370,4,1,8,35,Jump Shot,3PT Field Goal,27,Above the Break 3,Right Side Center(RC),24+ ft.,165,218,1,Made Shot,-2,0.3333333333333333,0.2,0.4,0.47534246575342465,0.4757015742642026,0.29931146441521483,0.21448533164387662,0.1489967661553111,0.1760310013382098,0.26085713410954803,0.32634569959811355
22501052,2026-03-25,1371,5,1,7,34,Pullup Jump shot,2PT Field Goal,7,In The Paint (Non-RA),Center(C),Less Than 8 ft.,-70,22,1,Made Shot,1,0.3333333333333333,0.4,0.4,0.4757015742642026,0.47606019151846785,0.5138313994463202,0.6013111495041772,0.7733835291559354,0.03812982518211755,0.12560957523997457,0.2976819548917328
22501052,2026-03-25,1372,6,1,6,22,Step Back Jump shot,3PT Field Goal,26,Above the Break 3,Left Side Center(LC),24+ ft.,-186,187,0,Missed Shot,2,0.6666666666666666,0.6,0.4,0.47606019151846785,0.47573479152426523,0.6324203650092948,0.7476371135832434,0.8357603905483117,0.15636017349082693,0.2715769220647755,0.3597001990298439
22501052,2026-03-25,1373,7,1,5,27,Driving Layup Shot,2PT Field Goal,1,Restricted Area,Center(C),Less Than 8 ft.,10,-10,1,Made Shot,-1,0.6666666666666666,0.4,0.4,0.47573479152426523,0.4760928961748634,0.46591183093602123,0.38317628980851903,0.2119968291553741,0.009822960588244,0.0925585017157462,0.26373796236889113
22501052,2026-03-25,1374,8,1,2,55,Turnaround Fadeaway shot,2PT Field Goal,16,Mid-Range,Right Side Center(RC),16-24 ft.,129,103,1,Made Shot,1,0.6666666666666666,0.6,0.4,0.4760928961748634,0.4764505119453925,0.5890896420170245,0.6593372539564704,0.7796211535420741,0.11299674584216113,0.18324435778160697,0.3035282573672107
22501052,2026-03-25,1375,9,1,2,6,Step Back Jump shot,3PT Field Goal,26,Above the Break 3,Left Side Center(LC),24+ ft.,-124,234,1,Made Shot,2,0.6666666666666666,0.8,0.5,0.4764505119453925,0.4768076398362892,0.6698240662628885,0.7694213221869466,0.8363835297859354,0.19337355431749598,0.2929708102415541,0.35993301784054293
22501052,2026-03-25,1376,10,1,1,32,Fadeaway Jump Shot,2PT Field Goal,15,Mid-Range,Left Side(L),8-16 ft.,-116,104,0,Missed Shot,3,1.0,0.8,0.6,0.4768076398362892,0.47648261758691207,0.7238647196265853,0.8133943320448778,0.842059766848374,0.24705707979029606,0.33658669220858856,0.3652521270120848
22501052,2026-03-25,1377,11,1,1,8,Pullup Jump shot,2PT Field Goal,9,In The Paint (Non-RA),Right Side(R),8-16 ft.,56,73,1,Made Shot,-1,0.6666666666666666,0.6,0.6,0.47648261758691207,0.4768392370572207,0.5444442577282689,0.41092980726320016,0.21262739048599846,0.0679616401413568,0.06555281032371191,0.2638552271009136
22501052,2026-03-25,1378,12,1,0,14,Driving Finger Roll Layup Shot,2PT Field Goal,0,Restricted Area,Center(C),Less Than 8 ft.,6,6,1,Made Shot,1,0.6666666666666666,0.8,0.6,0.4768392370572207,0.4771953710006807,0.6357229972925678,0.669997064883032,0.7796841529183747,0.15888376023534706,0.1931578278258113,0.302844915861154
22501052,2026-03-25,1379,13,2,5,52,Turnaround Jump Shot,2PT Field Goal,4,In The Paint (Non-RA),Center(C),Less Than 8 ft.,6,43,1,Made Shot,2,0.6666666666666666,0.8,0.7,0.4771953710006807,0.4775510204081633,0.6986847071685585,0.773614840280415,0.8363898291559984,0.22148933616787775,0.29641946927973434,0.35919445815531764
22501052,2026-03-25,1380,14,2,5,24,Pullup Jump shot,2PT Field Goal,17,Mid-Range,Center(C),16-24 ft.,44,166,0,Missed Shot,3,1.0,0.8,0.8,0.4775510204081633,0.4772263766145479,0.7423091054506075,0.8150604901586169,0.8420603967797047,0.2647580850424442,0.33750946975045365,0.3645093763715414
22501052,2026-03-25,1381,15,2,4,34,Driving Floating Jump Shot,2PT Field Goal,12,Mid-Range,Left Side(L),8-16 ft.,-114,56,0,Missed Shot,-1,0.6666666666666666,0.6,0.7,0.4772263766145479,0.47690217391304346,0.5611951551711832,0.4116373890422086,0.21262745354206847,0.08396877855663532,0.06558898757233933,0.26459892307247945
22501052,2026-03-25,1382,16,2,4,30,Pullup Jump shot,2PT Field Goal,5,In The Paint (Non-RA),Center(C),Less Than 8 ft.,20,52,0,Missed Shot,-2,0.3333333333333333,0.6,0.6,0.47690217391304346,0.47657841140529533,0.43504484019468,0.2502690582583605,0.1496841592183111,0.041857333718363476,0.22663311565468297,0.32721801469473233
22501052,2026-03-25,1383,17,2,2,34,Pullup Jump shot,2PT Field Goal,10,In The Paint (Non-RA),Right Side(R),8-16 ft.,56,89,1,Made Shot,-3,0.0,0.4,0.6,0.47657841140529533,0.4769335142469471,0.3470460804236092,0.18572187148994146,0.14338982978593542,0.12953233098168615,0.2908565399153539,0.33318858161935994
22501052,2026-03-25,1384,18,2,1,13,Turnaround Bank shot,2PT Field Goal,2,Restricted Area,Center(C),Less Than 8 ft.,-25,0,0,Missed Shot,1,0.3333333333333333,0.4,0.6,0.4769335142469471,0.4766101694915254,0.49608610683070536,0.5799030922251975,0.7727603968426977,0.019152592583758288,0.10296957797825046,0.29582688259575063
22501052,2026-03-25,1385,19,3,11,4,Step Back Jump shot,3PT Field Goal,30,Above the Break 3,Left Side Center(LC),24+ ft.,-192,237,0,Missed Shot,-1,0.3333333333333333,0.2,0.5,0.4766101694915254,0.47628726287262874,0.38989448886151,0.31757549477246666,0.2056974535483741,0.08671568063001539,0.15903467471905874,0.2709127159431513
22501052,2026-03-25,1386,20,3,8,56,Turnaround Fadeaway shot,2PT Field Goal,9,In The Paint (Non-RA),Right Side(R),8-16 ft.,67,73,1,Made Shot,-2,0.3333333333333333,0.2,0.4,0.47628726287262874,0.4766418415707515,0.3156486481020818,0.21264447093406752,0.14899115921894174,0.16063861477054692,0.2636427919385612,0.327296103653687
22501052,2026-03-25,1387,21,3,7,21,Jump Shot,3PT Field Goal,27,Above the Break 3,Right Side Center(RC),24+ ft.,99,258,0,Missed Shot,1,0.3333333333333333,0.4,0.5,0.4766418415707515,0.476319350473613,0.47388745395551146,0.5906720684394872,0.7733205297859984,0.0027543876152400504,0.11403022686873565,0.2966786882152469
22501052,2026-03-25,1388,22,3,5,55,Step Back Jump shot,3PT Field Goal,25,Left Corner 3,Left Side(L),24+ ft.,-240,86,0,Missed Shot,-1,0.3333333333333333,0.4,0.4,0.476319350473613,0.4759972954699121,0.3744728280954559,0.3218831021030514,0.20575346684270415,0.10184652237815711,0.15443624837056164,0.27056588363090883
22501052,2026-03-25,1389,23,3,5,31,Running Pull-Up Jump Shot,2PT Field Goal,14,Mid-Range,Right Side(R),8-16 ft.,126,73,1,Made Shot,-2,0.3333333333333333,0.2,0.3,0.4759972954699121,0.47635135135135137,0.30491092016033816,0.21436751656148004,0.14899676054837474,0.17108637530957393,0.2616297789084321,0.32700053492153736
22501052,2026-03-25,1390,24,3,4,37,Pullup Jump shot,3PT Field Goal,27,Above the Break 3,Right Side Center(RC),24+ ft.,165,218,0,Missed Shot,1,0.3333333333333333,0.4,0.3,0.47635135135135137,0.47602970965563807,0.46628894921197167,0.5913612827992807,0.7733210899189418,0.0100624021393797,0.11500993144792931,0.2969697385675904
22501052,2026-03-25,1391,25,3,4,2,Driving Finger Roll Layup Shot,2PT Field Goal,2,Restricted Area,Center(C),Less Than 8 ft.,6,21,1,Made Shot,-1,0.3333333333333333,0.4,0.3,0.47602970965563807,0.47638326585695007,0.36919080022013295,0.3221587889533414,0.2057535228559985,0.10683890943550511,0.1538709207022967,0.2702761867996396
22501052,2026-03-25,1392,26,3,2,21,Fadeaway Bank shot,2PT Field Goal,14,Mid-Range,Left Side(L),8-16 ft.,-113,92,0,Missed Shot,1,0.6666666666666666,0.4,0.4,0.47638326585695007,0.476062036412677,0.5112597505299035,0.6344777915259034,0.7789967661497041,0.0348764846729534,0.15809452566895338,0.3026135002927541
22501052,2026-03-25,1393,27,3,1,26,Driving Layup Shot,2PT Field Goal,2,Restricted Area,Center(C),Less Than 8 ft.,5,25,1,Made Shot,-1,0.3333333333333333,0.4,0.4,0.476062036412677,0.47641509433962265,0.40067858254023164,0.3394053925064754,0.2063210904790747,0.07538345387244538,0.13665664390620164,0.2697409459336023
22501052,2026-03-25,1394,28,3,0,38,Running Pull-Up Jump Shot,3PT Field Goal,28,Above the Break 3,Center(C),24+ ft.,17,286,1,Made Shot,1,0.6666666666666666,0.6,0.4,0.47641509433962265,0.4767676767676768,0.5332908599988939,0.6413764329174327,0.7790535229120117,0.05687576565927127,0.1649613385778101,0.30263842857238904
22501052,2026-03-25,1395,29,4,5,35,Running Jump Shot,3PT Field Goal,28,Above the Break 3,Right Side Center(RC),24+ ft.,199,207,0,Missed Shot,2,0.6666666666666666,0.6,0.5,0.4767676767676768,0.47644683714670255,0.6261150097398418,0.7621648490772464,0.8363267661553053,0.14934733297216501,0.28539717230956957,0.35955908938762854
22501052,2026-03-25,1396,30,4,2,4,Fadeaway Jump Shot,2PT Field Goal,19,Mid-Range,Left Side Center(LC),16-24 ft.,-138,141,0,Missed Shot,-1,0.6666666666666666,0.6,0.5,0.47644683714670255,0.4761264290517821,0.4810829748777524,0.3904802155392302,0.21205409047963486,0.004636137731049872,0.08596662160747237,0.2643927466670677
22501075,2026-03-27,1397,1,1,11,19,Driving Floating Bank Jump Shot,2PT Field Goal,6,In The Paint (Non-RA),Center(C),Less Than 8 ft.,62,22,1,Made Shot,-2,0.3333333333333333,0.4,0.4,0.4756348661633493,0.47599451303155005,0.4756348661633493,0.4756348661633493,0.4756348661633493,0.0,0.0,0.0
22501075,2026-03-27,1398,2,1,10,30,Fadeaway Jump Shot,2PT Field Goal,12,In The Paint (Non-RA),Center(C),8-16 ft.,23,120,1,Made Shot,1,0.3333333333333333,0.6,0.5,0.47599451303155005,0.47635366689513364,0.8426904598490048,0.8426904598490048,0.8426904598490048,0.36669594681745477,0.36669594681745477,0.36669594681745477
22501075,2026-03-27,1399,3,1,10,6,Driving Floating Jump Shot,2PT Field Goal,13,In The Paint (Non-RA),Center(C),8-16 ft.,-27,137,0,Missed Shot,2,0.6666666666666666,0.6,0.6,0.47635366689513364,0.476027397260274,0.8426904598490048,0.8426904598490048,0.8426904598490048,0.36633679295387117,0.36633679295387117,0.36633679295387117
22501075,2026-03-27,1400,4,1,8,46,Step Back Jump shot,3PT Field Goal,25,Above the Break 3,Left Side Center(LC),24+ ft.,-196,168,1,Made Shot,-1,0.6666666666666666,0.4,0.5,0.476027397260274,0.47638603696098564,0.5230557566526577,0.3939725111310561,0.21205982921837416,0.0470283593923837,0.08205488612921791,0.2639675680418998
22501075,2026-03-27,1401,5,1,6,27,Driving Floating Jump Shot,2PT Field Goal,11,In The Paint (Non-RA),Center(C),8-16 ft.,12,111,1,Made Shot,1,0.6666666666666666,0.6,0.6,0.47638603696098564,0.47674418604651164,0.6492439537297785,0.6702766667455564,0.7796841592189416,0.17285791676879286,0.19389062978457078,0.303298122257956
22501075,2026-03-27,1402,6,1,5,12,Fadeaway Jump Shot,2PT Field Goal,6,In The Paint (Non-RA),Center(C),Less Than 8 ft.,-58,24,0,Missed Shot,2,0.6666666666666666,0.8,0.6,0.47674418604651164,0.4764183185235817,0.7190021687668222,0.774795212516318,0.8363903968483748,0.24225798272031057,0.29805102646980636,0.35964621080186315
22501075,2026-03-27,1403,7,1,2,7,Pullup Jump shot,2PT Field Goal,14,Mid-Range,Right Side(R),8-16 ft.,132,66,0,Missed Shot,-1,0.6666666666666666,0.6,0.6,0.4764183185235817,0.4760928961748634,0.5230557566526577,0.3939725111310561,0.21205982921837413,0.046637438129076,0.0824458073925256,0.26435848930520756
22501075,2026-03-27,1404,8,1,1,50,Driving Floating Bank Jump Shot,2PT Field Goal,4,In The Paint (Non-RA),Center(C),Less Than 8 ft.,28,34,1,Made Shot,-2,0.3333333333333333,0.4,0.5,0.4760928961748634,0.4764505119453925,0.3987053793326355,0.24295585467188263,0.14962739054269786,0.07738751684222789,0.23313704150298076,0.32646550563216553
22501075,2026-03-27,1405,9,1,1,30,Running Layup Shot,2PT Field Goal,4,In The Paint (Non-RA),Center(C),Less Than 8 ft.,-10,40,0,Missed Shot,1,0.3333333333333333,0.6,0.5,0.4764505119453925,0.4761255115961801,0.5400490869581809,0.6030325976724487,0.7733841591559418,0.06359857501278837,0.12658208572705615,0.2969336472105493
22501075,2026-03-27,1406,10,1,0,34,Step Back Jump shot,3PT Field Goal,25,Above the Break 3,Center(C),24+ ft.,69,247,1,Made Shot,-1,0.3333333333333333,0.4,0.5,0.4761255115961801,0.47648261758691207,0.41582876059391255,0.32675489043509637,0.20575982921207414,0.06029675100226756,0.14937062116108374,0.27036568238410597
22501075,2026-03-27,1407,11,2,6,25,Jump Shot,3PT Field Goal,25,Above the Break 3,Left Side Center(LC),24+ ft.,-178,178,1,Made Shot,1,0.6666666666666666,0.4,0.6,0.47648261758691207,0.4768392370572207,0.5476097573578771,0.6363486953467993,0.7789973968426354,0.07112713977096502,0.1598660777598872,0.3025147792557233
22501075,2026-03-27,1408,12,2,5,13,Pullup Jump shot,2PT Field Goal,20,Mid-Range,Right Side Center(RC),16-24 ft.,136,157,1,Made Shot,2,0.6666666666666666,0.6,0.6,0.4768392370572207,0.4771953710006807,0.6379196905661277,0.7601589470264611,0.836321153548941,0.16108045350890704,0.28331970996924044,0.3594819164917203
22501075,2026-03-27,1409,13,2,4,48,Step Back Jump shot,3PT Field Goal,25,Above the Break 3,Left Side Center(LC),24+ ft.,-172,192,0,Missed Shot,3,1.0,0.8,0.6,0.4771953710006807,0.47687074829931975,0.700213142915703,0.8096786855233364,0.8420535292190039,0.2230177719150223,0.3324833145226557,0.3648581582183232
22501075,2026-03-27,1410,14,2,2,37,Jump Shot,3PT Field Goal,28,Above the Break 3,Left Side Center(LC),24+ ft.,-93,269,0,Missed Shot,-1,0.6666666666666666,0.6,0.6,0.47687074829931975,0.47654656696125086,0.5313199485490272,0.40948306445138666,0.21262676678594178,0.05444920024970745,0.06738768384793309,0.26424398151337797
22501075,2026-03-27,1411,15,2,0,36,Step Back Jump shot,3PT Field Goal,29,Above the Break 3,Center(C),24+ ft.,56,294,1,Made Shot,-2,0.3333333333333333,0.6,0.5,0.47654656696125086,0.47690217391304346,0.4139349699299671,0.24940707198923723,0.14968409054269788,0.06261159703128377,0.22713949497201363,0.326862476418553
22501075,2026-03-27,1412,16,3,10,35,Driving Floating Jump Shot,2PT Field Goal,8,Mid-Range,Right Side(R),8-16 ft.,85,8,1,Made Shot,1,0.3333333333333333,0.6,0.5,0.47690217391304346,0.4772572980312288,0.5431751928133761,0.6053774869254205,0.7733898229183747,0.06627301890033266,0.12847531301237702,0.2964876490053312
22501075,2026-03-27,1413,17,3,6,31,Driving Floating Jump Shot,2PT Field Goal,4,In The Paint (Non-RA),Center(C),Less Than 8 ft.,-6,48,1,Made Shot,2,0.6666666666666666,0.6,0.6,0.4772572980312288,0.47761194029850745,0.6333293817140944,0.7477653318346849,0.8357603961559419,0.15607208368286557,0.27050803380345606,0.3585030981247131
22501075,2026-03-27,1414,18,3,4,18,Running Pull-Up Jump Shot,3PT Field Goal,26,Above the Break 3,Right Side Center(RC),24+ ft.,131,230,0,Missed Shot,3,1.0,0.6,0.7,0.47761194029850745,0.47728813559322036,0.6962841571722953,0.8047204184280861,0.8419974534796983,0.21867221687378785,0.3271084781295786,0.3643855131811909
22501075,2026-03-27,1415,19,3,2,35,Driving Layup Shot,2PT Field Goal,3,Restricted Area,Center(C),Less Than 8 ft.,13,31,1,Made Shot,-1,0.6666666666666666,0.6,0.6,0.47728813559322036,0.47764227642276424,0.5299351630112175,0.4075024159840241,0.21262115921207414,0.052647027417997094,0.06978571960919627,0.2646669763811462
22501075,2026-03-27,1416,20,3,1,39,Fadeaway Jump Shot,2PT Field Goal,10,In The Paint (Non-RA),Center(C),8-16 ft.,-37,96,0,Missed Shot,1,0.6666666666666666,0.8,0.7,0.47764227642276424,0.47731888964116453,0.6238688260605014,0.6686152494804274,0.7796835297853117,0.14622654963773718,0.19097297305766314,0.3020412533625475
22501075,2026-03-27,1417,21,3,1,32,Jump Shot,3PT Field Goal,27,Above the Break 3,Left Side Center(LC),24+ ft.,-169,223,0,Missed Shot,-1,0.3333333333333333,0.6,0.6,0.47731888964116453,0.4769959404600812,0.47940004127958313,0.3530603722320113,0.2063897668426355,0.002081151638418599,0.12425851740915322,0.27092912279852904
22501075,2026-03-27,1418,22,3,0,34,Fadeaway Jump Shot,2PT Field Goal,9,Mid-Range,Right Side(R),8-16 ft.,86,28,1,Made Shot,-2,0.3333333333333333,0.4,0.5,0.4769959404600812,0.47734956051386074,0.37833071499622833,0.2268384242470774,0.14906039054836787,0.09866522546385287,0.2501575162130038,0.32793554991171336
22501075,2026-03-27,1419,23,4,5,25,Pullup Jump shot,2PT Field Goal,10,In The Paint (Non-RA),Center(C),8-16 ft.,-9,105,1,Made Shot,1,0.3333333333333333,0.4,0.5,0.47734956051386074,0.4777027027027027,0.5176931266611122,0.5963496462582848,0.7733274529189411,0.040343566147251486,0.11900008574442406,0.2959778924050804
22501075,2026-03-27,1420,24,4,3,13,Jump Shot,3PT Field Goal,26,Above the Break 3,Center(C),24+ ft.,-42,262,0,Missed Shot,2,0.6666666666666666,0.6,0.6,0.4777027027027027,0.4773801485482782,0.6152190182323354,0.7441541345167249,0.8357541591559983,0.13751631552963267,0.26645143181402214,0.35805145645329556
22501075,2026-03-27,1421,25,4,1,29,Step Back Jump shot,3PT Field Goal,27,Above the Break 3,Left Side Center(LC),24+ ft.,-189,194,1,Made Shot,-1,0.6666666666666666,0.4,0.6,0.4773801485482782,0.4777327935222672,0.4734332872323989,0.3832759296145146,0.21199682977970413,0.003946861315879291,0.09410421893376358,0.2653833187685741
22501103,2026-03-31,1422,1,1,10,56,Fadeaway Jump Shot,2PT Field Goal,13,In The Paint (Non-RA),Center(C),8-16 ft.,-59,123,0,Missed Shot,1,0.6666666666666666,0.6,0.6,0.4756348661633493,0.47530864197530864,0.4756348661633493,0.4756348661633493,0.4756348661633493,0.0,0.0,0.0
22501103,2026-03-31,1423,2,1,10,21,Driving Floating Jump Shot,2PT Field Goal,9,In The Paint (Non-RA),Center(C),8-16 ft.,36,90,0,Missed Shot,-1,0.3333333333333333,0.6,0.5,0.47530864197530864,0.47498286497601094,0.1426904598490048,0.1426904598490048,0.1426904598490048,0.33261818212630384,0.33261818212630384,0.33261818212630384
22501103,2026-03-31,1424,3,1,7,40,Jump Shot,3PT Field Goal,30,Above the Break 3,Center(C),24+ ft.,36,301,0,Missed Shot,-2,0.3333333333333333,0.4,0.4,0.47498286497601094,0.47465753424657536,0.1426904598490048,0.1426904598490048,0.1426904598490048,0.33229240512700614,0.33229240512700614,0.33229240512700614
22501103,2026-03-31,1425,4,1,6,56,Fadeaway Jump Shot,2PT Field Goal,16,Mid-Range,Left Side(L),16-24 ft.,-162,23,1,Made Shot,-3,0.0,0.2,0.4,0.47465753424657536,0.4750171115674196,0.1426904598490048,0.1426904598490048,0.1426904598490048,0.33196707439757056,0.33196707439757056,0.33196707439757056
22501103,2026-03-31,1426,5,1,5,57,Driving Layup Shot,2PT Field Goal,4,In The Paint (Non-RA),Center(C),Less Than 8 ft.,-5,47,1,Made Shot,1,0.3333333333333333,0.4,0.4,0.4750171115674196,0.47537619699042405,0.4190426114478994,0.5737249426076254,0.7727534661496349,0.05597450011952021,0.0987078310402058,0.2977363545822153
22501103,2026-03-31,1427,6,1,5,24,Step Back Jump shot,3PT Field Goal,25,Above the Break 3,Left Side Center(LC),24+ ft.,-218,129,0,Missed Shot,2,0.6666666666666666,0.4,0.5,0.47537619699042405,0.4750512645249487,0.5718131023790254,0.7367738740100134,0.8356973899183056,0.09643690538860133,0.2613976770195893,0.3603211929278815
22501103,2026-03-31,1428,7,1,4,51,Pullup Jump shot,2PT Field Goal,8,In The Paint (Non-RA),Center(C),8-16 ft.,-13,86,1,Made Shot,-1,0.6666666666666666,0.4,0.5,0.4750512645249487,0.47540983606557374,0.42591108293437563,0.37885780127950414,0.21199052914907407,0.049140181590573095,0.09619346324544459,0.26306073537587465
22501103,2026-03-31,1429,8,1,3,34,Pullup Jump shot,3PT Field Goal,25,Above the Break 3,Left Side Center(LC),24+ ft.,-142,217,0,Missed Shot,1,0.6666666666666666,0.6,0.5,0.47540983606557374,0.4750853242320819,0.5621660809955976,0.6576141107586551,0.7796205235420111,0.08675624493002387,0.18220427469308131,0.3042106874764373
22501103,2026-03-31,1430,9,1,2,16,Step Back Jump shot,3PT Field Goal,25,Above the Break 3,Right Side Center(RC),24+ ft.,98,232,1,Made Shot,-1,0.3333333333333333,0.6,0.4,0.4750853242320819,0.47544338335607095,0.4286250181237743,0.3484573112127145,0.2063834604859348,0.04646030610830759,0.12662801301936738,0.2687018637461471
22501103,2026-03-31,1431,10,1,0,29,Step Back Jump shot,3PT Field Goal,27,Above the Break 3,Right Side Center(RC),24+ ft.,130,247,1,Made Shot,1,0.6666666666666666,0.6,0.5,0.47544338335607095,0.4758009543285617,0.5580681478262055,0.6450749569306078,0.7790597604853742,0.08262476447013456,0.16963157357453684,0.3036163771293032
22501103,2026-03-31,1432,11,2,5,17,Pullup Jump shot,2PT Field Goal,11,In The Paint (Non-RA),Left Side(L),8-16 ft.,-65,97,0,Missed Shot,2,0.6666666666666666,0.6,0.5,0.4758009543285617,0.47547683923705725,0.6459369166688604,0.7636566928778812,0.8363273899183685,0.17013596234029876,0.2878557385493195,0.36052643558980685
22501103,2026-03-31,1433,12,2,4,46,Turnaround Fadeaway shot,2PT Field Goal,10,Mid-Range,Right Side(R),8-16 ft.,108,8,0,Missed Shot,-1,0.6666666666666666,0.6,0.5,0.47547683923705725,0.47515316541865216,0.4919175127600047,0.3910613252781483,0.21205415284969842,0.01644067352294748,0.08441551395890895,0.26342268638735883
22501103,2026-03-31,1434,13,2,4,15,Pullup Jump shot,3PT Field Goal,26,Above the Break 3,Center(C),24+ ft.,-34,265,1,Made Shot,-2,0.3333333333333333,0.4,0.5,0.47515316541865216,0.47551020408163264,0.38567891798458753,0.24203630579572097,0.14962682914901174,0.08947424743406462,0.2331168596229312,0.32552633626964045
22501103,2026-03-31,1435,14,2,1,2,Pullup Jump shot,2PT Field Goal,9,In The Paint (Non-RA),Center(C),8-16 ft.,12,92,0,Missed Shot,1,0.3333333333333333,0.6,0.6,0.47551020408163264,0.4751869476546567,0.5241237589072074,0.6024312167969981,0.7733840967790679,0.04861355482557478,0.12692101271536543,0.2978738926974353
22501103,2026-03-31,1436,15,2,0,37,Step Back Jump shot,3PT Field Goal,25,Above the Break 3,Left Side Center(LC),24+ ft.,-195,165,1,Made Shot,-1,0.3333333333333333,0.4,0.5,0.4751869476546567,0.47554347826086957,0.408912379028864,0.32658602216189603,0.2057598235420054,0.06627456862579267,0.14860092549276066,0.2694271241126513
22501103,2026-03-31,1437,16,3,10,52,Step Back Jump shot,3PT Field Goal,24,Above the Break 3,Left Side Center(LC),24+ ft.,-145,199,0,Missed Shot,1,0.6666666666666666,0.4,0.5,0.47554347826086957,0.47522063815342835,0.5396665668241469,0.6362490172722705,0.7789973962183054,0.06412308856327736,0.1607055390114009,0.30345391795743587
22501103,2026-03-31,1438,17,3,7,0,Fadeaway Jump Shot,2PT Field Goal,11,Mid-Range,Left Side(L),8-16 ft.,-110,8,1,Made Shot,-1,0.3333333333333333,0.4,0.5,0.47522063815342835,0.4755766621438263,0.4201766346696988,0.34011375562918467,0.20632115348593477,0.055044003483729564,0.1351068825242437,0.2688994846674936
22501103,2026-03-31,1439,18,3,6,39,Driving Reverse Layup Shot,2PT Field Goal,2,Restricted Area,Center(C),Less Than 8 ft.,-23,4,1,Made Shot,1,0.6666666666666666,0.6,0.5,0.4755766621438263,0.4759322033898305,0.5472263386027693,0.6416598299662978,0.7790535292126977,0.07164967645894293,0.16608316782247146,0.30347686706887134
22501103,2026-03-31,1440,19,3,5,21,Pullup Jump shot,3PT Field Goal,29,Above the Break 3,Right Side Center(RC),24+ ft.,163,245,1,Made Shot,2,0.6666666666666666,0.6,0.6,0.4759322033898305,0.47628726287262874,0.6360101517452355,0.7622782161847543,0.836326766785374,0.16007794835540495,0.28634601279492383,0.3603945633955435
22501103,2026-03-31,1441,20,3,2,52,Turnaround Fadeaway shot,2PT Field Goal,12,Mid-Range,Left Side(L),8-16 ft.,-123,37,0,Missed Shot,3,1.0,0.8,0.6,0.47628726287262874,0.47596479350033855,0.6980850026482754,0.8105255637095177,0.8420540905426417,0.2217977397756467,0.33423830083688894,0.36576682767001295
22501103,2026-03-31,1442,21,3,1,25,Fadeaway Jump Shot,2PT Field Goal,9,In The Paint (Non-RA),Center(C),8-16 ft.,4,98,1,Made Shot,-1,0.6666666666666666,0.6,0.5,0.47596479350033855,0.476319350473613,0.5313335850733278,0.4098244969874551,0.21262682291836846,0.055368791572989295,0.06614029651288345,0.26333797058197006
22501103,2026-03-31,1443,22,3,1,3,Pullup Jump shot,3PT Field Goal,33,Above the Break 3,Right Side Center(RC),24+ ft.,141,305,0,Missed Shot,1,0.6666666666666666,0.8,0.6,0.476319350473613,0.4759972954699121,0.6247928487912409,0.6695440758466438,0.779684096155941,0.14847349831762785,0.19322472537303076,0.303364745682328
22501103,2026-03-31,1444,23,4,3,26,Step Back Jump shot,3PT Field Goal,26,Above the Break 3,Left Side Center(LC),24+ ft.,-170,197,0,Missed Shot,-1,0.3333333333333333,0.6,0.6,0.4759972954699121,0.4756756756756757,0.48010556196862186,0.35343190569195,0.20638982347969842,0.004108266498709767,0.12256538977796211,0.2696074719902137
22501103,2026-03-31,1445,24,4,2,26,Pullup Jump shot,3PT Field Goal,25,Above the Break 3,Center(C),24+ ft.,-72,242,1,Made Shot,-2,0.3333333333333333,0.4,0.5,0.4756756756756757,0.47602970965563807,0.37885331986241855,0.22698703809720522,0.14906039621207418,0.09682235581325715,0.24868863757847048,0.3266152794636015
22501103,2026-03-31,1446,25,4,1,39,Jump Shot,3PT Field Goal,27,Above the Break 3,Left Side Center(LC),24+ ft.,-165,220,0,Missed Shot,1,0.3333333333333333,0.4,0.6,0.47602970965563807,0.4757085020242915,0.5180311257138202,0.5964090912522679,0.7733274534853116,0.042001416058182084,0.12037938159662986,0.29729774382967356
22501103,2026-03-31,1447,26,4,1,24,Running Dunk Shot,2PT Field Goal,0,Restricted Area,Center(C),Less Than 8 ft.,1,3,1,Made Shot,-1,0.3333333333333333,0.4,0.5,0.4757085020242915,0.476062036412677,0.4054138232013325,0.32417791237965954,0.20575415921263546,0.07029467882295898,0.15153058964463195,0.26995434281165603
22501116,2026-04-02,1448,1,1,11,40,Pullup Jump shot,2PT Field Goal,13,In The Paint (Non-RA),Center(C),8-16 ft.,45,131,0,Missed Shot,1,0.6666666666666666,0.4,0.6,0.4756348661633493,0.47530864197530864,0.4756348661633493,0.4756348661633493,0.4756348661633493,0.0,0.0,0.0
22501116,2026-04-02,1449,2,1,9,35,Step Back Jump shot,3PT Field Goal,26,Above the Break 3,Left Side Center(LC),24+ ft.,-212,154,0,Missed Shot,-1,0.3333333333333333,0.4,0.5,0.47530864197530864,0.47498286497601094,0.1426904598490048,0.1426904598490048,0.1426904598490048,0.33261818212630384,0.33261818212630384,0.33261818212630384
22501116,2026-04-02,1450,3,1,5,55,Running Pull-Up Jump Shot,3PT Field Goal,25,Above the Break 3,Left Side Center(LC),24+ ft.,-194,159,0,Missed Shot,-2,0.3333333333333333,0.4,0.4,0.47498286497601094,0.47465753424657536,0.1426904598490048,0.1426904598490048,0.1426904598490048,0.33229240512700614,0.33229240512700614,0.33229240512700614
22501116,2026-04-02,1451,4,1,5,29,Jump Shot,3PT Field Goal,27,Above the Break 3,Left Side Center(LC),24+ ft.,-147,227,0,Missed Shot,-3,0.0,0.2,0.3,0.47465753424657536,0.47433264887063653,0.1426904598490048,0.1426904598490048,0.1426904598490048,0.33196707439757056,0.33196707439757056,0.33196707439757056
22501116,2026-04-02,1452,5,1,2,57,Running Layup Shot,2PT Field Goal,2,Restricted Area,Center(C),Less Than 8 ft.,-1,25,1,Made Shot,-4,0.0,0.2,0.3,0.47433264887063653,0.4746922024623803,0.1426904598490048,0.1426904598490048,0.1426904598490048,0.33164218902163173,0.33164218902163173,0.33164218902163173
22501116,2026-04-02,1453,6,1,1,11,Pullup Jump shot,3PT Field Goal,26,Above the Break 3,Left Side Center(LC),24+ ft.,-138,221,0,Missed Shot,1,0.3333333333333333,0.2,0.3,0.4746922024623803,0.47436773752563227,0.39511554369019336,0.5670357556782967,0.7726967599120054,0.07957665877218695,0.09234355321591636,0.29800455744962506
22501116,2026-04-02,1454,7,2,5,17,Pullup Jump shot,3PT Field Goal,26,Above the Break 3,Left Side Center(LC),24+ ft.,-124,231,1,Made Shot,-1,0.3333333333333333,0.2,0.3,0.47436773752563227,0.47472677595628415,0.30929082636981114,0.31138141801364716,0.20569052284906778,0.16507691115582113,0.1629863195119851,0.26867721467656447
22501116,2026-04-02,1455,8,2,3,3,Step Back Jump shot,3PT Field Goal,22,Right Corner 3,Right Side(R),24+ ft.,223,37,0,Missed Shot,1,0.6666666666666666,0.4,0.4,0.47472677595628415,0.47440273037542663,0.48367173399435304,0.6306899982927912,0.7789905234790111,0.008944958038068884,0.155963222336507,0.30426374752272695
22501116,2026-04-02,1456,9,2,2,2,Jump Shot,3PT Field Goal,25,Above the Break 3,Right Side Center(RC),24+ ft.,213,132,0,Missed Shot,-1,0.3333333333333333,0.4,0.3,0.47440273037542663,0.4740791268758527,0.3751195334056914,0.3376982601610172,0.20632046048530478,0.09928319696973525,0.1367044702144094,0.26808226989012185
22501116,2026-04-02,1457,10,3,9,38,Pullup Jump shot,2PT Field Goal,14,In The Paint (Non-RA),Center(C),8-16 ft.,-45,138,1,Made Shot,-2,0.3333333333333333,0.4,0.3,0.4740791268758527,0.47443762781186094,0.3024586839765351,0.2206628998563181,0.1490534598553678,0.1716204428993176,0.2534162270195346,0.32502566702048485
